case,cores,status,seconds,single,makespan,speedup,added_copy_bytes,used_cores,official_evaluations,selected,plan,error
case_001,2,ok,8.010160207748413,233110,116868,1.9946435294520313,1152,2,88,v8_wcc_active2,/mnt/165d5ea0-c4bf-423a-a83b-e5fb727cf65f/lw/A/p2_v7_1/A题_problem2_solver_v7_1_allcase_plans/case_001_2core.json,
case_001,3,ok,8.081467151641846,233110,78545,2.9678528232223567,2304,3,92,v8_wcc_active3,/mnt/165d5ea0-c4bf-423a-a83b-e5fb727cf65f/lw/A/p2_v7_1/A题_problem2_solver_v7_1_allcase_plans/case_001_3core.json,
case_001,4,ok,7.220099449157715,233110,58984,3.952088702020887,3456,4,89,v8_wcc_active4,/mnt/165d5ea0-c4bf-423a-a83b-e5fb727cf65f/lw/A/p2_v7_1/A题_problem2_solver_v7_1_allcase_plans/case_001_4core.json,
case_001,5,ok,7.185587406158447,233110,47502,4.9073723211654245,4608,5,90,v8_wcc_active5,/mnt/165d5ea0-c4bf-423a-a83b-e5fb727cf65f/lw/A/p2_v7_1/A题_problem2_solver_v7_1_allcase_plans/case_001_5core.json,
case_002,2,ok,51.33903503417969,261945,120844,2.1676293403065108,357888,2,197,v8_frontier6|fine_time+ls_move_u1761->c0+ls_resort+ls_move_u1561->c0+ls_move_u60->c1+ls_move_u130->c1+ls_move_u1546->c1+focused_unblock_pipe_retime_r0+focused_unblock_pipe_retime_r1+focused_unblock_pipe_retime_r2+order_2169_-1_r0+order_2097_-1_r1,/mnt/165d5ea0-c4bf-423a-a83b-e5fb727cf65f/lw/A/p2_v7_1/A题_problem2_solver_v7_1_allcase_plans/case_002_2core.json,
case_002,3,ok,55.76430606842041,261945,81176,3.2268774021878386,781824,3,201,slack_t0.5_c1.0_a3|fine_time+ls_move_u252->c2+ls_move_u57->c1+ls_move_u73->c1+focused_unblock_pipe_retime_r0+focused_unblock_pipe_retime_r1+focused_unblock_pipe_retime_r2+pair_shift_pair_retime_r0+focused_wide_unblock_pipe_retime_r0+focused_wide_swap_pipe_r1,/mnt/165d5ea0-c4bf-423a-a83b-e5fb727cf65f/lw/A/p2_v7_1/A题_problem2_solver_v7_1_allcase_plans/case_002_3core.json,
case_002,4,ok,49.34665036201477,261945,61700,4.24546191247974,499200,4,194,v8_frontier6|fine_win64+ls_move_u1599->c2+ls_move_u1494->c2+ls_move_u1493->c2+ls_move_u1492->c2+ls_move_u1598->c2+ls_move_u1458->c3+ls_move_u1457->c2+focused_unblock_pipe_retime_r0+focused_unblock_pipe_retime_r1+focused_unblock_pipe_retime_r2+pair_shift_pair_retime_r0+pair_shift_pair_retime_r1+pair_shift_pair_retime_r2+pair_shift_pair_retime_r3,/mnt/165d5ea0-c4bf-423a-a83b-e5fb727cf65f/lw/A/p2_v7_1/A题_problem2_solver_v7_1_allcase_plans/case_002_4core.json,
case_002,5,ok,47.475956201553345,261945,50124,5.225939669619344,900096,5,181,slack_t0.5_c1.0_a5|fine_time+ls_move_u181->c3+ls_move_u138->c1+ls_move_u49->c0+ls_move_u50->c0+ls_move_u425->c0+ls_move_u1094->c0+focused_unblock_pipe_retime_r0+focused_join_source_r1,/mnt/165d5ea0-c4bf-423a-a83b-e5fb727cf65f/lw/A/p2_v7_1/A题_problem2_solver_v7_1_allcase_plans/case_002_5core.json,
case_003,2,ok,389.5678291320801,602212,252340,2.386510263929619,2690090,2,81,slack_t0.75_c1.5_a2|fine_time+ls_resort+ls_move_u0->c0+ls_resort+ls_move_u283->c1+ls_resort+ls_move_u692->c0+ls_move_u683->c0+focused_unblock_pipe_retime_r0+focused_swap_pipe_retime_r1+focused_unblock_pipe_retime_r2+focused_wide_swap_pipe_retime_r0+focused_wide_swap_pipe_retime_r1+focused_wide_unblock_pipe_r2+focused_wide_swap_pipe_retime_r0,/mnt/165d5ea0-c4bf-423a-a83b-e5fb727cf65f/lw/A/p2_v7_1/A题_problem2_solver_v7_1_allcase_plans/case_003_2core.json,
case_003,3,ok,353.66042494773865,602212,185681,3.2432612922162205,3152400,3,86,v8_level_aggressive_160_20|fine_time+ls_move_u628->c1+ls_move_u629->c2+focused_swap_pipe_retime_r0+focused_unblock_pipe_retime_r1+focused_swap_pipe_retime_r2+pair_shift_pair_retime_r0,/mnt/165d5ea0-c4bf-423a-a83b-e5fb727cf65f/lw/A/p2_v7_1/A题_problem2_solver_v7_1_allcase_plans/case_003_3core.json,
case_003,4,ok,324.32951378822327,602212,164268,3.6660335549224436,5571746,4,81,slack_t0.5_c1.0_a4|fine_time+ls_move_u639->c0+ls_resort+focused_unblock_pipe_retime_r0+focused_unblock_pipe_retime_r1+focused_unblock_pipe_r2+focused_wide_join_source_r0+focused_wide_unblock_pipe_r1+order_fine_r0+order_13652_-1_r1+order_13640_-1_r2,/mnt/165d5ea0-c4bf-423a-a83b-e5fb727cf65f/lw/A/p2_v7_1/A题_problem2_solver_v7_1_allcase_plans/case_003_4core.json,
case_003,5,ok,365.61634063720703,602212,150600,3.9987516600265605,5274468,5,91,v8_level_aggressive_160_20|fine_time+ls_resort+ls_resort+ls_move_u681->c4+ls_move_u680->c4+order_13345_-1_r0,/mnt/165d5ea0-c4bf-423a-a83b-e5fb727cf65f/lw/A/p2_v7_1/A题_problem2_solver_v7_1_allcase_plans/case_003_5core.json,
case_004,2,ok,17.701131105422974,392357,194802,2.014132298436361,2875392,2,126,slack_t0.75_c1.5_a2|fine_time~win256+focused_unblock_pipe_retime_r0,/mnt/165d5ea0-c4bf-423a-a83b-e5fb727cf65f/lw/A/p2_v7_1/A题_problem2_solver_v7_1_allcase_plans/case_004_2core.json,
case_004,3,ok,13.420970439910889,392357,130926,2.9967844431205415,2101248,3,117,v8_frontier6|fine_time,/mnt/165d5ea0-c4bf-423a-a83b-e5fb727cf65f/lw/A/p2_v7_1/A题_problem2_solver_v7_1_allcase_plans/case_004_3core.json,
case_004,4,ok,11.89321494102478,392357,100022,3.922707004459019,700416,4,118,v8_level_aggressive_160_20|fine_win4+ls_resort+focused_unblock_pipe_r0+focused_unblock_pipe_r1,/mnt/165d5ea0-c4bf-423a-a83b-e5fb727cf65f/lw/A/p2_v7_1/A题_problem2_solver_v7_1_allcase_plans/case_004_4core.json,
case_004,5,ok,11.245211362838745,392357,81107,4.837523271727471,565248,5,121,v8_level_aggressive_160_20|fine_win4+ls_resort+focused_unblock_pipe_r0+focused_unblock_pipe_r1+focused_swap_pipe_r2+focused_wide_unblock_pipe_r0+focused_wide_unblock_pipe_r1+focused_wide_join_target_r2+focused_wide_unblock_pipe_r3,/mnt/165d5ea0-c4bf-423a-a83b-e5fb727cf65f/lw/A/p2_v7_1/A题_problem2_solver_v7_1_allcase_plans/case_004_5core.json,
case_005,2,ok,146.02271366119385,95618,44347,2.1561323201118454,923974,2,186,v8_level_aggressive_96_30|fine_time+ls_move_u1266->c0+focused_unblock_pipe_retime_r0+focused_swap_pipe_retime_r1+focused_unblock_pipe_retime_r2+focused_wide_unblock_pipe_r0+focused_wide_unblock_pipe_r1+focused_wide_swap_pipe_r2+order_4126_-1_r0+order_4082_-1_r1,/mnt/165d5ea0-c4bf-423a-a83b-e5fb727cf65f/lw/A/p2_v7_1/A题_problem2_solver_v7_1_allcase_plans/case_005_2core.json,
case_005,3,ok,123.84033489227295,95618,35977,2.657753564777497,1252778,3,161,v8_level_aggressive_160_20|fine_time+ls_move_u1149->c1+ls_move_u976->c1+focused_unblock_pipe_retime_r0+focused_unblock_pipe_retime_r1+focused_unblock_pipe_retime_r2+pair_join_source_pair_r0+order_4161_-1_r0+order_4161_-1_r1+order_3168_-1_r2,/mnt/165d5ea0-c4bf-423a-a83b-e5fb727cf65f/lw/A/p2_v7_1/A题_problem2_solver_v7_1_allcase_plans/case_005_3core.json,
case_005,4,ok,126.40456676483154,95618,35877,2.6651615240962174,1252138,4,165,seed:case_005_3core.json+ls_move_u1150->c3+ls_move_u1140->c3+ls_move_u993->c1+focused_swap_pipe_r0,/mnt/165d5ea0-c4bf-423a-a83b-e5fb727cf65f/lw/A/p2_v7_1/A题_problem2_solver_v7_1_allcase_plans/case_005_4core.json,
case_005,5,ok,111.4560980796814,95618,35876,2.6652358122421673,1257612,4,142,seed:case_005_4core.json+ls_move_u985->c3,/mnt/165d5ea0-c4bf-423a-a83b-e5fb727cf65f/lw/A/p2_v7_1/A题_problem2_solver_v7_1_allcase_plans/case_005_5core.json,
case_006,2,ok,20.641059398651123,82837,36243,2.285599977926772,743780,2,182,v8_level_none_80_20|fine_win64+ls_resort+ls_move_u553->c1+ls_move_u554->c1+ls_move_u261->c1+ls_move_u256->c1+ls_move_u251->c1+ls_move_u246->c1+ls_move_u462->c1+ls_move_u552->c1+ls_move_u276->c1+ls_move_u271->c1+ls_move_u518->c0+ls_move_u241->c0+focused_unblock_pipe_retime_r0+focused_swap_pipe_retime_r1+focused_swap_pipe_retime_r2+pair_shift_pair_retime_r0+pair_shift_pair_retime_r1+pair_shift_pair_retime_r2+pair_shift_pair_retime_r3+pair_shift_pair_r4+focused_wide_swap_pipe_r0,/mnt/165d5ea0-c4bf-423a-a83b-e5fb727cf65f/lw/A/p2_v7_1/A题_problem2_solver_v7_1_allcase_plans/case_006_2core.json,
case_006,3,ok,9.800599098205566,82837,26163,3.1661888927110806,279428,3,111,v8_level_aggressive_160_20|fine_win4,/mnt/165d5ea0-c4bf-423a-a83b-e5fb727cf65f/lw/A/p2_v7_1/A题_problem2_solver_v7_1_allcase_plans/case_006_3core.json,
case_006,4,ok,10.612730979919434,82837,23393,3.541102039071517,224016,4,122,v8_level_aggressive_160_20|coarse_time+focused_unblock_pipe_r0+focused_unblock_pipe_r1,/mnt/165d5ea0-c4bf-423a-a83b-e5fb727cf65f/lw/A/p2_v7_1/A题_problem2_solver_v7_1_allcase_plans/case_006_4core.json,
case_006,5,ok,11.252519845962524,82837,19930,4.1563973908680385,425816,5,112,v8_frontier6+focused_unblock_pipe_r0+focused_unblock_pipe_r1+focused_unblock_pipe_r2+focused_wide_unblock_pipe_r0+focused_wide_unblock_pipe_r1+focused_wide_unblock_pipe_r2,/mnt/165d5ea0-c4bf-423a-a83b-e5fb727cf65f/lw/A/p2_v7_1/A题_problem2_solver_v7_1_allcase_plans/case_006_5core.json,
case_007,2,ok,138.4246950149536,1012562,494910,2.0459517892142007,5607936,2,131,v8_frontier6|fine_win4+ls_resort+ls_move_u956->c0,/mnt/165d5ea0-c4bf-423a-a83b-e5fb727cf65f/lw/A/p2_v7_1/A题_problem2_solver_v7_1_allcase_plans/case_007_2core.json,
case_007,3,ok,84.78186321258545,1012562,338034,2.995444245253436,55296,3,103,v8_wcc_active3+order_4437_-1_r0+order_4429_-1_r1+order_4421_-1_r2,/mnt/165d5ea0-c4bf-423a-a83b-e5fb727cf65f/lw/A/p2_v7_1/A题_problem2_solver_v7_1_allcase_plans/case_007_3core.json,
case_007,4,ok,149.12479853630066,1012562,251666,4.023435823671056,7108608,4,159,v8_frontier6|fine_time+ls_resort+ls_move_u554->c3+ls_move_u554->c1+ls_move_u552->c3+focused_unblock_pipe_r0,/mnt/165d5ea0-c4bf-423a-a83b-e5fb727cf65f/lw/A/p2_v7_1/A题_problem2_solver_v7_1_allcase_plans/case_007_4core.json,
case_007,5,ok,116.63380479812622,1012562,203506,4.9755879433530215,2325504,5,159,v8_frontier6|coarse_time+order_4438_-1_r0,/mnt/165d5ea0-c4bf-423a-a83b-e5fb727cf65f/lw/A/p2_v7_1/A题_problem2_solver_v7_1_allcase_plans/case_007_5core.json,
case_008,2,ok,37.9421284198761,487605,238589,2.043702769197239,221184,2,206,v8_wcc_active2+focused_wide_swap_pipe_r0+focused_wide_swap_pipe_r1+focused_wide_swap_pipe_r2+focused_wide_swap_pipe_r3+focused_wide_swap_pipe_r4+focused_wide_swap_pipe_r5+focused_wide_swap_pipe_r6+focused_wide_swap_pipe_r7+order_1290_-1_r0+focused_wide_swap_pipe_r0,/mnt/165d5ea0-c4bf-423a-a83b-e5fb727cf65f/lw/A/p2_v7_1/A题_problem2_solver_v7_1_allcase_plans/case_008_2core.json,
case_008,3,ok,14.35719609260559,487605,163359,2.984867684057811,0,3,83,v8_wcc_active3,/mnt/165d5ea0-c4bf-423a-a83b-e5fb727cf65f/lw/A/p2_v7_1/A题_problem2_solver_v7_1_allcase_plans/case_008_3core.json,
case_008,4,ok,13.256046295166016,487605,123060,3.962335446123842,0,4,83,v8_wcc_active4,/mnt/165d5ea0-c4bf-423a-a83b-e5fb727cf65f/lw/A/p2_v7_1/A题_problem2_solver_v7_1_allcase_plans/case_008_4core.json,
case_008,5,ok,19.346633911132812,487605,98081,4.971452167086388,184704,5,121,v8_wcc_active5+focused_unblock_pipe_r0+focused_unblock_pipe_r1+focused_swap_pipe_r2+pair_shift_pair_r0+focused_wide_unblock_pipe_r0,/mnt/165d5ea0-c4bf-423a-a83b-e5fb727cf65f/lw/A/p2_v7_1/A题_problem2_solver_v7_1_allcase_plans/case_008_5core.json,
case_009,2,ok,175.82589721679688,153261,76580,2.0013188822146772,386954,2,141,v8_level_aggressive_96_30|fine_time+ls_move_u2642->c1+ls_move_u2518->c1+ls_move_u2442->c1+ls_move_u2454->c1+ls_move_u2641->c1+ls_move_u2698->c1+ls_move_u2689->c1+ls_move_u2503->c1+focused_unblock_pipe_r0+focused_unblock_pipe_r1+focused_unblock_pipe_retime_r2+pair_shift_pair_retime_r0+pair_shift_pair_r1+pair_shift_pair_retime_r2+pair_shift_pair_retime_r3+pair_shift_pair_retime_r4+focused_wide_unblock_pipe_r0+focused_wide_unblock_pipe_r1+focused_wide_swap_pipe_retime_r2+focused_wide_unblock_pipe_r3+focused_wide_swap_pipe_retime_r4+focused_wide_unblock_pipe_r5+focused_wide_swap_pipe_r6+focused_wide_unblock_pipe_r7+focused_wide_swap_pipe_retime_r0+focused_wide_unblock_pipe_r1+focused_wide_unblock_pipe_r2+focused_wide_unblock_pipe_r3+focused_wide_unblock_pipe_retime_r4+focused_wide_unblock_pipe_r5+focused_wide_swap_pipe_retime_r6+focused_wide_unblock_pipe_r7,/mnt/165d5ea0-c4bf-423a-a83b-e5fb727cf65f/lw/A/p2_v7_1/A题_problem2_solver_v7_1_allcase_plans/case_009_2core.json,
case_009,3,ok,166.17093467712402,153261,55939,2.7397879833389944,524504,3,155,v8_level_aggressive_160_20+ls_move_u31->c1+focused_unblock_pipe_r0+focused_wide_unblock_pipe_r0+focused_wide_unblock_pipe_r1,/mnt/165d5ea0-c4bf-423a-a83b-e5fb727cf65f/lw/A/p2_v7_1/A题_problem2_solver_v7_1_allcase_plans/case_009_3core.json,
case_009,4,ok,117.53208255767822,153261,46365,3.305532190229699,689882,4,113,v8_level_aggressive_96_30+focused_swap_pipe_r0,/mnt/165d5ea0-c4bf-423a-a83b-e5fb727cf65f/lw/A/p2_v7_1/A题_problem2_solver_v7_1_allcase_plans/case_009_4core.json,
case_009,5,ok,168.2392406463623,153261,38069,4.02587407076624,823884,5,155,v8_level_aggressive_96_30+ls_resort+ls_move_u43->c2+ls_move_u140->c3+focused_swap_pipe_r0+focused_swap_pipe_r1+focused_unblock_pipe_r2+pair_join_third_core_r0+pair_shift_pair_r1+focused_wide_unblock_pipe_r0+focused_wide_unblock_pipe_r1+focused_wide_unblock_pipe_r2+focused_wide_unblock_pipe_r3+focused_wide_join_source_r0,/mnt/165d5ea0-c4bf-423a-a83b-e5fb727cf65f/lw/A/p2_v7_1/A题_problem2_solver_v7_1_allcase_plans/case_009_5core.json,
case_010,2,ok,19.12411069869995,86969,32518,2.674487975890276,862944,2,183,slack_t0.75_c1.5_a2|fine_time+focused_unblock_pipe_retime_r0+focused_swap_pipe_retime_r1+focused_swap_pipe_retime_r2+pair_shift_pair_retime_r0+pair_shift_pair_retime_r1+pair_shift_pair_retime_r2,/mnt/165d5ea0-c4bf-423a-a83b-e5fb727cf65f/lw/A/p2_v7_1/A题_problem2_solver_v7_1_allcase_plans/case_010_2core.json,
case_010,3,ok,22.101826667785645,86969,25847,3.3647618679150386,971504,3,195,slack_t0.75_c1.5_a3|fine_time+ls_move_u578->c2+ls_move_u477->c2+ls_move_u569->c2+ls_move_u424->c2+ls_move_u425->c0+ls_move_u595->c2+focused_unblock_pipe_retime_r0+focused_unblock_pipe_retime_r1+focused_unblock_pipe_retime_r2+pair_shift_pair_retime_r0+order_fine_r0+order_fine_r1,/mnt/165d5ea0-c4bf-423a-a83b-e5fb727cf65f/lw/A/p2_v7_1/A题_problem2_solver_v7_1_allcase_plans/case_010_3core.json,
case_010,4,ok,15.70844030380249,86969,20784,4.184420708237106,363604,4,181,v8_level_strong_128_12|fine_time+ls_move_u378->c1+ls_move_u345->c1+ls_move_u377->c3+ls_move_u379->c1+focused_swap_pipe_retime_r0+focused_unblock_pipe_r1+focused_unblock_pipe_retime_r2+focused_wide_unblock_pipe_r0,/mnt/165d5ea0-c4bf-423a-a83b-e5fb727cf65f/lw/A/p2_v7_1/A题_problem2_solver_v7_1_allcase_plans/case_010_4core.json,
case_010,5,ok,18.4963116645813,86969,19756,4.402156306944725,574956,5,162,slack_t0.5_c1.0_a5|fine_time+ls_resort+ls_move_u143->c0+ls_move_u197->c4+ls_move_u123->c0+ls_move_u350->c0+focused_unblock_pipe_retime_r0,/mnt/165d5ea0-c4bf-423a-a83b-e5fb727cf65f/lw/A/p2_v7_1/A题_problem2_solver_v7_1_allcase_plans/case_010_5core.json,
case_011,2,ok,8.213366270065308,184697,92646,1.9935777043801135,180224,2,90,v8_wcc_active2,/mnt/165d5ea0-c4bf-423a-a83b-e5fb727cf65f/lw/A/p2_v7_1/A题_problem2_solver_v7_1_allcase_plans/case_011_2core.json,
case_011,3,ok,18.675920486450195,184697,62289,2.9651623882226397,1308672,3,160,v8_frontier6+ls_move_u1->c0,/mnt/165d5ea0-c4bf-423a-a83b-e5fb727cf65f/lw/A/p2_v7_1/A题_problem2_solver_v7_1_allcase_plans/case_011_3core.json,
case_011,4,ok,10.561943769454956,184697,46880,3.9397824232081913,540672,4,103,v8_wcc_active4,/mnt/165d5ea0-c4bf-423a-a83b-e5fb727cf65f/lw/A/p2_v7_1/A题_problem2_solver_v7_1_allcase_plans/case_011_4core.json,
case_011,5,ok,13.561932563781738,184697,38083,4.8498542656828505,1372160,5,106,v8_level_strong_1024_8+focused_unblock_pipe_r0+focused_unblock_pipe_r1+focused_unblock_pipe_r2,/mnt/165d5ea0-c4bf-423a-a83b-e5fb727cf65f/lw/A/p2_v7_1/A题_problem2_solver_v7_1_allcase_plans/case_011_5core.json,
case_012,2,ok,37.02648997306824,59088,25401,2.326207629620881,482380,2,201,slack_t0.5_c1.0_a2|fine_win64+pair_shift_pair_retime_r0+pair_shift_pair_retime_r1+pair_shift_pair_retime_r2+pair_shift_pair_retime_r3+pair_shift_pair_r4+focused_wide_unblock_pipe_r0+focused_wide_unblock_pipe_r1+focused_wide_unblock_pipe_r2,/mnt/165d5ea0-c4bf-423a-a83b-e5fb727cf65f/lw/A/p2_v7_1/A题_problem2_solver_v7_1_allcase_plans/case_012_2core.json,
case_012,3,ok,22.64137053489685,59088,16469,3.5878316837695063,55940,3,165,v8_level_aggressive_160_20|fine_win64+ls_move_u482->c1+ls_move_u404->c0+ls_move_u390->c0+ls_move_u361->c0+ls_move_u890->c0+ls_move_u735->c0+ls_move_u475->c0+ls_move_u890->c2+ls_move_u642->c0+ls_move_u643->c0+focused_unblock_pipe_retime_r0+focused_unblock_pipe_retime_r1+focused_unblock_pipe_retime_r2+pair_shift_pair_r0+pair_shift_pair_retime_r1+pair_shift_pair_retime_r2+pair_shift_pair_r3+pair_shift_pair_r4+focused_wide_unblock_pipe_r0,/mnt/165d5ea0-c4bf-423a-a83b-e5fb727cf65f/lw/A/p2_v7_1/A题_problem2_solver_v7_1_allcase_plans/case_012_3core.json,
case_012,4,ok,29.303459405899048,59088,13563,4.356558283565583,103152,4,207,v8_micro64_b40|fine_time+ls_move_u327->c1+ls_move_u452->c1+ls_move_u470->c1+ls_move_u504->c1+focused_unblock_pipe_retime_r0+focused_unblock_pipe_retime_r1+focused_unblock_pipe_retime_r2+pair_shift_pair_retime_r0+pair_shift_pair_retime_r1+pair_shift_pair_retime_r2+pair_shift_pair_retime_r3+focused_wide_unblock_pipe_retime_r0+focused_wide_unblock_pipe_retime_r1+focused_wide_unblock_pipe_retime_r2+focused_wide_unblock_pipe_retime_r3,/mnt/165d5ea0-c4bf-423a-a83b-e5fb727cf65f/lw/A/p2_v7_1/A题_problem2_solver_v7_1_allcase_plans/case_012_4core.json,
case_012,5,ok,14.638455867767334,59088,12056,4.901128069011281,94184,5,106,v8_micro64_b40+ls_move_u21->c4+ls_move_u47->c1+ls_move_u46->c1,/mnt/165d5ea0-c4bf-423a-a83b-e5fb727cf65f/lw/A/p2_v7_1/A题_problem2_solver_v7_1_allcase_plans/case_012_5core.json,
case_013,2,ok,33.34407925605774,263949,132198,1.9966187083011846,8192,2,91,v8_wcc_active2,/mnt/165d5ea0-c4bf-423a-a83b-e5fb727cf65f/lw/A/p2_v7_1/A题_problem2_solver_v7_1_allcase_plans/case_013_2core.json,
case_013,3,ok,32.42215704917908,263949,88351,2.98750438591527,16384,3,93,v8_wcc_active3,/mnt/165d5ea0-c4bf-423a-a83b-e5fb727cf65f/lw/A/p2_v7_1/A题_problem2_solver_v7_1_allcase_plans/case_013_3core.json,
case_013,4,ok,30.051815509796143,263949,66818,3.95026789188542,32768,4,90,v8_wcc_active4+focused_unblock_pipe_r0+focused_unblock_pipe_r1,/mnt/165d5ea0-c4bf-423a-a83b-e5fb727cf65f/lw/A/p2_v7_1/A题_problem2_solver_v7_1_allcase_plans/case_013_4core.json,
case_013,5,ok,29.45221757888794,263949,54133,4.875935196645299,36864,5,93,v8_wcc_active5+focused_unblock_pipe_r0+focused_unblock_pipe_r1,/mnt/165d5ea0-c4bf-423a-a83b-e5fb727cf65f/lw/A/p2_v7_1/A题_problem2_solver_v7_1_allcase_plans/case_013_5core.json,
case_014,2,ok,2116.8319404125214,17698626,8710057,2.031975910146168,83531404,2,65,v8_level_strong_256_10+focused_unblock_pipe_r0+focused_join_target_r1+order_fine_r0,/mnt/165d5ea0-c4bf-423a-a83b-e5fb727cf65f/lw/A/p2_v7_1/A题_problem2_solver_v7_1_allcase_plans/case_014_2core.json,
case_014,3,ok,1179.3180391788483,17698626,5865557,3.0173819809440094,63356384,3,65,v8_active3_strong96+ls_move_u81->c1+focused_unblock_pipe_r0+focused_join_target_r1,/mnt/165d5ea0-c4bf-423a-a83b-e5fb727cf65f/lw/A/p2_v7_1/A题_problem2_solver_v7_1_allcase_plans/case_014_3core.json,
case_014,4,ok,1050.1549351215363,17698626,4437671,3.9882690717721077,92693424,4,70,v8_level_strong_128_12+focused_unblock_pipe_r0+focused_join_source_r1+order_fine_r0,/mnt/165d5ea0-c4bf-423a-a83b-e5fb727cf65f/lw/A/p2_v7_1/A题_problem2_solver_v7_1_allcase_plans/case_014_4core.json,
case_014,5,ok,859.6526484489441,17698626,3670446,4.821927907398719,89152296,5,60,v8_wcc_active5+focused_unblock_pipe_r0+focused_unblock_pipe_r1,/mnt/165d5ea0-c4bf-423a-a83b-e5fb727cf65f/lw/A/p2_v7_1/A题_problem2_solver_v7_1_allcase_plans/case_014_5core.json,
case_015,2,ok,36.242758989334106,177362,73138,2.425032131039952,2027296,2,187,v8_level_none_80_20|fine_win64+ls_resort+ls_move_u169->c1+ls_move_u937->c1+ls_move_u927->c1+ls_move_u917->c1+ls_move_u897->c1+ls_move_u863->c1+ls_move_u852->c1+ls_move_u843->c1+ls_move_u735->c1+focused_swap_pipe_retime_r0+focused_unblock_pipe_r1+focused_unblock_pipe_r2+pair_shift_pair_retime_r0+pair_shift_pair_r1+pair_shift_pair_retime_r2+pair_shift_pair_retime_r3+pair_shift_pair_retime_r4+focused_wide_swap_pipe_retime_r0+focused_wide_unblock_pipe_retime_r1+focused_wide_unblock_pipe_retime_r2,/mnt/165d5ea0-c4bf-423a-a83b-e5fb727cf65f/lw/A/p2_v7_1/A题_problem2_solver_v7_1_allcase_plans/case_015_2core.json,
case_015,3,ok,36.0822536945343,177362,58502,3.0317254110970566,1987868,3,170,slack_t0.5_c1.0_a3|fine_time+ls_resort+ls_move_u810->c2+ls_move_u221->c2+ls_move_u832->c0+ls_move_u502->c0+ls_move_u887->c0+ls_move_u661->c0+ls_move_u439->c0+ls_move_u612->c0+ls_move_u555->c0+ls_move_u595->c0+ls_move_u648->c0+ls_move_u712->c0+focused_unblock_pipe_r0,/mnt/165d5ea0-c4bf-423a-a83b-e5fb727cf65f/lw/A/p2_v7_1/A题_problem2_solver_v7_1_allcase_plans/case_015_3core.json,
case_015,4,ok,29.989169597625732,177362,43846,4.045112438991014,760924,4,153,slack_t0.5_c1.0_a4|fine_win64+focused_unblock_pipe_retime_r0+focused_unblock_pipe_retime_r1,/mnt/165d5ea0-c4bf-423a-a83b-e5fb727cf65f/lw/A/p2_v7_1/A题_problem2_solver_v7_1_allcase_plans/case_015_4core.json,
case_015,5,ok,12.984492063522339,177362,40208,4.411112216474334,358664,5,96,v8_micro64_b40,/mnt/165d5ea0-c4bf-423a-a83b-e5fb727cf65f/lw/A/p2_v7_1/A题_problem2_solver_v7_1_allcase_plans/case_015_5core.json,
case_016,2,ok,536.1985304355621,7715523,4023034,1.9178368862902972,405420,2,71,v8_level_strong_1024_8+ls_move_u5790->c1+ls_move_u5785->c1+ls_move_u5771->c0+ls_move_u5766->c0+ls_move_u5752->c1,/mnt/165d5ea0-c4bf-423a-a83b-e5fb727cf65f/lw/A/p2_v7_1/A题_problem2_solver_v7_1_allcase_plans/case_016_2core.json,
case_016,3,ok,461.34882402420044,7715523,2877637,2.6812009297906583,275568,3,75,v8_level_strong_256_10,/mnt/165d5ea0-c4bf-423a-a83b-e5fb727cf65f/lw/A/p2_v7_1/A题_problem2_solver_v7_1_allcase_plans/case_016_3core.json,
case_016,4,ok,435.64134216308594,7715523,2243883,3.4384693854358717,605676,4,77,v8_level_none_80_20|coarse_time,/mnt/165d5ea0-c4bf-423a-a83b-e5fb727cf65f/lw/A/p2_v7_1/A题_problem2_solver_v7_1_allcase_plans/case_016_4core.json,
case_016,5,ok,425.1339433193207,7715523,2088422,3.694427179947348,475828,5,78,v8_level_none_80_20,/mnt/165d5ea0-c4bf-423a-a83b-e5fb727cf65f/lw/A/p2_v7_1/A题_problem2_solver_v7_1_allcase_plans/case_016_5core.json,
case_017,2,ok,49.356502056121826,162810,70844,2.2981480435887303,311300,2,261,v8_level_aggressive_160_20|fine_win16+ls_resort+ls_resort+ls_move_u1065->c0+focused_swap_pipe_r0+pair_shift_pair_r0+focused_wide_swap_pipe_r0+order_1409_-1_r0+order_1382_-1_r1+order_1400_-1_r2+focused_wide_swap_pipe_r0,/mnt/165d5ea0-c4bf-423a-a83b-e5fb727cf65f/lw/A/p2_v7_1/A题_problem2_solver_v7_1_allcase_plans/case_017_2core.json,
case_017,3,ok,30.357773542404175,162810,47258,3.44513098311397,284176,3,158,v8_level_aggressive_96_30|fine_win16+ls_resort+ls_move_u1150->c0+ls_move_u857->c0+ls_move_u774->c0+ls_move_u410->c0+ls_move_u877->c0,/mnt/165d5ea0-c4bf-423a-a83b-e5fb727cf65f/lw/A/p2_v7_1/A题_problem2_solver_v7_1_allcase_plans/case_017_3core.json,
case_017,4,ok,34.27144384384155,162810,35250,4.618723404255319,337180,4,181,v8_level_aggressive_96_30|fine_win4+ls_move_u1251->c0+ls_move_u1203->c1+ls_move_u1122->c1+ls_move_u1127->c0+ls_move_u1123->c0+ls_move_u1205->c0+pair_shift_pair_r0,/mnt/165d5ea0-c4bf-423a-a83b-e5fb727cf65f/lw/A/p2_v7_1/A题_problem2_solver_v7_1_allcase_plans/case_017_4core.json,
case_017,5,ok,39.055614948272705,162810,29290,5.558552406964834,412304,5,194,v8_clusterphase_aggressive_64|fine_win4+ls_move_u1310->c0+ls_move_u1311->c0+ls_move_u1301->c0+ls_move_u1302->c0+ls_move_u1241->c0+ls_move_u1242->c4+ls_move_u1181->c0+ls_move_u1180->c0+ls_move_u1174->c0+ls_move_u1175->c0+ls_move_u1176->c0+ls_move_u1177->c0+ls_move_u1178->c0+ls_move_u1127->c0+ls_move_u1126->c0+pair_shift_pair_r0+pair_shift_pair_r1+pair_shift_pair_r2+pair_shift_pair_r3+pair_shift_pair_r4+focused_wide_unblock_pipe_r0+focused_wide_unblock_pipe_r1,/mnt/165d5ea0-c4bf-423a-a83b-e5fb727cf65f/lw/A/p2_v7_1/A题_problem2_solver_v7_1_allcase_plans/case_017_5core.json,
case_018,2,ok,95.57079672813416,1004367,494912,2.0293850219837064,2168044,2,193,v8_micro64_b40|fine_time+ls_move_u357->c0+ls_move_u326->c0+ls_move_u597->c0+ls_move_u567->c0+ls_move_u1084->c0+ls_move_u264->c0+ls_move_u772->c0+ls_move_u477->c0+ls_move_u1056->c0+ls_move_u67->c0+ls_move_u1028->c0+ls_move_u714->c0+ls_move_u2295->c0+ls_move_u2206->c0+ls_move_u2394->c0+ls_move_u2166->c0+ls_move_u2154->c0+ls_move_u2190->c0+ls_move_u2153->c0+ls_move_u2189->c0+ls_move_u742->c0+ls_move_u2294->c0+ls_move_u2393->c0+ls_move_u741->c0+ls_move_u2205->c0+ls_move_u2330->c0+order_6731_-1_r0,/mnt/165d5ea0-c4bf-423a-a83b-e5fb727cf65f/lw/A/p2_v7_1/A题_problem2_solver_v7_1_allcase_plans/case_018_2core.json,
case_018,3,ok,98.41100215911865,1004367,329050,3.0523233551132045,3911940,3,187,v8_frontier6+ls_resort+ls_resort+ls_move_u1004->c2+ls_move_u795->c2+focused_unblock_pipe_r0+focused_unblock_pipe_r1+pair_shift_pair_r0+focused_wide_join_target_r0,/mnt/165d5ea0-c4bf-423a-a83b-e5fb727cf65f/lw/A/p2_v7_1/A题_problem2_solver_v7_1_allcase_plans/case_018_3core.json,
case_018,4,ok,100.27770662307739,1004367,247387,4.059902096714864,5123332,4,185,v8_frontier6|coarse_time+ls_move_u1081->c3+ls_move_u1080->c2+ls_move_u1077->c3+ls_move_u1076->c2+ls_move_u1073->c3+ls_move_u1072->c2+ls_move_u987->c3+ls_move_u1069->c3+ls_move_u967->c3+order_459_-1_r0,/mnt/165d5ea0-c4bf-423a-a83b-e5fb727cf65f/lw/A/p2_v7_1/A题_problem2_solver_v7_1_allcase_plans/case_018_4core.json,
case_018,5,ok,88.48270463943481,1004367,196765,5.10439864813356,4635392,5,172,v8_wcc_active5|fine_win16+ls_move_u2603->c1+ls_move_u2601->c3+ls_move_u2600->c4,/mnt/165d5ea0-c4bf-423a-a83b-e5fb727cf65f/lw/A/p2_v7_1/A题_problem2_solver_v7_1_allcase_plans/case_018_5core.json,
case_019,2,ok,11.081191539764404,81144,28368,2.8604060913705585,95528,2,155,v8_level_strong_1024_8|fine_win16+ls_resort+ls_move_u369->c1+ls_move_u521->c1+ls_move_u564->c0+ls_move_u212->c1+ls_move_u561->c0+ls_move_u213->c1+order_1451_-1_r0+order_1442_-1_r1+order_1460_-1_r2,/mnt/165d5ea0-c4bf-423a-a83b-e5fb727cf65f/lw/A/p2_v7_1/A题_problem2_solver_v7_1_allcase_plans/case_019_2core.json,
case_019,3,ok,13.027470350265503,81144,19677,4.123799359658484,117208,3,165,v8_micro64_b40|fine_time+ls_move_u567->c1+ls_move_u558->c1+ls_move_u568->c1+ls_move_u559->c2+ls_move_u566->c2+ls_move_u557->c2+ls_move_u50->c1+focused_unblock_pipe_retime_r0+focused_swap_pipe_retime_r1+focused_unblock_pipe_retime_r2+pair_shift_pair_retime_r0+pair_shift_pair_r1+pair_shift_pair_retime_r2+pair_shift_pair_retime_r3+pair_shift_pair_retime_r4+focused_wide_unblock_pipe_retime_r0+focused_wide_unblock_pipe_retime_r1+focused_wide_unblock_pipe_retime_r2+focused_wide_unblock_pipe_retime_r3+focused_wide_unblock_pipe_retime_r4+focused_wide_unblock_pipe_retime_r5+focused_wide_unblock_pipe_r6+focused_wide_unblock_pipe_r7+focused_wide_unblock_pipe_retime_r0+focused_wide_swap_pipe_retime_r1+focused_wide_unblock_pipe_r2+focused_wide_unblock_pipe_retime_r3+focused_wide_unblock_pipe_r4+focused_wide_swap_pipe_retime_r5+focused_wide_swap_pipe_retime_r6+focused_wide_unblock_pipe_r7,/mnt/165d5ea0-c4bf-423a-a83b-e5fb727cf65f/lw/A/p2_v7_1/A题_problem2_solver_v7_1_allcase_plans/case_019_3core.json,
case_019,4,ok,12.058312892913818,81144,17450,4.650085959885387,101440,4,172,v8_micro64_b40|fine_time+ls_move_u560->c2+ls_move_u298->c1+ls_move_u299->c1+ls_move_u88->c1+ls_move_u561->c1+ls_move_u562->c1+ls_move_u300->c1+ls_move_u63->c2,/mnt/165d5ea0-c4bf-423a-a83b-e5fb727cf65f/lw/A/p2_v7_1/A题_problem2_solver_v7_1_allcase_plans/case_019_4core.json,
case_019,5,ok,11.488588809967041,81144,13647,5.945922180699054,220032,5,145,v8_frontier6|fine_win16+ls_move_u561->c4+ls_move_u561->c2+ls_move_u562->c1+ls_move_u563->c1+ls_move_u217->c3+order_199_-1_r0+focused_wide_unblock_pipe_r0+focused_wide_swap_pipe_r1+focused_wide_unblock_pipe_retime_r2+focused_wide_unblock_pipe_retime_r3+focused_wide_unblock_pipe_r4+focused_wide_unblock_pipe_r5+focused_wide_unblock_pipe_retime_r6+focused_wide_unblock_pipe_retime_r7,/mnt/165d5ea0-c4bf-423a-a83b-e5fb727cf65f/lw/A/p2_v7_1/A题_problem2_solver_v7_1_allcase_plans/case_019_5core.json,
case_020,2,ok,136.83397483825684,532746,266580,1.9984469952734638,0,2,74,v8_wcc_active2,/mnt/165d5ea0-c4bf-423a-a83b-e5fb727cf65f/lw/A/p2_v7_1/A题_problem2_solver_v7_1_allcase_plans/case_020_2core.json,
case_020,3,ok,152.21348690986633,532746,177950,2.993796010115201,0,3,91,v8_wcc_active3,/mnt/165d5ea0-c4bf-423a-a83b-e5fb727cf65f/lw/A/p2_v7_1/A题_problem2_solver_v7_1_allcase_plans/case_020_3core.json,
case_020,4,ok,132.97630381584167,532746,133704,3.984518039849219,0,4,90,v8_wcc_active4,/mnt/165d5ea0-c4bf-423a-a83b-e5fb727cf65f/lw/A/p2_v7_1/A题_problem2_solver_v7_1_allcase_plans/case_020_4core.json,
case_020,5,ok,128.16818642616272,532746,107491,4.956191681164005,0,5,89,v8_level_aggressive_96_30,/mnt/165d5ea0-c4bf-423a-a83b-e5fb727cf65f/lw/A/p2_v7_1/A题_problem2_solver_v7_1_allcase_plans/case_020_5core.json,
case_021,2,ok,86.55501413345337,6567937,3122458,2.1034508710765687,8171520,2,97,v8_clusterphase_strong_128,/mnt/165d5ea0-c4bf-423a-a83b-e5fb727cf65f/lw/A/p2_v7_1/A题_problem2_solver_v7_1_allcase_plans/case_021_2core.json,
case_021,3,ok,148.30317378044128,6567937,2095213,3.1347347501184846,20877312,3,155,v8_active3_strong96|fine_win4+ls_resort+ls_resort+ls_move_u1519->c2+ls_move_u1500->c2+ls_move_u1518->c2+ls_move_u1499->c2+ls_move_u1516->c2+ls_move_u1497->c2+ls_move_u1500->c0+ls_move_u1143->c2+ls_move_u1499->c0,/mnt/165d5ea0-c4bf-423a-a83b-e5fb727cf65f/lw/A/p2_v7_1/A题_problem2_solver_v7_1_allcase_plans/case_021_3core.json,
case_021,4,ok,83.5642466545105,6567937,1550324,4.236493145948847,4608000,4,106,v8_wcc_active4,/mnt/165d5ea0-c4bf-423a-a83b-e5fb727cf65f/lw/A/p2_v7_1/A题_problem2_solver_v7_1_allcase_plans/case_021_4core.json,
case_021,5,ok,99.09167647361755,6567937,1241101,5.292024581399902,9420800,5,112,v8_micro64_b40,/mnt/165d5ea0-c4bf-423a-a83b-e5fb727cf65f/lw/A/p2_v7_1/A题_problem2_solver_v7_1_allcase_plans/case_021_5core.json,
case_022,2,ok,25.579981327056885,56780,27216,2.086272780717225,199540,2,146,v8_wcc_active2|fine_win4+ls_move_u1064->c1,/mnt/165d5ea0-c4bf-423a-a83b-e5fb727cf65f/lw/A/p2_v7_1/A题_problem2_solver_v7_1_allcase_plans/case_022_2core.json,
case_022,3,ok,28.413697957992554,56780,18152,3.128029969149405,57880,3,168,v8_wcc_active3|fine_win4+ls_move_u514->c2,/mnt/165d5ea0-c4bf-423a-a83b-e5fb727cf65f/lw/A/p2_v7_1/A题_problem2_solver_v7_1_allcase_plans/case_022_3core.json,
case_022,4,ok,33.86014986038208,56780,14381,3.9482650719699603,38536,4,210,v8_wcc_active4|fine_win64+ls_move_u1277->c3+ls_move_u1257->c1+ls_move_u425->c1+ls_move_u1212->c3+focused_wide_unblock_pipe_r0+order_2937_-1_r0,/mnt/165d5ea0-c4bf-423a-a83b-e5fb727cf65f/lw/A/p2_v7_1/A题_problem2_solver_v7_1_allcase_plans/case_022_4core.json,
case_022,5,ok,19.529314517974854,56780,11612,4.889769204271444,48436,5,117,v8_level_aggressive_96_30+ls_resort+focused_wide_unblock_pipe_r0,/mnt/165d5ea0-c4bf-423a-a83b-e5fb727cf65f/lw/A/p2_v7_1/A题_problem2_solver_v7_1_allcase_plans/case_022_5core.json,
case_023,2,ok,33.868656635284424,122614,40442,3.0318480787300333,984712,2,198,slack_t0.75_c1.5_a2|fine_time+ls_resort+ls_resort+ls_move_u757->c0+ls_move_u445->c0+ls_move_u790->c0+ls_move_u369->c0+ls_move_u770->c0+ls_move_u59->c0+ls_move_u810->c0+ls_move_u468->c0+ls_move_u237->c0+ls_move_u552->c0+ls_move_u691->c0+focused_swap_pipe_retime_r0+pair_shift_pair_retime_r0+order_fine_r0,/mnt/165d5ea0-c4bf-423a-a83b-e5fb727cf65f/lw/A/p2_v7_1/A题_problem2_solver_v7_1_allcase_plans/case_023_2core.json,
case_023,3,ok,22.118622303009033,122614,29204,4.198534447335981,232460,3,169,v8_level_aggressive_96_30|fine_time+ls_move_u303->c2+ls_move_u59->c2+ls_move_u494->c2+ls_move_u302->c1+focused_swap_pipe_retime_r0+focused_swap_pipe_retime_r1+focused_unblock_pipe_retime_r2+pair_shift_pair_retime_r0+pair_shift_pair_retime_r1+pair_shift_pair_retime_r2+pair_shift_pair_retime_r3+pair_shift_pair_retime_r4+focused_wide_swap_pipe_retime_r0+focused_wide_unblock_pipe_r1+focused_wide_swap_pipe_retime_r2+focused_wide_unblock_pipe_r3+focused_wide_unblock_pipe_r4+focused_wide_unblock_pipe_retime_r5+focused_wide_swap_pipe_retime_r6+focused_wide_unblock_pipe_r7,/mnt/165d5ea0-c4bf-423a-a83b-e5fb727cf65f/lw/A/p2_v7_1/A题_problem2_solver_v7_1_allcase_plans/case_023_3core.json,
case_023,4,ok,27.518107652664185,122614,20622,5.9457860537290275,327824,4,207,v8_level_aggressive_160_20|fine_time+ls_move_u544->c0+ls_move_u399->c1+ls_move_u369->c2+ls_move_u810->c2+ls_move_u738->c2+ls_move_u810->c3+ls_move_u445->c1+ls_move_u711->c2+ls_move_u706->c2+ls_move_u369->c3+ls_move_u773->c1+ls_move_u445->c3+ls_move_u399->c3+ls_move_u303->c2+focused_unblock_pipe_r0+focused_unblock_pipe_retime_r1+focused_unblock_pipe_retime_r2+pair_shift_pair_retime_r0+pair_shift_pair_retime_r1+pair_shift_pair_retime_r2+pair_shift_pair_retime_r3+pair_shift_pair_r4+focused_wide_unblock_pipe_r0+focused_wide_unblock_pipe_retime_r1+focused_wide_unblock_pipe_retime_r2+focused_wide_unblock_pipe_r3+focused_wide_unblock_pipe_retime_r4+focused_wide_unblock_pipe_r5+focused_wide_unblock_pipe_retime_r6+focused_wide_swap_pipe_retime_r7+focused_wide_unblock_pipe_r0+focused_wide_unblock_pipe_retime_r1+focused_wide_unblock_pipe_retime_r2+focused_wide_unblock_pipe_retime_r3+focused_wide_unblock_pipe_r4+focused_wide_swap_pipe_retime_r5+focused_wide_swap_pipe_retime_r6+focused_wide_unblock_pipe_r7,/mnt/165d5ea0-c4bf-423a-a83b-e5fb727cf65f/lw/A/p2_v7_1/A题_problem2_solver_v7_1_allcase_plans/case_023_4core.json,
case_023,5,ok,20.41646718978882,122614,20489,5.9843818634389185,357264,5,162,seed:case_023_4core.json|fine_win64+ls_move_u794->c4+ls_move_u795->c4+ls_move_u512->c4+ls_move_u685->c4+ls_move_u649->c4+ls_move_u643->c4,/mnt/165d5ea0-c4bf-423a-a83b-e5fb727cf65f/lw/A/p2_v7_1/A题_problem2_solver_v7_1_allcase_plans/case_023_5core.json,
case_024,2,ok,150.51962065696716,2555343,1333854,1.9157591460534662,397260,2,110,v8_level_strong_1024_8+ls_move_u1914->c1+ls_move_u1909->c1+ls_move_u1895->c0+ls_move_u1890->c0+ls_move_u1876->c1+ls_move_u1871->c1+ls_move_u1857->c0+ls_move_u1852->c0+ls_move_u1838->c1,/mnt/165d5ea0-c4bf-423a-a83b-e5fb727cf65f/lw/A/p2_v7_1/A题_problem2_solver_v7_1_allcase_plans/case_024_2core.json,
case_024,3,ok,141.29759764671326,2555343,954427,2.6773582474091784,266592,3,115,v8_level_strong_256_10,/mnt/165d5ea0-c4bf-423a-a83b-e5fb727cf65f/lw/A/p2_v7_1/A题_problem2_solver_v7_1_allcase_plans/case_024_3core.json,
case_024,4,ok,129.33707213401794,2555343,747951,3.4164577626074437,595068,4,109,v8_level_none_80_20|coarse_time,/mnt/165d5ea0-c4bf-423a-a83b-e5fb727cf65f/lw/A/p2_v7_1/A题_problem2_solver_v7_1_allcase_plans/case_024_4core.json,
case_024,5,ok,136.4879515171051,2555343,695306,3.6751344012564253,464404,5,115,v8_level_none_80_20,/mnt/165d5ea0-c4bf-423a-a83b-e5fb727cf65f/lw/A/p2_v7_1/A题_problem2_solver_v7_1_allcase_plans/case_024_5core.json,
case_025,2,ok,531.7707786560059,4863026,2431840,1.9997310678334101,27648,2,45,v8_wcc_active2,/mnt/165d5ea0-c4bf-423a-a83b-e5fb727cf65f/lw/A/p2_v7_1/A题_problem2_solver_v7_1_allcase_plans/case_025_2core.json,
case_025,3,ok,485.0672471523285,4863026,1622164,2.9978633479722148,55296,3,57,v8_wcc_active3,/mnt/165d5ea0-c4bf-423a-a83b-e5fb727cf65f/lw/A/p2_v7_1/A题_problem2_solver_v7_1_allcase_plans/case_025_3core.json,
case_025,4,ok,494.75207471847534,4863026,1217444,3.9944555971362954,82944,4,62,v8_wcc_active4,/mnt/165d5ea0-c4bf-423a-a83b-e5fb727cf65f/lw/A/p2_v7_1/A题_problem2_solver_v7_1_allcase_plans/case_025_4core.json,
case_025,5,ok,464.9082827568054,4863026,975222,4.9865835676389585,110592,5,63,v8_wcc_active5+order_21325_-1_r0,/mnt/165d5ea0-c4bf-423a-a83b-e5fb727cf65f/lw/A/p2_v7_1/A题_problem2_solver_v7_1_allcase_plans/case_025_5core.json,
case_026,2,ok,16.94594120979309,99203,44318,2.238435849993231,1430940,2,165,slack_t0.5_c1.0_a2|fine_time+ls_move_u336->c0+ls_move_u389->c0+ls_move_u198->c0+focused_unblock_pipe_retime_r0,/mnt/165d5ea0-c4bf-423a-a83b-e5fb727cf65f/lw/A/p2_v7_1/A题_problem2_solver_v7_1_allcase_plans/case_026_2core.json,
case_026,3,ok,17.449820518493652,99203,35836,2.7682498046656994,1293592,3,163,slack_t0.5_c1.0_a3|fine_win64,/mnt/165d5ea0-c4bf-423a-a83b-e5fb727cf65f/lw/A/p2_v7_1/A题_problem2_solver_v7_1_allcase_plans/case_026_3core.json,
case_026,4,ok,16.97126078605652,99203,28289,3.506769415673937,484112,4,179,v8_level_strong_128_12|fine_win64+ls_move_u413->c1+ls_move_u448->c2+ls_move_u418->c2+ls_move_u456->c2+ls_move_u456->c1+ls_move_u457->c2+ls_move_u346->c1+ls_move_u457->c1+ls_move_u356->c1+focused_swap_pipe_retime_r0+pair_shift_pair_retime_r0+pair_shift_pair_retime_r1+pair_shift_pair_r2+pair_shift_pair_r3+pair_shift_pair_r4,/mnt/165d5ea0-c4bf-423a-a83b-e5fb727cf65f/lw/A/p2_v7_1/A题_problem2_solver_v7_1_allcase_plans/case_026_4core.json,
case_026,5,ok,21.25622272491455,99203,21671,4.577684463107379,474856,5,191,slack_t0.5_c1.0_a5|fine_win64+ls_resort+ls_move_u180->c2+ls_move_u224->c1+ls_move_u155->c2+ls_move_u104->c1+ls_move_u220->c1+ls_move_u136->c1+ls_resort+ls_move_u280->c0+ls_move_u240->c0+ls_move_u223->c2+ls_move_u239->c0+ls_move_u145->c4+ls_move_u212->c0+ls_move_u175->c2+ls_move_u103->c0+ls_move_u219->c4+ls_move_u161->c2+ls_move_u213->c0+ls_move_u228->c0+ls_move_u242->c0+ls_move_u109->c0+focused_unblock_pipe_r0+focused_unblock_pipe_r1+focused_unblock_pipe_r2+pair_shift_pair_retime_r0+pair_shift_pair_retime_r1+pair_shift_pair_r2+pair_shift_pair_retime_r3+focused_wide_unblock_pipe_r0,/mnt/165d5ea0-c4bf-423a-a83b-e5fb727cf65f/lw/A/p2_v7_1/A题_problem2_solver_v7_1_allcase_plans/case_026_5core.json,
case_027,2,ok,27.7920925617218,2363952,1115722,2.118764351693343,1105920,2,126,v8_level_strong_128_12,/mnt/165d5ea0-c4bf-423a-a83b-e5fb727cf65f/lw/A/p2_v7_1/A题_problem2_solver_v7_1_allcase_plans/case_027_2core.json,
case_027,3,ok,45.11572480201721,2363952,744579,3.174884062000137,5505024,3,162,slack_t0.5_c1.0_a3|fine_time,/mnt/165d5ea0-c4bf-423a-a83b-e5fb727cf65f/lw/A/p2_v7_1/A题_problem2_solver_v7_1_allcase_plans/case_027_3core.json,
case_027,4,ok,25.04240393638611,2363952,559196,4.227412213249022,3317760,4,103,v8_wcc_active4,/mnt/165d5ea0-c4bf-423a-a83b-e5fb727cf65f/lw/A/p2_v7_1/A题_problem2_solver_v7_1_allcase_plans/case_027_4core.json,
case_027,5,ok,47.98026728630066,2363952,448117,5.2753008700852675,7245824,5,163,slack_t0.25_c0.6_a5|fine_time,/mnt/165d5ea0-c4bf-423a-a83b-e5fb727cf65f/lw/A/p2_v7_1/A题_problem2_solver_v7_1_allcase_plans/case_027_5core.json,
case_028,2,ok,668.5892696380615,43836040,20265350,2.1631030305422803,47765424,2,55,slack_t0.5_c1.0_a2|fine_win64+ls_resort+focused_unblock_pipe_r0+focused_unblock_pipe_r1+focused_swap_pipe_r2+focused_wide_unblock_pipe_r0+focused_wide_swap_pipe_r1+order_19532_-1_r0,/mnt/165d5ea0-c4bf-423a-a83b-e5fb727cf65f/lw/A/p2_v7_1/A题_problem2_solver_v7_1_allcase_plans/case_028_2core.json,
case_028,3,ok,567.0759699344635,43836040,13333914,3.2875598267695443,88302984,3,59,v8_level_none_80_20|fine_time+ls_resort+ls_resort+ls_resort+ls_resort+focused_unblock_pipe_retime_r0+focused_unblock_pipe_r1+focused_unblock_pipe_r2+pair_shift_pair_retime_r0+focused_wide_swap_pipe_r0+focused_wide_unblock_pipe_r1+order_fine_r0+order_fine_r1,/mnt/165d5ea0-c4bf-423a-a83b-e5fb727cf65f/lw/A/p2_v7_1/A题_problem2_solver_v7_1_allcase_plans/case_028_3core.json,
case_028,4,ok,531.5591864585876,43836040,9963193,4.399798337741726,91455360,4,58,v8_level_none_80_20|fine_time+ls_resort+focused_unblock_pipe_retime_r0+focused_unblock_pipe_r1+focused_unblock_pipe_r2+pair_shift_pair_r0+pair_shift_pair_r1+focused_wide_unblock_pipe_r0+focused_wide_unblock_pipe_r1+order_fine_r0+order_fine_r1+focused_wide_unblock_pipe_r0,/mnt/165d5ea0-c4bf-423a-a83b-e5fb727cf65f/lw/A/p2_v7_1/A题_problem2_solver_v7_1_allcase_plans/case_028_4core.json,
case_028,5,ok,520.9932188987732,43836040,7880293,5.5627424005681005,32832000,5,71,slack_t0.25_c0.6_a5|fine_time+ls_resort+ls_resort+ls_resort+ls_resort+ls_resort+focused_swap_pipe_r0+focused_unblock_pipe_retime_r1+focused_unblock_pipe_r2+pair_shift_pair_r0+pair_shift_pair_r1+pair_shift_pair_r2+focused_wide_swap_pipe_retime_r0+focused_wide_unblock_pipe_r1+order_fine_r0+order_fine_r1+order_fine_r2,/mnt/165d5ea0-c4bf-423a-a83b-e5fb727cf65f/lw/A/p2_v7_1/A题_problem2_solver_v7_1_allcase_plans/case_028_5core.json,
case_029,2,ok,16.744996547698975,37555,19123,1.9638655022747478,86694,2,117,v8_level_strong_128_12|coarse_time+ls_move_u54->c0+ls_move_u44->c1+ls_move_u13->c0+ls_move_u20->c1+ls_move_u42->c1+ls_move_u20->c0,/mnt/165d5ea0-c4bf-423a-a83b-e5fb727cf65f/lw/A/p2_v7_1/A题_problem2_solver_v7_1_allcase_plans/case_029_2core.json,
case_029,3,ok,11.362737655639648,37555,12722,2.9519729602263793,86184,3,98,v8_clusterphase_strong_128,/mnt/165d5ea0-c4bf-423a-a83b-e5fb727cf65f/lw/A/p2_v7_1/A题_problem2_solver_v7_1_allcase_plans/case_029_3core.json,
case_029,4,ok,9.713687181472778,37555,10984,3.4190640932265115,6144,4,90,v8_wcc_active4+focused_unblock_pipe_r0,/mnt/165d5ea0-c4bf-423a-a83b-e5fb727cf65f/lw/A/p2_v7_1/A题_problem2_solver_v7_1_allcase_plans/case_029_4core.json,
case_029,5,ok,9.575519800186157,37555,9339,4.021308491273156,6144,5,90,v8_wcc_active5+focused_unblock_pipe_r0,/mnt/165d5ea0-c4bf-423a-a83b-e5fb727cf65f/lw/A/p2_v7_1/A题_problem2_solver_v7_1_allcase_plans/case_029_5core.json,
case_030,2,ok,274.2674181461334,2808034,1398403,2.0080291589763464,6893568,2,82,v8_wcc_active2+focused_swap_pipe_r0+pair_shift_pair_r0,/mnt/165d5ea0-c4bf-423a-a83b-e5fb727cf65f/lw/A/p2_v7_1/A题_problem2_solver_v7_1_allcase_plans/case_030_2core.json,
case_030,3,ok,219.0926923751831,2808034,934923,3.0034922662080192,8977920,3,72,v8_wcc_active3+focused_unblock_pipe_r0+focused_unblock_pipe_r1+focused_unblock_pipe_r2,/mnt/165d5ea0-c4bf-423a-a83b-e5fb727cf65f/lw/A/p2_v7_1/A题_problem2_solver_v7_1_allcase_plans/case_030_3core.json,
case_030,4,ok,244.39125037193298,2808034,698937,4.0175781222055775,8338432,4,89,v8_wcc_active4+focused_swap_pipe_r0,/mnt/165d5ea0-c4bf-423a-a83b-e5fb727cf65f/lw/A/p2_v7_1/A题_problem2_solver_v7_1_allcase_plans/case_030_4core.json,
case_030,5,ok,314.1024329662323,2808034,560075,5.0136749542471994,11831296,5,107,v8_wcc_active5|fine_dfs+ls_resort+ls_move_u6843->c3+ls_move_u6842->c3+ls_move_u6826->c3+ls_move_u6844->c1+ls_move_u6840->c1+ls_move_u6825->c3+ls_move_u6839->c1+ls_move_u6827->c1+ls_move_u6823->c3+ls_move_u6841->c1+focused_unblock_pipe_r0+focused_unblock_pipe_r1+focused_wide_unblock_pipe_r0+order_4732_-1_r0+focused_wide_join_target_r0,/mnt/165d5ea0-c4bf-423a-a83b-e5fb727cf65f/lw/A/p2_v7_1/A题_problem2_solver_v7_1_allcase_plans/case_030_5core.json,
case_031,2,ok,152.75801539421082,1414369,714499,1.9795255136816148,5093998,2,96,v8_micro64_b40+pair_shift_pair_r0,/mnt/165d5ea0-c4bf-423a-a83b-e5fb727cf65f/lw/A/p2_v7_1/A题_problem2_solver_v7_1_allcase_plans/case_031_2core.json,
case_031,3,ok,234.33009386062622,1414369,478715,2.954511556980667,5594624,3,167,v8_wcc_active3|fine_dfs+ls_move_u5160->c2+ls_move_u5159->c1+ls_move_u5161->c1+ls_move_u5156->c2+ls_move_u5115->c2+ls_move_u5155->c2+ls_move_u5114->c2+ls_move_u5157->c2+ls_move_u5153->c2+ls_move_u5111->c2+ls_move_u5152->c2+focused_unblock_pipe_r0+focused_wide_unblock_pipe_r0+focused_wide_unblock_pipe_r1+order_1659_-1_r0+focused_wide_unblock_pipe_r0,/mnt/165d5ea0-c4bf-423a-a83b-e5fb727cf65f/lw/A/p2_v7_1/A题_problem2_solver_v7_1_allcase_plans/case_031_3core.json,
case_031,4,ok,150.5777850151062,1414369,359669,3.9324184180454806,7916148,4,98,v8_level_aggressive_96_30,/mnt/165d5ea0-c4bf-423a-a83b-e5fb727cf65f/lw/A/p2_v7_1/A题_problem2_solver_v7_1_allcase_plans/case_031_4core.json,
case_031,5,ok,160.1256697177887,1414369,290456,4.869477648938221,8081240,5,104,v8_level_aggressive_96_30+pair_shift_pair_r0+pair_shift_pair_r1+pair_join_target_pair_r2,/mnt/165d5ea0-c4bf-423a-a83b-e5fb727cf65f/lw/A/p2_v7_1/A题_problem2_solver_v7_1_allcase_plans/case_031_5core.json,
case_032,2,ok,14.031583309173584,41443,17295,2.396241688349234,14412,2,141,v8_level_aggressive_96_30|fine_win4+ls_move_u522->c0,/mnt/165d5ea0-c4bf-423a-a83b-e5fb727cf65f/lw/A/p2_v7_1/A题_problem2_solver_v7_1_allcase_plans/case_032_2core.json,
case_032,3,ok,17.160125970840454,41443,11928,3.4744299128101943,23624,3,164,v8_level_aggressive_160_20|fine_win4+ls_move_u15->c1+ls_move_u606->c1+ls_move_u605->c1+ls_move_u604->c2,/mnt/165d5ea0-c4bf-423a-a83b-e5fb727cf65f/lw/A/p2_v7_1/A题_problem2_solver_v7_1_allcase_plans/case_032_3core.json,
case_032,4,ok,11.564483165740967,41443,9346,4.434303445324203,28752,4,112,v8_level_aggressive_160_20+ls_move_u16->c3+focused_unblock_pipe_r0+focused_unblock_pipe_r1+focused_unblock_pipe_r2+pair_shift_pair_r0+pair_shift_pair_r1,/mnt/165d5ea0-c4bf-423a-a83b-e5fb727cf65f/lw/A/p2_v7_1/A题_problem2_solver_v7_1_allcase_plans/case_032_4core.json,
case_032,5,ok,17.25661611557007,41443,9010,4.599667036625971,39024,5,167,seed:case_032_4core.json+ls_move_u459->c4+ls_move_u460->c4+ls_move_u7->c4+ls_move_u461->c4+ls_move_u111->c4+ls_move_u462->c4+ls_move_u463->c4+ls_move_u317->c4+ls_move_u316->c4+ls_move_u315->c4+ls_move_u314->c4+ls_move_u681->c4+ls_move_u313->c4+order_94_-1_r0,/mnt/165d5ea0-c4bf-423a-a83b-e5fb727cf65f/lw/A/p2_v7_1/A题_problem2_solver_v7_1_allcase_plans/case_032_5core.json,
case_033,2,ok,152.84662890434265,1774196,867657,2.044812639095864,10485062,2,180,v8_frontier6|coarse_time+ls_move_u1437->c1+ls_move_u1438->c1+ls_move_u1408->c1+focused_unblock_pipe_r0+focused_unblock_pipe_r1+focused_unblock_pipe_r2+focused_wide_unblock_pipe_r0+focused_wide_unblock_pipe_r1+focused_wide_unblock_pipe_r2+focused_wide_unblock_pipe_r3+order_7615_-1_r0+order_6927_-1_r1+order_fine_r2,/mnt/165d5ea0-c4bf-423a-a83b-e5fb727cf65f/lw/A/p2_v7_1/A题_problem2_solver_v7_1_allcase_plans/case_033_2core.json,
case_033,3,ok,136.5161476135254,1774196,579459,3.061814554610421,12569202,3,160,v8_frontier6|coarse_time+ls_move_u1434->c1+focused_swap_pipe_r0+focused_swap_pipe_r1,/mnt/165d5ea0-c4bf-423a-a83b-e5fb727cf65f/lw/A/p2_v7_1/A题_problem2_solver_v7_1_allcase_plans/case_033_3core.json,
case_033,4,ok,131.39297890663147,1774196,437018,4.059777858120261,16235654,4,144,v8_frontier6+ls_move_u1438->c2+ls_move_u1419->c2+ls_resort+ls_move_u1405->c3+ls_move_u1401->c3+ls_move_u1397->c3+ls_move_u1435->c0,/mnt/165d5ea0-c4bf-423a-a83b-e5fb727cf65f/lw/A/p2_v7_1/A题_problem2_solver_v7_1_allcase_plans/case_033_4core.json,
case_033,5,ok,173.39779663085938,1774196,350589,5.060615136242152,14976690,5,194,v8_frontier6|coarse_time+ls_move_u1437->c0+ls_move_u1433->c1+focused_unblock_pipe_r0+focused_wide_unblock_pipe_r0+focused_wide_unblock_pipe_r1+order_6463_-1_r0+focused_wide_unblock_pipe_r0,/mnt/165d5ea0-c4bf-423a-a83b-e5fb727cf65f/lw/A/p2_v7_1/A题_problem2_solver_v7_1_allcase_plans/case_033_5core.json,
case_034,2,ok,112.02612614631653,842996,386295,2.1822596720123224,2020096,2,143,v8_level_aggressive_160_20|coarse_time+focused_unblock_pipe_r0+focused_swap_pipe_r1+focused_swap_pipe_r2+pair_shift_pair_r0+pair_shift_pair_r1+pair_shift_pair_r2+pair_shift_pair_r3+pair_shift_pair_r4+focused_wide_unblock_pipe_r0+focused_wide_unblock_pipe_r1+order_6407_-1_r0,/mnt/165d5ea0-c4bf-423a-a83b-e5fb727cf65f/lw/A/p2_v7_1/A题_problem2_solver_v7_1_allcase_plans/case_034_2core.json,
case_034,3,ok,158.00292706489563,842996,257234,3.2771562079662875,8674026,3,164,v8_frontier6|coarse_time+focused_unblock_pipe_r0+focused_unblock_pipe_r1+focused_unblock_pipe_r2+pair_join_source_pair_r0+pair_shift_pair_r1+pair_shift_pair_r2+pair_shift_pair_r3+pair_shift_pair_r4+focused_wide_unblock_pipe_r0+focused_wide_unblock_pipe_r1+focused_wide_unblock_pipe_r2+focused_wide_unblock_pipe_r3+focused_wide_join_source_r4+focused_wide_unblock_pipe_r5+focused_wide_unblock_pipe_r6+focused_wide_unblock_pipe_r7+order_2077_-1_r0+order_3007_-1_r1+order_3009_-1_r2+focused_wide_unblock_pipe_r0+focused_wide_unblock_pipe_r1+focused_wide_join_source_r2+focused_wide_swap_pipe_r3,/mnt/165d5ea0-c4bf-423a-a83b-e5fb727cf65f/lw/A/p2_v7_1/A题_problem2_solver_v7_1_allcase_plans/case_034_3core.json,
case_034,4,ok,84.0533401966095,842996,192311,4.383503803734576,3124992,4,97,v8_level_aggressive_160_20|coarse_time+focused_unblock_pipe_r0+focused_join_target_r1+focused_join_target_r2+pair_shift_pair_r0+pair_shift_pair_r1+pair_shift_pair_r2+pair_shift_pair_r3+pair_shift_pair_r4+focused_wide_join_target_r0+focused_wide_join_source_r1+focused_wide_join_target_r2+focused_wide_join_source_r3+focused_wide_join_target_r4+focused_wide_join_source_r5+focused_wide_join_target_r6+focused_wide_join_source_r7+order_fine_r0+focused_wide_unblock_pipe_r0+focused_wide_join_target_r1+focused_wide_unblock_pipe_r2,/mnt/165d5ea0-c4bf-423a-a83b-e5fb727cf65f/lw/A/p2_v7_1/A题_problem2_solver_v7_1_allcase_plans/case_034_4core.json,
case_034,5,ok,77.73048210144043,842996,155083,5.435773102145303,3621888,5,100,v8_level_aggressive_160_20|coarse_time+focused_swap_pipe_r0,/mnt/165d5ea0-c4bf-423a-a83b-e5fb727cf65f/lw/A/p2_v7_1/A题_problem2_solver_v7_1_allcase_plans/case_034_5core.json,
case_035,2,ok,56.49535369873047,169571,89454,1.8956223310304738,362254,2,90,v8_level_aggressive_96_30+focused_swap_pipe_r0,/mnt/165d5ea0-c4bf-423a-a83b-e5fb727cf65f/lw/A/p2_v7_1/A题_problem2_solver_v7_1_allcase_plans/case_035_2core.json,
case_035,3,ok,79.7864305973053,169571,61203,2.7706321585543194,459592,3,124,v8_level_aggressive_160_20+focused_unblock_pipe_r0+focused_unblock_pipe_r1+focused_unblock_pipe_r2+pair_shift_pair_r0+pair_shift_pair_r1+pair_shift_pair_r2,/mnt/165d5ea0-c4bf-423a-a83b-e5fb727cf65f/lw/A/p2_v7_1/A题_problem2_solver_v7_1_allcase_plans/case_035_3core.json,
case_035,4,ok,86.85367727279663,169571,48372,3.50556106838667,717026,4,133,v8_level_aggressive_96_30+focused_swap_pipe_r0+focused_unblock_pipe_r1+focused_unblock_pipe_r2+focused_wide_unblock_pipe_r0+focused_wide_unblock_pipe_r1+focused_wide_unblock_pipe_r2+focused_wide_unblock_pipe_r3+focused_wide_unblock_pipe_r4+focused_wide_unblock_pipe_r5+focused_wide_unblock_pipe_r6+focused_wide_unblock_pipe_r7+focused_wide_unblock_pipe_r0+focused_wide_unblock_pipe_r1+focused_wide_unblock_pipe_r2+focused_wide_unblock_pipe_r3+focused_wide_unblock_pipe_r4+focused_wide_unblock_pipe_r5+focused_wide_unblock_pipe_r6+focused_wide_unblock_pipe_r7,/mnt/165d5ea0-c4bf-423a-a83b-e5fb727cf65f/lw/A/p2_v7_1/A题_problem2_solver_v7_1_allcase_plans/case_035_4core.json,
case_035,5,ok,81.8541579246521,169571,39514,4.291415700764286,698248,5,123,v8_level_aggressive_160_20+focused_unblock_pipe_r0+focused_unblock_pipe_r1+focused_unblock_pipe_r2+pair_shift_pair_r0+pair_shift_pair_r1+pair_shift_pair_r2+pair_shift_pair_r3+pair_shift_pair_r4+focused_wide_unblock_pipe_r0+focused_wide_unblock_pipe_r1+focused_wide_unblock_pipe_r2+focused_wide_unblock_pipe_r3+focused_wide_unblock_pipe_r4+focused_wide_unblock_pipe_r5,/mnt/165d5ea0-c4bf-423a-a83b-e5fb727cf65f/lw/A/p2_v7_1/A题_problem2_solver_v7_1_allcase_plans/case_035_5core.json,
case_036,2,ok,48.49856162071228,931510,466068,1.998656848356892,1152,2,89,v8_wcc_active2,/mnt/165d5ea0-c4bf-423a-a83b-e5fb727cf65f/lw/A/p2_v7_1/A题_problem2_solver_v7_1_allcase_plans/case_036_2core.json,
case_036,3,ok,47.19583868980408,931510,311345,2.991890025534375,2304,3,93,v8_wcc_active3,/mnt/165d5ea0-c4bf-423a-a83b-e5fb727cf65f/lw/A/p2_v7_1/A题_problem2_solver_v7_1_allcase_plans/case_036_3core.json,
case_036,4,ok,45.99777388572693,931510,233584,3.987901568600589,3456,4,95,v8_wcc_active4,/mnt/165d5ea0-c4bf-423a-a83b-e5fb727cf65f/lw/A/p2_v7_1/A题_problem2_solver_v7_1_allcase_plans/case_036_4core.json,
case_036,5,ok,44.782794713974,931510,187182,4.976493466252097,4608,5,96,v8_wcc_active5,/mnt/165d5ea0-c4bf-423a-a83b-e5fb727cf65f/lw/A/p2_v7_1/A题_problem2_solver_v7_1_allcase_plans/case_036_5core.json,
case_037,2,ok,9.051654577255249,210001,105374,1.992910964754114,204800,2,86,v8_wcc_active2,/mnt/165d5ea0-c4bf-423a-a83b-e5fb727cf65f/lw/A/p2_v7_1/A题_problem2_solver_v7_1_allcase_plans/case_037_2core.json,
case_037,3,ok,22.18557858467102,210001,70825,2.96506883162725,2211840,3,149,v8_frontier6+ls_move_u375->c2+ls_move_u391->c0+ls_move_u378->c2+ls_move_u394->c0+ls_move_u394->c1,/mnt/165d5ea0-c4bf-423a-a83b-e5fb727cf65f/lw/A/p2_v7_1/A题_problem2_solver_v7_1_allcase_plans/case_037_3core.json,
case_037,4,ok,11.087921619415283,210001,53320,3.938503375843961,614400,4,95,v8_wcc_active4,/mnt/165d5ea0-c4bf-423a-a83b-e5fb727cf65f/lw/A/p2_v7_1/A题_problem2_solver_v7_1_allcase_plans/case_037_4core.json,
case_037,5,ok,21.836989402770996,210001,43076,4.875127681307457,1925120,5,157,v8_clusterphase_strong_128|fine_win16~win32,/mnt/165d5ea0-c4bf-423a-a83b-e5fb727cf65f/lw/A/p2_v7_1/A题_problem2_solver_v7_1_allcase_plans/case_037_5core.json,
case_038,2,ok,200.54701828956604,1364555,668981,2.039751502658521,8700932,2,120,v8_frontier6+ls_resort+ls_resort+ls_resort+ls_move_u2465->c0+ls_move_u2449->c0+ls_move_u2433->c0+ls_move_u2417->c0+ls_move_u2401->c0,/mnt/165d5ea0-c4bf-423a-a83b-e5fb727cf65f/lw/A/p2_v7_1/A题_problem2_solver_v7_1_allcase_plans/case_038_2core.json,
case_038,3,ok,213.1449055671692,1364555,444246,3.071620228431995,13383172,3,117,v8_frontier6+ls_resort+ls_move_u2585->c1+ls_move_u2561->c2,/mnt/165d5ea0-c4bf-423a-a83b-e5fb727cf65f/lw/A/p2_v7_1/A题_problem2_solver_v7_1_allcase_plans/case_038_3core.json,
case_038,4,ok,223.54815101623535,1364555,334953,4.073870065352453,14390788,4,120,v8_frontier6|coarse_time+ls_move_u2369->c0+ls_move_u2465->c0+ls_move_u2337->c1+ls_move_u2593->c1+ls_move_u2567->c1,/mnt/165d5ea0-c4bf-423a-a83b-e5fb727cf65f/lw/A/p2_v7_1/A题_problem2_solver_v7_1_allcase_plans/case_038_4core.json,
case_038,5,ok,161.47642397880554,1364555,273430,4.990509453973595,8282120,5,107,v8_level_strong_256_10|fine_win16+ls_resort+ls_move_u5394->c2+ls_move_u5867->c2,/mnt/165d5ea0-c4bf-423a-a83b-e5fb727cf65f/lw/A/p2_v7_1/A题_problem2_solver_v7_1_allcase_plans/case_038_5core.json,
case_039,2,ok,170.08162689208984,1435262,693580,2.0693532108768995,11423744,2,125,v8_frontier6|coarse_time+ls_move_u2607->c1+order_5812_-1_r0+order_5817_-1_r1+order_5821_-1_r2,/mnt/165d5ea0-c4bf-423a-a83b-e5fb727cf65f/lw/A/p2_v7_1/A题_problem2_solver_v7_1_allcase_plans/case_039_2core.json,
case_039,3,ok,147.57474732398987,1435262,464805,3.0878798635987135,12165120,3,112,v8_active3_strong96+focused_unblock_pipe_r0+focused_unblock_pipe_r1+focused_unblock_pipe_r2+pair_shift_pair_r0+pair_shift_pair_r1+focused_wide_unblock_pipe_r0+focused_wide_join_target_r1+focused_wide_unblock_pipe_r0+focused_wide_join_target_r1,/mnt/165d5ea0-c4bf-423a-a83b-e5fb727cf65f/lw/A/p2_v7_1/A题_problem2_solver_v7_1_allcase_plans/case_039_3core.json,
case_039,4,ok,136.84037947654724,1435262,388226,3.6969754730492035,17661952,4,89,v8_wcc_active4+focused_unblock_pipe_r0+focused_unblock_pipe_r1+focused_unblock_pipe_r2+pair_shift_pair_r0+pair_shift_pair_r1+pair_shift_pair_r2+focused_wide_unblock_pipe_r0+focused_wide_unblock_pipe_r1+focused_wide_unblock_pipe_r2+focused_wide_unblock_pipe_r3+focused_wide_unblock_pipe_r4+focused_wide_unblock_pipe_r5+focused_wide_unblock_pipe_r6+focused_wide_unblock_pipe_r7+order_5883_-1_r0+focused_wide_unblock_pipe_r0+focused_wide_unblock_pipe_r1+focused_wide_unblock_pipe_r2+focused_wide_unblock_pipe_r3+focused_wide_unblock_pipe_r4+focused_wide_unblock_pipe_r5+focused_wide_unblock_pipe_r6+focused_wide_unblock_pipe_r7,/mnt/165d5ea0-c4bf-423a-a83b-e5fb727cf65f/lw/A/p2_v7_1/A题_problem2_solver_v7_1_allcase_plans/case_039_4core.json,
case_039,5,ok,169.29143452644348,1435262,338583,4.239025586045371,14319616,5,134,v8_level_strong_256_10|fine_win64+ls_resort+ls_move_u1112->c0+ls_resort+ls_move_u1008->c1+ls_move_u1072->c3,/mnt/165d5ea0-c4bf-423a-a83b-e5fb727cf65f/lw/A/p2_v7_1/A题_problem2_solver_v7_1_allcase_plans/case_039_5core.json,
case_040,2,ok,46.86283493041992,253454,129336,1.959655471021216,341338,2,103,v8_level_aggressive_96_30+pair_shift_pair_r0+pair_shift_pair_r1,/mnt/165d5ea0-c4bf-423a-a83b-e5fb727cf65f/lw/A/p2_v7_1/A题_problem2_solver_v7_1_allcase_plans/case_040_2core.json,
case_040,3,ok,48.914371967315674,253454,88723,2.8566887954645357,570366,3,104,v8_level_aggressive_96_30+ls_move_u84->c0+focused_unblock_pipe_r0,/mnt/165d5ea0-c4bf-423a-a83b-e5fb727cf65f/lw/A/p2_v7_1/A题_problem2_solver_v7_1_allcase_plans/case_040_3core.json,
case_040,4,ok,128.75944781303406,253454,75780,3.344602797571919,995416,4,275,v8_level_aggressive_96_30+ls_move_u62->c1+focused_unblock_pipe_r0+focused_unblock_pipe_r1+focused_unblock_pipe_r2+pair_shift_pair_r0+pair_shift_pair_r1+focused_wide_swap_pipe_r0+focused_wide_unblock_pipe_r1+focused_wide_unblock_pipe_r2+focused_wide_unblock_pipe_r3+focused_wide_unblock_pipe_r4+focused_wide_unblock_pipe_r5+focused_wide_unblock_pipe_r6+focused_wide_unblock_pipe_r0+focused_wide_unblock_pipe_r1+focused_wide_join_source_r2+focused_wide_unblock_pipe_r3+focused_wide_unblock_pipe_r4+focused_wide_join_source_r5,/mnt/165d5ea0-c4bf-423a-a83b-e5fb727cf65f/lw/A/p2_v7_1/A题_problem2_solver_v7_1_allcase_plans/case_040_4core.json,
case_040,5,ok,79.08668208122253,253454,73232,3.4609733449857987,1126516,5,159,seed:case_040_4core.json+ls_move_u1025->c4+ls_move_u1024->c4+ls_move_u1023->c4+ls_move_u1022->c4+ls_move_u1021->c4+ls_move_u1020->c4+ls_move_u1019->c3+ls_move_u1018->c4+ls_move_u1017->c4+ls_move_u998->c4+ls_move_u970->c4+ls_move_u1013->c4+focused_unblock_pipe_r0,/mnt/165d5ea0-c4bf-423a-a83b-e5fb727cf65f/lw/A/p2_v7_1/A题_problem2_solver_v7_1_allcase_plans/case_040_5core.json,
case_041,2,ok,775.5618755817413,6003957,2986462,2.0103912254701384,37238784,2,86,v8_wcc_active2|fine_dfs+ls_resort+ls_resort+ls_move_u16271->c1+ls_resort+ls_move_u16270->c1+ls_move_u16272->c1+ls_move_u16266->c1+ls_move_u16265->c1+ls_move_u16267->c1+ls_move_u16263->c1+ls_move_u16262->c1+ls_move_u16264->c1+ls_move_u16268->c1+ls_move_u16259->c1+ls_move_u16258->c1+focused_unblock_pipe_r0,/mnt/165d5ea0-c4bf-423a-a83b-e5fb727cf65f/lw/A/p2_v7_1/A题_problem2_solver_v7_1_allcase_plans/case_041_2core.json,
case_041,3,ok,653.0985624790192,6003957,1988905,3.0187248762510026,39174144,3,91,v8_wcc_active3|fine_dfs+ls_resort+ls_resort+ls_resort+ls_move_u16187->c1+ls_move_u16186->c1+ls_move_u16188->c2+ls_move_u16182->c1+ls_move_u16181->c1+ls_move_u16183->c2+ls_move_u16179->c1+ls_move_u16178->c1+ls_move_u16180->c2+ls_move_u16184->c2+ls_move_u16175->c2,/mnt/165d5ea0-c4bf-423a-a83b-e5fb727cf65f/lw/A/p2_v7_1/A题_problem2_solver_v7_1_allcase_plans/case_041_3core.json,
case_041,4,ok,456.94623255729675,6003957,1497314,4.009818247875863,34832384,4,69,v8_wcc_active4+focused_unblock_pipe_r0+focused_unblock_pipe_r1+focused_unblock_pipe_r2+pair_shift_pair_r0+focused_wide_unblock_pipe_r0+focused_wide_unblock_pipe_r1+order_15952_-1_r0+order_15951_-1_r1,/mnt/165d5ea0-c4bf-423a-a83b-e5fb727cf65f/lw/A/p2_v7_1/A题_problem2_solver_v7_1_allcase_plans/case_041_4core.json,
case_041,5,ok,489.1156277656555,6003957,1210722,4.95898893387582,38205440,5,76,v8_wcc_active5+focused_unblock_pipe_r0,/mnt/165d5ea0-c4bf-423a-a83b-e5fb727cf65f/lw/A/p2_v7_1/A题_problem2_solver_v7_1_allcase_plans/case_041_5core.json,
case_042,2,ok,171.68658471107483,1686740,804557,2.096482909228308,4167696,2,160,v8_frontier6|coarse_time+ls_resort+ls_resort+ls_resort+ls_move_u2041->c1+ls_move_u2039->c1+ls_move_u2037->c1+ls_move_u2055->c1+ls_move_u2051->c1+ls_move_u2049->c1+ls_move_u2047->c1+ls_move_u2054->c1+ls_move_u2056->c1+ls_move_u2035->c1+ls_move_u2033->c1+ls_move_u2031->c1+ls_move_u2046->c1+focused_unblock_pipe_r0+focused_unblock_pipe_r1+pair_shift_pair_r0+focused_wide_unblock_pipe_r0,/mnt/165d5ea0-c4bf-423a-a83b-e5fb727cf65f/lw/A/p2_v7_1/A题_problem2_solver_v7_1_allcase_plans/case_042_2core.json,
case_042,3,ok,205.82604217529297,1686740,541439,3.115290919198654,18332248,3,141,v8_frontier6|coarse_time+ls_move_u2042->c0+ls_move_u2039->c2+ls_move_u2036->c2+ls_move_u2033->c2+ls_move_u1994->c0+ls_move_u2056->c1+ls_move_u2055->c0+ls_move_u2040->c0+ls_move_u1972->c0+ls_move_u2037->c0+focused_unblock_pipe_r0+focused_unblock_pipe_r1+focused_unblock_pipe_r2+pair_shift_pair_r0+pair_shift_pair_r1+pair_shift_pair_r2+order_4703_-1_r0+order_4704_-1_r1+order_4705_-1_r2,/mnt/165d5ea0-c4bf-423a-a83b-e5fb727cf65f/lw/A/p2_v7_1/A题_problem2_solver_v7_1_allcase_plans/case_042_3core.json,
case_042,4,ok,195.2375750541687,1686740,409357,4.120462090546882,9802844,4,174,v8_frontier6+ls_move_u2040->c2+ls_move_u2050->c0+ls_move_u2036->c2+ls_move_u2042->c0+ls_move_u2032->c2+ls_move_u2038->c0+ls_move_u2028->c2+ls_move_u2034->c0+ls_move_u2004->c0+ls_move_u2030->c0+ls_move_u2000->c0+ls_move_u2026->c0+ls_move_u1996->c0+pair_shift_pair_r0+pair_shift_pair_r1+pair_join_target_pair_r2+focused_wide_join_target_r0+order_733_-1_r0,/mnt/165d5ea0-c4bf-423a-a83b-e5fb727cf65f/lw/A/p2_v7_1/A题_problem2_solver_v7_1_allcase_plans/case_042_4core.json,
case_042,5,ok,181.95753455162048,1686740,329486,5.119307041877349,11282264,5,153,v8_frontier6+focused_unblock_pipe_r0+focused_unblock_pipe_r1+focused_unblock_pipe_r2+pair_shift_pair_r0+pair_shift_pair_r1+pair_shift_pair_r2+pair_join_target_pair_r3+pair_shift_pair_r4+focused_wide_unblock_pipe_r0+focused_wide_unblock_pipe_r1+focused_wide_join_target_r2+order_4115_-1_r0+order_4603_-1_r1+order_3919_-1_r2+focused_wide_unblock_pipe_r0,/mnt/165d5ea0-c4bf-423a-a83b-e5fb727cf65f/lw/A/p2_v7_1/A题_problem2_solver_v7_1_allcase_plans/case_042_5core.json,
case_043,2,ok,246.98932242393494,677656,306423,2.211505011046821,7501966,2,84,slack_t0.5_c1.0_a2|fine_time+focused_swap_pipe_retime_r0+focused_swap_pipe_retime_r1+focused_unblock_pipe_retime_r2+pair_shift_pair_retime_r0+pair_shift_pair_retime_r1+pair_shift_pair_retime_r2+focused_wide_unblock_pipe_retime_r0,/mnt/165d5ea0-c4bf-423a-a83b-e5fb727cf65f/lw/A/p2_v7_1/A题_problem2_solver_v7_1_allcase_plans/case_043_2core.json,
case_043,3,ok,300.8563814163208,677656,228205,2.9695054884862295,9686838,3,100,slack_t0.25_c0.6_a3|fine_time+focused_swap_pipe_retime_r0+focused_unblock_pipe_r1+focused_unblock_pipe_retime_r2+pair_shift_pair_r0+pair_shift_pair_retime_r1+pair_shift_pair_r2,/mnt/165d5ea0-c4bf-423a-a83b-e5fb727cf65f/lw/A/p2_v7_1/A题_problem2_solver_v7_1_allcase_plans/case_043_3core.json,
case_043,4,ok,253.95412182807922,677656,179205,3.7814569905973605,5757218,4,100,v8_micro64_b40|fine_time+ls_resort+focused_unblock_pipe_retime_r0+focused_unblock_pipe_retime_r1+focused_unblock_pipe_r2+pair_shift_pair_retime_r0+pair_shift_pair_retime_r1+pair_shift_pair_r2,/mnt/165d5ea0-c4bf-423a-a83b-e5fb727cf65f/lw/A/p2_v7_1/A题_problem2_solver_v7_1_allcase_plans/case_043_4core.json,
case_043,5,ok,222.5121030807495,677656,161051,4.207710600989748,5145908,5,96,v8_level_aggressive_160_20+pair_shift_pair_r0+pair_shift_pair_r1+pair_shift_pair_r2+focused_wide_unblock_pipe_r0+focused_wide_join_target_r1+focused_wide_unblock_pipe_r0,/mnt/165d5ea0-c4bf-423a-a83b-e5fb727cf65f/lw/A/p2_v7_1/A题_problem2_solver_v7_1_allcase_plans/case_043_5core.json,
case_044,2,ok,22.1866557598114,154407,43892,3.517884808165497,946784,2,126,slack_t0.5_c1.0_a2|fine_time~win256~win512+focused_wide_unblock_pipe_r0+focused_wide_unblock_pipe_r1+order_925_-1_r0+order_675_-1_r1+order_425_-1_r2,/mnt/165d5ea0-c4bf-423a-a83b-e5fb727cf65f/lw/A/p2_v7_1/A题_problem2_solver_v7_1_allcase_plans/case_044_2core.json,
case_044,3,ok,22.99950122833252,154407,43866,3.51996990835727,954976,3,132,seed:case_044_2core.json+focused_unblock_pipe_r0+order_1175_-1_r0+order_425_-1_r1+order_924_-1_r2,/mnt/165d5ea0-c4bf-423a-a83b-e5fb727cf65f/lw/A/p2_v7_1/A题_problem2_solver_v7_1_allcase_plans/case_044_3core.json,
case_044,4,ok,20.350500345230103,154407,43717,3.531966969371183,954976,3,120,seed:case_044_3core.json+order_925_-1_r0+order_424_1_r1+order_170_-1_r2,/mnt/165d5ea0-c4bf-423a-a83b-e5fb727cf65f/lw/A/p2_v7_1/A题_problem2_solver_v7_1_allcase_plans/case_044_4core.json,
case_044,5,ok,20.335731744766235,154407,42141,3.6640563821456538,1041376,3,120,seed:case_044_4core.json+ls_move_u20->c3+ls_resort+ls_move_u4->c0+focused_join_target_r0+order_175_-1_r0,/mnt/165d5ea0-c4bf-423a-a83b-e5fb727cf65f/lw/A/p2_v7_1/A题_problem2_solver_v7_1_allcase_plans/case_044_5core.json,
case_045,2,ok,19.29718327522278,125614,63059,1.99200748505368,0,2,86,v8_wcc_active2,/mnt/165d5ea0-c4bf-423a-a83b-e5fb727cf65f/lw/A/p2_v7_1/A题_problem2_solver_v7_1_allcase_plans/case_045_2core.json,
case_045,3,ok,19.75622010231018,125614,42304,2.9693173222390317,0,3,93,v8_corephase_0.1_1.1,/mnt/165d5ea0-c4bf-423a-a83b-e5fb727cf65f/lw/A/p2_v7_1/A题_problem2_solver_v7_1_allcase_plans/case_045_3core.json,
case_045,4,ok,18.73040771484375,125614,31871,3.941325970317844,0,4,98,v8_level_strong_128_12,/mnt/165d5ea0-c4bf-423a-a83b-e5fb727cf65f/lw/A/p2_v7_1/A题_problem2_solver_v7_1_allcase_plans/case_045_4core.json,
case_045,5,ok,24.88595485687256,125614,26088,4.8150107329040175,32768,5,135,v8_wcc_active5+focused_wide_unblock_pipe_r0+focused_wide_unblock_pipe_r1,/mnt/165d5ea0-c4bf-423a-a83b-e5fb727cf65f/lw/A/p2_v7_1/A题_problem2_solver_v7_1_allcase_plans/case_045_5core.json,
case_046,2,ok,13.932142496109009,276455,105852,2.6117125798284397,963168,2,117,v8_level_none_80_20|fine_time~win256+pair_shift_pair_r0,/mnt/165d5ea0-c4bf-423a-a83b-e5fb727cf65f/lw/A/p2_v7_1/A题_problem2_solver_v7_1_allcase_plans/case_046_2core.json,
case_046,3,ok,20.588728189468384,276455,79365,3.4833364833364833,1909952,3,174,v8_active3_strong96|fine_time~win256+focused_unblock_pipe_r0+focused_unblock_pipe_r1+order_912_-1_r0+order_165_-1_r1+order_164_-1_r2,/mnt/165d5ea0-c4bf-423a-a83b-e5fb727cf65f/lw/A/p2_v7_1/A题_problem2_solver_v7_1_allcase_plans/case_046_3core.json,
case_046,4,ok,11.867709875106812,276455,78118,3.538941089121585,2791200,4,106,v8_level_none_80_20|fine_time~win256+order_1036_-1_r0,/mnt/165d5ea0-c4bf-423a-a83b-e5fb727cf65f/lw/A/p2_v7_1/A题_problem2_solver_v7_1_allcase_plans/case_046_4core.json,
case_046,5,ok,10.610993385314941,276455,78118,3.538941089121585,2791200,4,91,seed:case_046_4core.json,/mnt/165d5ea0-c4bf-423a-a83b-e5fb727cf65f/lw/A/p2_v7_1/A题_problem2_solver_v7_1_allcase_plans/case_046_5core.json,
case_047,2,ok,376.8307030200958,326508,150573,2.1684365722938375,1355302,2,73,v8_micro64_b40|fine_time+ls_move_u2289->c1+ls_move_u2374->c0+ls_move_u2366->c0+focused_unblock_pipe_retime_r0+focused_unblock_pipe_retime_r1+focused_unblock_pipe_retime_r2+focused_wide_unblock_pipe_r0+order_13905_-1_r0+order_13886_-1_r1,/mnt/165d5ea0-c4bf-423a-a83b-e5fb727cf65f/lw/A/p2_v7_1/A题_problem2_solver_v7_1_allcase_plans/case_047_2core.json,
case_047,3,ok,371.9724266529083,326508,112092,2.9128572957927417,2077292,3,83,v8_level_aggressive_96_30|fine_time+ls_move_u2303->c0+ls_move_u2282->c1+ls_move_u2453->c0+focused_unblock_pipe_r0+focused_swap_pipe_retime_r1+focused_unblock_pipe_retime_r2+order_13940_-1_r0+focused_wide_unblock_pipe_retime_r0,/mnt/165d5ea0-c4bf-423a-a83b-e5fb727cf65f/lw/A/p2_v7_1/A题_problem2_solver_v7_1_allcase_plans/case_047_3core.json,
case_047,4,ok,342.00251173973083,326508,97404,3.3521005297523714,2935666,4,73,v8_micro64_b40|fine_time+focused_unblock_pipe_retime_r0+focused_unblock_pipe_retime_r1+focused_unblock_pipe_retime_r2+focused_wide_unblock_pipe_retime_r0+focused_wide_unblock_pipe_retime_r1,/mnt/165d5ea0-c4bf-423a-a83b-e5fb727cf65f/lw/A/p2_v7_1/A题_problem2_solver_v7_1_allcase_plans/case_047_4core.json,
case_047,5,ok,387.60600304603577,326508,97287,3.3561318572882297,2948468,5,84,seed:case_047_4core.json|fine_time+ls_move_u2178->c4+ls_move_u2184->c3,/mnt/165d5ea0-c4bf-423a-a83b-e5fb727cf65f/lw/A/p2_v7_1/A题_problem2_solver_v7_1_allcase_plans/case_047_5core.json,
case_048,2,ok,50.197229623794556,222220,117771,1.8868821696342903,508486,2,186,v8_micro64_b40|fine_time+ls_move_u728->c1+ls_move_u723->c0+ls_move_u711->c1+focused_unblock_pipe_retime_r0+pair_shift_pair_retime_r0+pair_join_source_pair_r1+pair_shift_pair_r2+pair_shift_pair_retime_r3+focused_wide_unblock_pipe_retime_r0+focused_wide_unblock_pipe_r1+focused_wide_join_source_r2+focused_wide_unblock_pipe_retime_r3,/mnt/165d5ea0-c4bf-423a-a83b-e5fb727cf65f/lw/A/p2_v7_1/A题_problem2_solver_v7_1_allcase_plans/case_048_2core.json,
case_048,3,ok,49.81155204772949,222220,104712,2.1222018488807395,655436,3,179,v8_level_aggressive_160_20|fine_time+ls_move_u835->c2+ls_move_u826->c2+ls_move_u725->c2+ls_move_u724->c2+ls_resort+focused_unblock_pipe_retime_r0+focused_unblock_pipe_retime_r1+focused_unblock_pipe_retime_r2+pair_shift_pair_retime_r0+pair_shift_pair_retime_r1+pair_join_third_core_r2+focused_wide_join_source_r0,/mnt/165d5ea0-c4bf-423a-a83b-e5fb727cf65f/lw/A/p2_v7_1/A题_problem2_solver_v7_1_allcase_plans/case_048_3core.json,
case_048,4,ok,47.88975715637207,222220,99368,2.236333628532324,770578,4,165,v8_level_strong_256_10|fine_time+ls_move_u837->c3+ls_move_u725->c3+ls_move_u805->c2+ls_move_u871->c2+ls_move_u627->c0+ls_move_u702->c3+ls_move_u655->c3+focused_unblock_pipe_retime_r0+focused_unblock_pipe_retime_r1+focused_join_source_r2+pair_shift_pair_r0+pair_shift_pair_r1+focused_wide_unblock_pipe_r0,/mnt/165d5ea0-c4bf-423a-a83b-e5fb727cf65f/lw/A/p2_v7_1/A题_problem2_solver_v7_1_allcase_plans/case_048_4core.json,
case_048,5,ok,35.78674602508545,222220,97489,2.2794366543917777,697400,5,134,v8_level_aggressive_160_20|fine_time+ls_move_u816->c4+ls_move_u808->c2+ls_move_u816->c1+ls_move_u808->c1+ls_move_u612->c2+ls_move_u709->c2+ls_move_u612->c4+ls_move_u218->c2,/mnt/165d5ea0-c4bf-423a-a83b-e5fb727cf65f/lw/A/p2_v7_1/A题_problem2_solver_v7_1_allcase_plans/case_048_5core.json,
case_049,2,ok,122.28273177146912,196276,89325,2.1973243772739997,341198,2,160,v8_level_aggressive_160_20|fine_time+ls_move_u1147->c0+ls_move_u1112->c0+ls_move_u1157->c0+ls_move_u1148->c0+ls_move_u1149->c0+ls_move_u1159->c0+ls_move_u1147->c1+ls_move_u1159->c1+ls_move_u1111->c0+ls_move_u1158->c0+ls_move_u1113->c0+ls_move_u1114->c0+ls_move_u1115->c0+focused_unblock_pipe_retime_r0+focused_unblock_pipe_r1+focused_unblock_pipe_retime_r2+pair_shift_pair_retime_r0+pair_shift_pair_retime_r1+pair_shift_pair_retime_r2+pair_shift_pair_r3+focused_wide_unblock_pipe_r0,/mnt/165d5ea0-c4bf-423a-a83b-e5fb727cf65f/lw/A/p2_v7_1/A题_problem2_solver_v7_1_allcase_plans/case_049_2core.json,
case_049,3,ok,157.05910778045654,196276,64547,3.0408229662106683,457148,3,217,v8_level_aggressive_160_20|fine_time+ls_move_u1135->c2+ls_move_u1136->c2+ls_move_u1137->c1+ls_move_u1134->c1+ls_move_u1115->c1+ls_move_u1102->c1+ls_move_u1168->c1+ls_move_u1101->c1+ls_move_u1114->c1+ls_move_u1100->c1+ls_move_u1113->c1+ls_move_u1133->c1+ls_move_u1135->c1+ls_move_u1112->c1+ls_move_u1167->c1+focused_join_target_r0+focused_unblock_pipe_retime_r1+focused_unblock_pipe_retime_r2+focused_wide_unblock_pipe_retime_r0+focused_wide_unblock_pipe_retime_r1+focused_wide_unblock_pipe_r2+focused_wide_unblock_pipe_r3+focused_wide_unblock_pipe_r4+focused_wide_unblock_pipe_r5+order_7969_-1_r0+order_7971_-1_r1+order_8039_-1_r2+focused_wide_unblock_pipe_r0+focused_wide_unblock_pipe_retime_r1+focused_wide_unblock_pipe_r2+focused_wide_unblock_pipe_r3,/mnt/165d5ea0-c4bf-423a-a83b-e5fb727cf65f/lw/A/p2_v7_1/A题_problem2_solver_v7_1_allcase_plans/case_049_3core.json,
case_049,4,ok,167.4750075340271,196276,50621,3.8773631496809626,1043550,4,215,v8_level_aggressive_96_30|fine_time+ls_resort+ls_move_u907->c3+ls_move_u899->c3+ls_move_u893->c3+focused_unblock_pipe_r0+focused_unblock_pipe_r1+focused_swap_pipe_retime_r2+pair_shift_pair_retime_r0+pair_shift_pair_retime_r1+pair_shift_pair_retime_r2+focused_wide_unblock_pipe_retime_r0+focused_wide_unblock_pipe_retime_r1+order_fine_r0+order_9019_-1_r1+order_7903_-1_r2+focused_wide_unblock_pipe_retime_r0,/mnt/165d5ea0-c4bf-423a-a83b-e5fb727cf65f/lw/A/p2_v7_1/A题_problem2_solver_v7_1_allcase_plans/case_049_4core.json,
case_049,5,ok,128.7792739868164,196276,44880,4.373351158645276,865636,5,178,v8_level_aggressive_160_20|fine_time+ls_move_u1092->c4+ls_move_u1127->c3+ls_move_u1140->c1+focused_unblock_pipe_retime_r0+focused_unblock_pipe_retime_r1+focused_unblock_pipe_retime_r2+order_7937_-1_r0+order_8117_-1_r1+order_8201_-1_r2,/mnt/165d5ea0-c4bf-423a-a83b-e5fb727cf65f/lw/A/p2_v7_1/A题_problem2_solver_v7_1_allcase_plans/case_049_5core.json,
case_050,2,ok,137.61237144470215,149690,69513,2.1534101534964685,639770,2,162,v8_level_aggressive_96_30|fine_time+ls_move_u1326->c1+ls_move_u1615->c1+ls_move_u1534->c1+ls_move_u1717->c1+ls_move_u1707->c1+focused_unblock_pipe_retime_r0+focused_swap_pipe_retime_r1+focused_swap_pipe_retime_r2+pair_shift_pair_retime_r0+pair_shift_pair_retime_r1+pair_shift_pair_retime_r2+pair_shift_pair_r3,/mnt/165d5ea0-c4bf-423a-a83b-e5fb727cf65f/lw/A/p2_v7_1/A题_problem2_solver_v7_1_allcase_plans/case_050_2core.json,
case_050,3,ok,146.87782835960388,149690,48725,3.0721395587480758,685344,3,176,v8_level_aggressive_96_30|fine_time+ls_move_u1623->c1+focused_unblock_pipe_retime_r0+focused_unblock_pipe_retime_r1+focused_unblock_pipe_r2+pair_shift_pair_retime_r0+pair_shift_pair_retime_r1+focused_wide_unblock_pipe_r0,/mnt/165d5ea0-c4bf-423a-a83b-e5fb727cf65f/lw/A/p2_v7_1/A题_problem2_solver_v7_1_allcase_plans/case_050_3core.json,
case_050,4,ok,154.14000296592712,149690,39980,3.7441220610305153,683494,4,193,v8_level_aggressive_160_20|fine_time+ls_move_u1320->c1+ls_move_u1717->c1+ls_move_u1718->c1+focused_swap_pipe_retime_r0+focused_unblock_pipe_r1+pair_shift_pair_retime_r0+pair_shift_pair_retime_r1+pair_shift_pair_retime_r2+focused_wide_swap_pipe_retime_r0+focused_wide_unblock_pipe_retime_r1+focused_wide_unblock_pipe_r2+focused_wide_unblock_pipe_r3,/mnt/165d5ea0-c4bf-423a-a83b-e5fb727cf65f/lw/A/p2_v7_1/A题_problem2_solver_v7_1_allcase_plans/case_050_4core.json,
case_050,5,ok,172.5551688671112,149690,34774,4.304652901593144,982388,5,193,v8_level_aggressive_96_30|fine_time+ls_resort+ls_move_u1675->c1+ls_move_u1793->c4+ls_move_u1811->c4+focused_swap_pipe_retime_r0+focused_unblock_pipe_retime_r1+focused_unblock_pipe_retime_r2+pair_shift_pair_retime_r0+pair_shift_pair_retime_r1+pair_shift_pair_retime_r2+focused_wide_unblock_pipe_retime_r0+focused_wide_unblock_pipe_r1+focused_wide_unblock_pipe_retime_r2+focused_wide_unblock_pipe_retime_r3+focused_wide_unblock_pipe_retime_r4+focused_wide_unblock_pipe_r5+focused_wide_unblock_pipe_r0+focused_wide_unblock_pipe_r1+focused_wide_unblock_pipe_r2,/mnt/165d5ea0-c4bf-423a-a83b-e5fb727cf65f/lw/A/p2_v7_1/A题_problem2_solver_v7_1_allcase_plans/case_050_5core.json,
case_051,2,ok,29.054388284683228,607628,318801,1.905978964934238,394176,2,142,v8_level_strong_1024_8+ls_move_u451->c0+ls_move_u446->c0+ls_move_u432->c1+ls_move_u427->c1+ls_move_u413->c0+ls_move_u408->c0+ls_move_u394->c1+ls_move_u389->c1+ls_move_u375->c0+ls_move_u370->c0+ls_move_u356->c1+ls_move_u351->c1,/mnt/165d5ea0-c4bf-423a-a83b-e5fb727cf65f/lw/A/p2_v7_1/A题_problem2_solver_v7_1_allcase_plans/case_051_2core.json,
case_051,3,ok,24.88403820991516,607628,228510,2.659087129666098,263204,3,122,v8_level_strong_256_10,/mnt/165d5ea0-c4bf-423a-a83b-e5fb727cf65f/lw/A/p2_v7_1/A题_problem2_solver_v7_1_allcase_plans/case_051_3core.json,
case_051,4,ok,30.72908067703247,607628,182982,3.3206982107529703,689532,4,145,v8_level_strong_256_10|coarse_time+ls_move_u495->c0+ls_move_u474->c2+ls_move_u453->c1+ls_move_u432->c0+ls_move_u411->c2+ls_move_u390->c1,/mnt/165d5ea0-c4bf-423a-a83b-e5fb727cf65f/lw/A/p2_v7_1/A题_problem2_solver_v7_1_allcase_plans/case_051_4core.json,
case_051,5,ok,26.685227394104004,607628,169473,3.5853970839012703,460092,5,128,v8_level_none_80_20,/mnt/165d5ea0-c4bf-423a-a83b-e5fb727cf65f/lw/A/p2_v7_1/A题_problem2_solver_v7_1_allcase_plans/case_051_5core.json,
case_052,2,ok,29.776405334472656,180301,78048,2.310129663796638,136924,2,204,v8_micro64_b40|fine_win64+ls_move_u571->c0+ls_move_u783->c0+ls_move_u791->c0+ls_move_u636->c0+ls_move_u891->c1+focused_join_source_retime_r0+focused_unblock_pipe_retime_r1+focused_unblock_pipe_retime_r2+pair_shift_pair_retime_r0+pair_shift_pair_r1+pair_shift_pair_r2+pair_shift_pair_r3+focused_wide_unblock_pipe_r0+focused_wide_swap_pipe_r1,/mnt/165d5ea0-c4bf-423a-a83b-e5fb727cf65f/lw/A/p2_v7_1/A题_problem2_solver_v7_1_allcase_plans/case_052_2core.json,
case_052,3,ok,26.631078243255615,180301,50352,3.5808110899269145,221268,3,168,v8_level_aggressive_96_30|fine_win64+ls_move_u875->c2+ls_move_u859->c2+ls_move_u747->c2+ls_move_u843->c1+ls_move_u740->c1+ls_move_u741->c1+ls_move_u742->c1+ls_move_u596->c1+ls_move_u438->c1+ls_move_u402->c1+ls_move_u383->c1+ls_move_u332->c1+ls_move_u327->c1+focused_unblock_pipe_r0+focused_unblock_pipe_r1+focused_unblock_pipe_retime_r2+pair_shift_pair_retime_r0+pair_shift_pair_retime_r1+pair_shift_pair_retime_r2+pair_shift_pair_retime_r3+pair_shift_pair_retime_r4+focused_wide_unblock_pipe_retime_r0+focused_wide_unblock_pipe_retime_r1+focused_wide_swap_pipe_retime_r2+focused_wide_unblock_pipe_r3+focused_wide_unblock_pipe_r4+focused_wide_swap_pipe_retime_r5+focused_wide_unblock_pipe_r6+focused_wide_unblock_pipe_r7+focused_wide_unblock_pipe_retime_r0+focused_wide_swap_pipe_retime_r1+focused_wide_unblock_pipe_retime_r2+focused_wide_unblock_pipe_r3+focused_wide_unblock_pipe_retime_r4+focused_wide_unblock_pipe_r5+focused_wide_unblock_pipe_r6+focused_wide_unblock_pipe_r7,/mnt/165d5ea0-c4bf-423a-a83b-e5fb727cf65f/lw/A/p2_v7_1/A题_problem2_solver_v7_1_allcase_plans/case_052_3core.json,
case_052,4,ok,29.50942039489746,180301,38567,4.675007130448311,298952,4,187,v8_wcc_active4|fine_win16+ls_move_u658->c2+ls_move_u908->c1+ls_move_u657->c2+ls_move_u656->c2+ls_move_u655->c2+ls_move_u667->c1+ls_move_u905->c1+ls_move_u909->c1+ls_move_u654->c2+ls_move_u910->c1+ls_move_u911->c1+ls_move_u801->c1+ls_move_u782->c1+focused_unblock_pipe_retime_r0+focused_swap_pipe_retime_r1+focused_unblock_pipe_retime_r2+pair_shift_pair_retime_r0+pair_shift_pair_retime_r1+pair_shift_pair_retime_r2+pair_shift_pair_r3+pair_shift_pair_retime_r4+focused_wide_unblock_pipe_r0+focused_wide_unblock_pipe_r1+focused_wide_unblock_pipe_r2+focused_wide_unblock_pipe_r3+focused_wide_unblock_pipe_retime_r4+focused_wide_swap_pipe_retime_r5+focused_wide_unblock_pipe_retime_r6+focused_wide_swap_pipe_retime_r7+focused_wide_unblock_pipe_retime_r0+focused_wide_swap_pipe_retime_r1+focused_wide_unblock_pipe_r2+focused_wide_unblock_pipe_r3+focused_wide_unblock_pipe_r4+focused_wide_unblock_pipe_r5+focused_wide_swap_pipe_retime_r6+focused_wide_unblock_pipe_r7,/mnt/165d5ea0-c4bf-423a-a83b-e5fb727cf65f/lw/A/p2_v7_1/A题_problem2_solver_v7_1_allcase_plans/case_052_4core.json,
case_052,5,ok,28.76942205429077,180301,31514,5.721298470521038,350488,5,180,v8_level_aggressive_160_20|fine_win64+ls_move_u891->c4+ls_move_u843->c4+ls_move_u526->c4+ls_move_u527->c4+ls_move_u528->c3+ls_move_u438->c4+ls_move_u312->c4+ls_move_u301->c4+ls_move_u250->c4+ls_move_u332->c3+ls_move_u327->c3+ls_move_u322->c3+focused_unblock_pipe_retime_r0+focused_unblock_pipe_retime_r1+focused_unblock_pipe_retime_r2+pair_shift_pair_retime_r0+pair_shift_pair_retime_r1+pair_shift_pair_retime_r2+pair_shift_pair_r3+pair_shift_pair_r4+focused_wide_swap_pipe_retime_r0+focused_wide_unblock_pipe_retime_r1+focused_wide_unblock_pipe_r2+focused_wide_unblock_pipe_retime_r3+focused_wide_unblock_pipe_retime_r4+focused_wide_swap_pipe_retime_r5+focused_wide_unblock_pipe_r6+focused_wide_unblock_pipe_r7+focused_wide_unblock_pipe_r0+focused_wide_unblock_pipe_r1+focused_wide_unblock_pipe_r2+focused_wide_unblock_pipe_r3+focused_wide_unblock_pipe_r4+focused_wide_unblock_pipe_retime_r5+focused_wide_swap_pipe_retime_r6+focused_wide_unblock_pipe_r7,/mnt/165d5ea0-c4bf-423a-a83b-e5fb727cf65f/lw/A/p2_v7_1/A题_problem2_solver_v7_1_allcase_plans/case_052_5core.json,
case_053,2,ok,280.68649530410767,1472686,642025,2.293814103812157,4522510,2,70,v8_level_strong_1024_8|fine_time+focused_swap_pipe_retime_r0+focused_unblock_pipe_retime_r1+focused_unblock_pipe_retime_r2+pair_shift_pair_retime_r0+pair_shift_pair_retime_r1+focused_wide_swap_pipe_retime_r0+focused_wide_unblock_pipe_r1+focused_wide_unblock_pipe_retime_r2,/mnt/165d5ea0-c4bf-423a-a83b-e5fb727cf65f/lw/A/p2_v7_1/A题_problem2_solver_v7_1_allcase_plans/case_053_2core.json,
case_053,3,ok,303.00447940826416,1472686,457855,3.2164899367703748,7164408,3,80,v8_level_strong_128_12|fine_time+ls_resort+ls_move_u10074->c2+focused_unblock_pipe_retime_r0+focused_unblock_pipe_retime_r1+focused_unblock_pipe_retime_r2+pair_shift_pair_retime_r0+focused_wide_swap_pipe_retime_r0,/mnt/165d5ea0-c4bf-423a-a83b-e5fb727cf65f/lw/A/p2_v7_1/A题_problem2_solver_v7_1_allcase_plans/case_053_3core.json,
case_053,4,ok,323.8565375804901,1472686,381682,3.858410928469249,9218514,4,81,v8_level_strong_1024_8|fine_time,/mnt/165d5ea0-c4bf-423a-a83b-e5fb727cf65f/lw/A/p2_v7_1/A题_problem2_solver_v7_1_allcase_plans/case_053_4core.json,
case_053,5,ok,368.2847943305969,1472686,360479,4.085358647799178,10787658,5,91,v8_level_strong_256_10|fine_time+focused_unblock_pipe_retime_r0+focused_unblock_pipe_retime_r1,/mnt/165d5ea0-c4bf-423a-a83b-e5fb727cf65f/lw/A/p2_v7_1/A题_problem2_solver_v7_1_allcase_plans/case_053_5core.json,
case_054,2,ok,451.0892565250397,815051,398731,2.044112446737274,3170242,2,73,v8_level_aggressive_96_30|fine_time+ls_resort+ls_move_u3751->c0+ls_move_u4461->c0+focused_swap_pipe_retime_r0+focused_swap_pipe_retime_r1+focused_unblock_pipe_retime_r2+pair_shift_pair_retime_r0+focused_wide_unblock_pipe_r0,/mnt/165d5ea0-c4bf-423a-a83b-e5fb727cf65f/lw/A/p2_v7_1/A题_problem2_solver_v7_1_allcase_plans/case_054_2core.json,
case_054,3,ok,437.9260022640228,815051,280297,2.907812070767793,4035608,3,77,v8_level_aggressive_96_30|fine_time+ls_move_u3692->c2+ls_move_u4319->c0+focused_swap_pipe_retime_r0+focused_unblock_pipe_retime_r1+focused_swap_pipe_retime_r2+pair_shift_pair_r0+pair_shift_pair_retime_r1+focused_wide_unblock_pipe_retime_r0+focused_wide_unblock_pipe_retime_r1+focused_wide_unblock_pipe_retime_r0,/mnt/165d5ea0-c4bf-423a-a83b-e5fb727cf65f/lw/A/p2_v7_1/A题_problem2_solver_v7_1_allcase_plans/case_054_3core.json,
case_054,4,ok,457.12814569473267,815051,229708,3.548204677242412,4999050,4,83,v8_level_aggressive_96_30|fine_time+ls_move_u3760->c1+focused_swap_pipe_retime_r0+focused_unblock_pipe_retime_r1+focused_unblock_pipe_retime_r2,/mnt/165d5ea0-c4bf-423a-a83b-e5fb727cf65f/lw/A/p2_v7_1/A题_problem2_solver_v7_1_allcase_plans/case_054_4core.json,
case_054,5,ok,462.3349714279175,815051,196133,4.155603595519367,5764844,5,82,v8_level_aggressive_96_30|fine_time+ls_move_u3775->c4+focused_wide_swap_pipe_retime_r0+order_fine_r0,/mnt/165d5ea0-c4bf-423a-a83b-e5fb727cf65f/lw/A/p2_v7_1/A题_problem2_solver_v7_1_allcase_plans/case_054_5core.json,
case_055,2,ok,49.17426419258118,118835,46326,2.5651901739843717,1090932,2,212,slack_t0.5_c1.0_a2|fine_time+focused_swap_pipe_retime_r0+focused_unblock_pipe_retime_r1+focused_unblock_pipe_r2+pair_shift_pair_r0+pair_shift_pair_r1+pair_shift_pair_retime_r2+pair_shift_pair_retime_r3+pair_shift_pair_r4+focused_wide_unblock_pipe_r0+focused_wide_unblock_pipe_r1+focused_wide_unblock_pipe_r2+focused_wide_unblock_pipe_retime_r3+focused_wide_unblock_pipe_r4+focused_wide_unblock_pipe_r5+focused_wide_swap_pipe_r6+focused_wide_unblock_pipe_r7+focused_wide_unblock_pipe_r0+focused_wide_unblock_pipe_r1+focused_wide_unblock_pipe_r2+focused_wide_unblock_pipe_r3+focused_wide_unblock_pipe_r4+focused_wide_unblock_pipe_r5+focused_wide_unblock_pipe_retime_r6+focused_wide_unblock_pipe_r7,/mnt/165d5ea0-c4bf-423a-a83b-e5fb727cf65f/lw/A/p2_v7_1/A题_problem2_solver_v7_1_allcase_plans/case_055_2core.json,
case_055,3,ok,16.233325719833374,118835,36407,3.264070096410031,161288,3,106,v8_level_aggressive_96_30+focused_unblock_pipe_r0,/mnt/165d5ea0-c4bf-423a-a83b-e5fb727cf65f/lw/A/p2_v7_1/A题_problem2_solver_v7_1_allcase_plans/case_055_3core.json,
case_055,4,ok,15.980676174163818,118835,28645,4.148542503054634,210440,4,101,v8_level_aggressive_96_30,/mnt/165d5ea0-c4bf-423a-a83b-e5fb727cf65f/lw/A/p2_v7_1/A题_problem2_solver_v7_1_allcase_plans/case_055_4core.json,
case_055,5,ok,20.39419198036194,118835,23769,4.999579283941268,245260,5,128,v8_level_aggressive_96_30+focused_unblock_pipe_r0+focused_unblock_pipe_r1+focused_unblock_pipe_r2+pair_shift_pair_r0+pair_shift_pair_r1+focused_wide_unblock_pipe_r0,/mnt/165d5ea0-c4bf-423a-a83b-e5fb727cf65f/lw/A/p2_v7_1/A题_problem2_solver_v7_1_allcase_plans/case_055_5core.json,
case_056,2,ok,208.56232738494873,277285,131778,2.104182792271851,1223686,2,110,v8_micro64_b40|fine_time+ls_move_u3126->c1+focused_unblock_pipe_retime_r0+focused_unblock_pipe_retime_r1+focused_unblock_pipe_retime_r2+pair_shift_pair_retime_r0,/mnt/165d5ea0-c4bf-423a-a83b-e5fb727cf65f/lw/A/p2_v7_1/A题_problem2_solver_v7_1_allcase_plans/case_056_2core.json,
case_056,3,ok,211.1780128479004,277285,91928,3.016327995822818,1776186,3,118,v8_level_aggressive_96_30|fine_time+ls_move_u3274->c0+ls_move_u3275->c0,/mnt/165d5ea0-c4bf-423a-a83b-e5fb727cf65f/lw/A/p2_v7_1/A题_problem2_solver_v7_1_allcase_plans/case_056_3core.json,
case_056,4,ok,203.3831558227539,277285,75525,3.6714333002317114,1137330,4,120,v8_level_aggressive_160_20|fine_time+ls_resort+focused_unblock_pipe_retime_r0+focused_unblock_pipe_retime_r1+focused_swap_pipe_retime_r2+pair_shift_pair_retime_r0+focused_wide_unblock_pipe_retime_r0+focused_wide_swap_pipe_retime_r1+focused_wide_unblock_pipe_retime_r2+focused_wide_swap_pipe_r3+focused_wide_unblock_pipe_retime_r4+focused_wide_unblock_pipe_retime_r5+focused_wide_unblock_pipe_retime_r6+order_fine_r0,/mnt/165d5ea0-c4bf-423a-a83b-e5fb727cf65f/lw/A/p2_v7_1/A题_problem2_solver_v7_1_allcase_plans/case_056_4core.json,
case_056,5,ok,185.6236548423767,277285,68485,4.048842812294663,1225752,5,117,v8_level_aggressive_160_20|coarse_time~win256,/mnt/165d5ea0-c4bf-423a-a83b-e5fb727cf65f/lw/A/p2_v7_1/A题_problem2_solver_v7_1_allcase_plans/case_056_5core.json,
case_057,2,ok,31.32367777824402,59726,26476,2.255854358664451,496848,2,207,slack_t0.5_c1.0_a2|fine_time+ls_move_u404->c1+ls_move_u752->c1+ls_move_u554->c1+ls_move_u668->c1+ls_move_u633->c1+ls_move_u608->c1+ls_move_u618->c1+ls_move_u638->c1+ls_move_u504->c1+ls_move_u623->c1+ls_move_u643->c1+ls_move_u667->c1+ls_move_u751->c1+ls_move_u722->c1+ls_move_u648->c1+ls_move_u502->c1+ls_move_u552->c1+ls_move_u555->c1+focused_swap_pipe_retime_r0+focused_unblock_pipe_retime_r1+focused_swap_pipe_retime_r2+pair_shift_pair_retime_r0+focused_wide_unblock_pipe_r0+focused_wide_unblock_pipe_r1+focused_wide_unblock_pipe_r2,/mnt/165d5ea0-c4bf-423a-a83b-e5fb727cf65f/lw/A/p2_v7_1/A题_problem2_solver_v7_1_allcase_plans/case_057_2core.json,
case_057,3,ok,20.955161333084106,59726,18609,3.209522274168413,102620,3,195,v8_level_aggressive_96_30|fine_win16+ls_move_u757->c0+ls_move_u758->c0+ls_move_u638->c0+ls_move_u623->c0+ls_move_u668->c0+ls_move_u561->c1+ls_move_u519->c1+ls_move_u662->c0+ls_move_u561->c2+focused_swap_pipe_retime_r0+focused_unblock_pipe_r1+focused_unblock_pipe_r2+pair_shift_pair_r0,/mnt/165d5ea0-c4bf-423a-a83b-e5fb727cf65f/lw/A/p2_v7_1/A题_problem2_solver_v7_1_allcase_plans/case_057_3core.json,
case_057,4,ok,22.279140949249268,59726,15214,3.9257263047193374,146076,4,204,v8_micro64_b40|fine_win16+ls_move_u658->c0+ls_move_u668->c0+ls_move_u618->c0+ls_move_u653->c0+ls_move_u657->c0+ls_move_u617->c0+ls_move_u628->c0+ls_move_u530->c0+ls_move_u572->c0+ls_move_u561->c0+ls_move_u543->c0+ls_move_u504->c0+ls_move_u519->c3+focused_swap_pipe_r0+pair_shift_pair_r0+pair_shift_pair_r1+pair_shift_pair_r2,/mnt/165d5ea0-c4bf-423a-a83b-e5fb727cf65f/lw/A/p2_v7_1/A题_problem2_solver_v7_1_allcase_plans/case_057_4core.json,
case_057,5,ok,14.440222263336182,59726,13099,4.5595847011222235,104344,5,135,v8_micro64_b40+ls_move_u23->c1+pair_shift_pair_r0+pair_shift_pair_r1,/mnt/165d5ea0-c4bf-423a-a83b-e5fb727cf65f/lw/A/p2_v7_1/A题_problem2_solver_v7_1_allcase_plans/case_057_5core.json,
case_058,2,ok,492.1168122291565,4539717,2216070,2.04854404418633,36761600,2,50,v8_level_strong_256_10+focused_unblock_pipe_r0+focused_unblock_pipe_r1+focused_unblock_pipe_r2+pair_shift_pair_r0+focused_wide_swap_pipe_r0,/mnt/165d5ea0-c4bf-423a-a83b-e5fb727cf65f/lw/A/p2_v7_1/A题_problem2_solver_v7_1_allcase_plans/case_058_2core.json,
case_058,3,ok,380.4879159927368,4539717,1464473,3.09989805206378,18874368,3,65,v8_active3_strong96,/mnt/165d5ea0-c4bf-423a-a83b-e5fb727cf65f/lw/A/p2_v7_1/A题_problem2_solver_v7_1_allcase_plans/case_058_3core.json,
case_058,4,ok,324.05408239364624,4539717,1151817,3.9413526627927875,42668032,4,49,v8_wcc_active4+focused_unblock_pipe_r0+focused_unblock_pipe_r1+focused_unblock_pipe_r2+focused_wide_unblock_pipe_r0+focused_wide_unblock_pipe_r1+focused_wide_unblock_pipe_r2+focused_wide_unblock_pipe_r3+focused_wide_unblock_pipe_r0,/mnt/165d5ea0-c4bf-423a-a83b-e5fb727cf65f/lw/A/p2_v7_1/A题_problem2_solver_v7_1_allcase_plans/case_058_4core.json,
case_058,5,ok,379.81105613708496,4539717,944189,4.8080596151829775,40054784,5,66,v8_level_strong_256_10,/mnt/165d5ea0-c4bf-423a-a83b-e5fb727cf65f/lw/A/p2_v7_1/A题_problem2_solver_v7_1_allcase_plans/case_058_5core.json,
case_059,2,ok,39.728790521621704,829473,369318,2.2459587672412393,360448,2,92,v8_wcc_active2,/mnt/165d5ea0-c4bf-423a-a83b-e5fb727cf65f/lw/A/p2_v7_1/A题_problem2_solver_v7_1_allcase_plans/case_059_2core.json,
case_059,3,ok,74.272132396698,829473,246737,3.3617698196865486,2392064,3,161,v8_frontier6+ls_move_u1171->c2,/mnt/165d5ea0-c4bf-423a-a83b-e5fb727cf65f/lw/A/p2_v7_1/A题_problem2_solver_v7_1_allcase_plans/case_059_3core.json,
case_059,4,ok,43.423168659210205,829473,185216,4.478408992743607,1081344,4,103,v8_wcc_active4,/mnt/165d5ea0-c4bf-423a-a83b-e5fb727cf65f/lw/A/p2_v7_1/A题_problem2_solver_v7_1_allcase_plans/case_059_4core.json,
case_059,5,ok,83.10267519950867,829473,148571,5.583007450983032,4491264,5,161,v8_frontier6,/mnt/165d5ea0-c4bf-423a-a83b-e5fb727cf65f/lw/A/p2_v7_1/A题_problem2_solver_v7_1_allcase_plans/case_059_5core.json,
case_060,2,ok,157.66695261001587,888789,399051,2.2272566664411317,2529632,2,116,v8_micro64_b40|coarse_time+ls_resort+ls_resort+ls_resort+focused_swap_pipe_r0+focused_join_target_r1+focused_join_target_r2+pair_shift_pair_r0+pair_shift_pair_r1+pair_shift_pair_r2+pair_shift_pair_r3+pair_shift_pair_r4+focused_wide_unblock_pipe_r0+focused_wide_unblock_pipe_r1+focused_wide_join_source_r2+focused_wide_unblock_pipe_r3+focused_wide_unblock_pipe_r4+focused_wide_unblock_pipe_r5+focused_wide_join_target_r6,/mnt/165d5ea0-c4bf-423a-a83b-e5fb727cf65f/lw/A/p2_v7_1/A题_problem2_solver_v7_1_allcase_plans/case_060_2core.json,
case_060,3,ok,197.6126902103424,888789,255255,3.4819650937297997,9355106,3,130,v8_frontier6|coarse_time+ls_resort+ls_resort+ls_resort+focused_unblock_pipe_r0+focused_unblock_pipe_r1+focused_unblock_pipe_r2+pair_shift_pair_r0+pair_shift_pair_r1+pair_shift_pair_r2+pair_shift_pair_r3+pair_shift_pair_r4+focused_wide_join_target_r0+focused_wide_join_target_r1+focused_wide_unblock_pipe_r2+focused_wide_join_source_r3+focused_wide_unblock_pipe_r4+focused_wide_unblock_pipe_r5+focused_wide_unblock_pipe_r6+focused_wide_unblock_pipe_r0,/mnt/165d5ea0-c4bf-423a-a83b-e5fb727cf65f/lw/A/p2_v7_1/A题_problem2_solver_v7_1_allcase_plans/case_060_3core.json,
case_060,4,ok,149.45784902572632,888789,196954,4.512673009941408,3602664,4,119,v8_micro64_b40|coarse_time+ls_move_u43->c3+focused_unblock_pipe_r0+focused_join_target_r1+focused_join_target_r2+pair_shift_pair_r0+pair_shift_pair_r1+focused_wide_join_source_r0,/mnt/165d5ea0-c4bf-423a-a83b-e5fb727cf65f/lw/A/p2_v7_1/A题_problem2_solver_v7_1_allcase_plans/case_060_4core.json,
case_060,5,ok,152.5617904663086,888789,157604,5.639380980178168,3992068,5,120,v8_level_aggressive_160_20+focused_unblock_pipe_r0+focused_unblock_pipe_r1+focused_swap_pipe_r2+pair_shift_pair_r0+pair_shift_pair_r1+pair_join_target_pair_r2+focused_wide_join_source_r0+focused_wide_unblock_pipe_r1+focused_wide_unblock_pipe_r2+focused_wide_join_source_r3+focused_wide_unblock_pipe_r4+focused_wide_unblock_pipe_r5+focused_wide_join_target_r6+focused_wide_join_target_r7,/mnt/165d5ea0-c4bf-423a-a83b-e5fb727cf65f/lw/A/p2_v7_1/A题_problem2_solver_v7_1_allcase_plans/case_060_5core.json,
case_061,2,ok,17.265090703964233,77191,38058,2.0282463608176995,29952,2,122,v8_level_aggressive_160_20|fine_dfs+ls_move_u1067->c1+ls_move_u1066->c1+ls_move_u1068->c1+ls_move_u1069->c1+ls_move_u1070->c1+ls_move_u1071->c1+ls_move_u1061->c1,/mnt/165d5ea0-c4bf-423a-a83b-e5fb727cf65f/lw/A/p2_v7_1/A题_problem2_solver_v7_1_allcase_plans/case_061_2core.json,
case_061,3,ok,13.582519292831421,77191,27982,2.7585948109498966,36100,3,98,v8_level_aggressive_160_20,/mnt/165d5ea0-c4bf-423a-a83b-e5fb727cf65f/lw/A/p2_v7_1/A题_problem2_solver_v7_1_allcase_plans/case_061_3core.json,
case_061,4,ok,13.437405586242676,77191,21770,3.545751033532384,83736,4,95,v8_micro64_b40,/mnt/165d5ea0-c4bf-423a-a83b-e5fb727cf65f/lw/A/p2_v7_1/A题_problem2_solver_v7_1_allcase_plans/case_061_4core.json,
case_061,5,ok,23.13174843788147,77191,17289,4.464746370524611,151376,5,149,v8_level_aggressive_160_20|fine_win64+focused_swap_pipe_r0+focused_unblock_pipe_r1+focused_unblock_pipe_r2+pair_shift_pair_retime_r0+pair_shift_pair_r1+pair_shift_pair_retime_r2+pair_shift_pair_retime_r3+pair_shift_pair_retime_r4+focused_wide_unblock_pipe_retime_r0+focused_wide_unblock_pipe_retime_r1+focused_wide_unblock_pipe_retime_r2+focused_wide_swap_pipe_retime_r3+focused_wide_unblock_pipe_retime_r4+focused_wide_unblock_pipe_retime_r5+focused_wide_unblock_pipe_retime_r6+focused_wide_swap_pipe_retime_r7+order_2435_-1_r0,/mnt/165d5ea0-c4bf-423a-a83b-e5fb727cf65f/lw/A/p2_v7_1/A题_problem2_solver_v7_1_allcase_plans/case_061_5core.json,
case_062,2,ok,543.1438977718353,2854809,1431508,1.994266884991212,998400,2,57,v8_micro64_b40+ls_move_u113->c1,/mnt/165d5ea0-c4bf-423a-a83b-e5fb727cf65f/lw/A/p2_v7_1/A题_problem2_solver_v7_1_allcase_plans/case_062_2core.json,
case_062,3,ok,473.6170816421509,2854809,956209,2.9855491843310404,5056512,3,66,v8_level_strong_128_12+order_23926_-1_r0+order_23852_-1_r1,/mnt/165d5ea0-c4bf-423a-a83b-e5fb727cf65f/lw/A/p2_v7_1/A题_problem2_solver_v7_1_allcase_plans/case_062_3core.json,
case_062,4,ok,431.9019238948822,2854809,717126,3.98090293755909,5053440,4,64,v8_level_strong_128_12|coarse_time+ls_move_u64->c0,/mnt/165d5ea0-c4bf-423a-a83b-e5fb727cf65f/lw/A/p2_v7_1/A题_problem2_solver_v7_1_allcase_plans/case_062_4core.json,
case_062,5,ok,612.5630085468292,2854809,575217,4.963012219736204,5348352,5,97,v8_level_strong_256_10+ls_move_u54->c2+ls_move_u42->c4+ls_move_u48->c3+focused_unblock_pipe_r0+focused_unblock_pipe_r1+pair_shift_pair_r0,/mnt/165d5ea0-c4bf-423a-a83b-e5fb727cf65f/lw/A/p2_v7_1/A题_problem2_solver_v7_1_allcase_plans/case_062_5core.json,
case_063,2,ok,188.18113923072815,1070397,536968,1.9934092906839886,1443840,2,97,v8_level_strong_128_12+ls_move_u55->c0+order_8979_-1_r0+order_8987_-1_r1+order_8924_-1_r2,/mnt/165d5ea0-c4bf-423a-a83b-e5fb727cf65f/lw/A/p2_v7_1/A题_problem2_solver_v7_1_allcase_plans/case_063_2core.json,
case_063,3,ok,231.3139820098877,1070397,348339,3.0728600587358867,4396032,3,118,slack_t0.5_c1.0_a3|fine_time+focused_unblock_pipe_retime_r0+focused_join_source_r1+pair_shift_pair_retime_r0+pair_shift_pair_r1,/mnt/165d5ea0-c4bf-423a-a83b-e5fb727cf65f/lw/A/p2_v7_1/A题_problem2_solver_v7_1_allcase_plans/case_063_3core.json,
case_063,4,ok,225.9354169368744,1070397,255793,4.184621940397118,3151872,4,129,slack_t0.5_c1.0_a4|fine_win64+ls_resort+ls_move_u2688->c2+ls_resort+ls_resort+ls_move_u2287->c1+pair_shift_pair_retime_r0+pair_shift_pair_retime_r1+focused_wide_unblock_pipe_retime_r0+focused_wide_unblock_pipe_retime_r1+order_fine_r0,/mnt/165d5ea0-c4bf-423a-a83b-e5fb727cf65f/lw/A/p2_v7_1/A题_problem2_solver_v7_1_allcase_plans/case_063_4core.json,
case_063,5,ok,190.45320343971252,1070397,209974,5.0977597226323255,2635776,5,120,v8_level_strong_256_10|fine_time+ls_resort+ls_move_u4298->c4,/mnt/165d5ea0-c4bf-423a-a83b-e5fb727cf65f/lw/A/p2_v7_1/A题_problem2_solver_v7_1_allcase_plans/case_063_5core.json,
case_064,2,ok,10.662683248519897,19116,10135,1.8861371484953133,45094,2,104,v8_micro64_b40|fine_time+ls_move_u118->c1+order_917_-1_r0+order_934_-1_r1+order_911_-1_r2,/mnt/165d5ea0-c4bf-423a-a83b-e5fb727cf65f/lw/A/p2_v7_1/A题_problem2_solver_v7_1_allcase_plans/case_064_2core.json,
case_064,3,ok,15.795446395874023,19116,9775,1.9556010230179028,86796,3,144,v8_micro64_b40|fine_time+order_917_-1_r0,/mnt/165d5ea0-c4bf-423a-a83b-e5fb727cf65f/lw/A/p2_v7_1/A题_problem2_solver_v7_1_allcase_plans/case_064_3core.json,
case_064,4,ok,9.86148738861084,19116,7307,2.6161215273025866,103312,4,84,v8_micro64_b40|fine_time,/mnt/165d5ea0-c4bf-423a-a83b-e5fb727cf65f/lw/A/p2_v7_1/A题_problem2_solver_v7_1_allcase_plans/case_064_4core.json,
case_064,5,ok,10.402323246002197,19116,7291,2.621862570292141,99124,5,85,v8_level_aggressive_160_20|fine_time+ls_move_u11->c3,/mnt/165d5ea0-c4bf-423a-a83b-e5fb727cf65f/lw/A/p2_v7_1/A题_problem2_solver_v7_1_allcase_plans/case_064_5core.json,
case_065,2,ok,19.754420280456543,53068,18455,2.8755350853427255,335928,2,169,slack_t0.25_c0.6_a2|fine_win64+ls_move_u494->c1+focused_unblock_pipe_retime_r0+focused_swap_pipe_retime_r1+focused_unblock_pipe_retime_r2+pair_shift_pair_retime_r0+pair_shift_pair_retime_r1+pair_shift_pair_r2+pair_shift_pair_retime_r3+pair_shift_pair_retime_r4+focused_wide_unblock_pipe_retime_r0+focused_wide_unblock_pipe_retime_r1,/mnt/165d5ea0-c4bf-423a-a83b-e5fb727cf65f/lw/A/p2_v7_1/A题_problem2_solver_v7_1_allcase_plans/case_065_2core.json,
case_065,3,ok,18.92808437347412,53068,15592,3.4035402770651615,35664,3,218,v8_wcc_active3|fine_win4+ls_move_u574->c1+ls_move_u573->c1+ls_move_u487->c1+ls_move_u486->c1+ls_move_u477->c1+ls_move_u476->c1+ls_move_u475->c1+ls_move_u474->c1+ls_move_u473->c1+focused_unblock_pipe_r0+focused_swap_pipe_r1+focused_unblock_pipe_r2+pair_shift_pair_r0+focused_wide_unblock_pipe_r0+order_659_-1_r0,/mnt/165d5ea0-c4bf-423a-a83b-e5fb727cf65f/lw/A/p2_v7_1/A题_problem2_solver_v7_1_allcase_plans/case_065_3core.json,
case_065,4,ok,13.154657125473022,53068,12308,4.311667208319792,64432,4,152,v8_micro64_b40|fine_win4+ls_move_u548->c1+ls_move_u549->c1+ls_move_u539->c1+ls_move_u540->c1+ls_move_u530->c1+ls_move_u531->c1+ls_move_u16->c3,/mnt/165d5ea0-c4bf-423a-a83b-e5fb727cf65f/lw/A/p2_v7_1/A题_problem2_solver_v7_1_allcase_plans/case_065_4core.json,
case_065,5,ok,14.359365463256836,53068,10207,5.199177035367885,55592,5,169,v8_wcc_active5|fine_win4+ls_resort+ls_move_u325->c0+ls_move_u253->c0+ls_move_u252->c0+ls_move_u251->c0+order_27_-1_r0,/mnt/165d5ea0-c4bf-423a-a83b-e5fb727cf65f/lw/A/p2_v7_1/A题_problem2_solver_v7_1_allcase_plans/case_065_5core.json,
case_066,2,ok,207.02859711647034,359070,185079,1.9400904478628045,2707844,2,130,slack_t0.25_c0.6_a2|fine_time+ls_resort+ls_move_u4957->c1+ls_move_u5063->c1+ls_move_u3547->c1+focused_unblock_pipe_retime_r0+focused_unblock_pipe_retime_r1,/mnt/165d5ea0-c4bf-423a-a83b-e5fb727cf65f/lw/A/p2_v7_1/A题_problem2_solver_v7_1_allcase_plans/case_066_2core.json,
case_066,3,ok,185.50261664390564,359070,133002,2.6997338385888936,2325284,3,140,v8_level_aggressive_96_30+focused_swap_pipe_r0+pair_shift_pair_r0+focused_wide_unblock_pipe_r0+focused_wide_swap_pipe_r1+focused_wide_unblock_pipe_r2+focused_wide_unblock_pipe_r3+focused_wide_join_target_r4+focused_wide_unblock_pipe_r5+focused_wide_unblock_pipe_r6+order_3842_-1_r0+order_3763_-1_r1+focused_wide_join_source_r0+focused_wide_unblock_pipe_r1,/mnt/165d5ea0-c4bf-423a-a83b-e5fb727cf65f/lw/A/p2_v7_1/A题_problem2_solver_v7_1_allcase_plans/case_066_3core.json,
case_066,4,ok,202.12017917633057,359070,104210,3.445638614336436,2493846,4,157,v8_level_aggressive_96_30+ls_move_u26->c2+ls_move_u192->c3+ls_resort+ls_move_u17->c2+ls_resort+ls_move_u196->c0+focused_unblock_pipe_r0+focused_wide_unblock_pipe_r0+order_6090_-1_r0+order_fine_r1,/mnt/165d5ea0-c4bf-423a-a83b-e5fb727cf65f/lw/A/p2_v7_1/A题_problem2_solver_v7_1_allcase_plans/case_066_4core.json,
case_066,5,ok,180.037611246109,359070,92388,3.886543706974932,3093892,5,138,v8_level_aggressive_96_30+ls_move_u18->c1+focused_unblock_pipe_r0+focused_join_target_r1+focused_join_target_r2+order_fine_r0+order_6082_-1_r1,/mnt/165d5ea0-c4bf-423a-a83b-e5fb727cf65f/lw/A/p2_v7_1/A题_problem2_solver_v7_1_allcase_plans/case_066_5core.json,
case_067,2,ok,236.35367035865784,63834834,29976334,2.1295076976390774,23515520,2,85,v8_micro64_b40|fine_win64+ls_resort+ls_resort+ls_resort+ls_resort+ls_resort+focused_unblock_pipe_r0+focused_unblock_pipe_r1+focused_unblock_pipe_r2+pair_shift_pair_retime_r0+pair_shift_pair_r1+pair_shift_pair_retime_r2+pair_shift_pair_r3+pair_shift_pair_r4+focused_wide_swap_pipe_retime_r0+focused_wide_unblock_pipe_r1+focused_wide_unblock_pipe_r2+focused_wide_unblock_pipe_r3+focused_wide_unblock_pipe_r4+focused_wide_unblock_pipe_retime_r0,/mnt/165d5ea0-c4bf-423a-a83b-e5fb727cf65f/lw/A/p2_v7_1/A题_problem2_solver_v7_1_allcase_plans/case_067_2core.json,
case_067,3,ok,254.77778434753418,63834834,20070697,3.180499112711432,50483968,3,80,v8_level_none_80_20|fine_time+ls_resort+focused_swap_pipe_r0+focused_unblock_pipe_r1+focused_swap_pipe_retime_r2+pair_shift_pair_r0+pair_shift_pair_r1+pair_shift_pair_r2+pair_shift_pair_retime_r3+focused_wide_swap_pipe_r0+focused_wide_unblock_pipe_r1+focused_wide_unblock_pipe_r2+focused_wide_unblock_pipe_r3+focused_wide_unblock_pipe_r4+focused_wide_join_target_retime_r5+focused_wide_unblock_pipe_r6+order_7800_-1_r0,/mnt/165d5ea0-c4bf-423a-a83b-e5fb727cf65f/lw/A/p2_v7_1/A题_problem2_solver_v7_1_allcase_plans/case_067_3core.json,
case_067,4,ok,214.152747631073,63834834,15056925,4.239566445339935,17456256,4,102,slack_t0.5_c1.0_a4|fine_time+ls_move_u70->c3+ls_resort+ls_resort+ls_resort+ls_resort+ls_move_u70->c2+focused_unblock_pipe_r0+focused_unblock_pipe_r1+focused_unblock_pipe_r2+pair_shift_pair_r0+pair_shift_pair_r1+pair_shift_pair_r2+pair_shift_pair_retime_r3+pair_shift_pair_retime_r4+focused_wide_unblock_pipe_retime_r0+focused_wide_unblock_pipe_retime_r1+focused_wide_unblock_pipe_retime_r2+focused_wide_unblock_pipe_retime_r3+focused_wide_swap_pipe_retime_r4+focused_wide_unblock_pipe_r5,/mnt/165d5ea0-c4bf-423a-a83b-e5fb727cf65f/lw/A/p2_v7_1/A题_problem2_solver_v7_1_allcase_plans/case_067_4core.json,
case_067,5,ok,181.23275423049927,63834834,12402603,5.14689005203182,18638336,5,84,slack_t0.5_c1.0_a5|fine_time+focused_unblock_pipe_r0+focused_unblock_pipe_r1+focused_unblock_pipe_r2+pair_shift_pair_r0+pair_shift_pair_r1+pair_shift_pair_r2+pair_shift_pair_r3+pair_shift_pair_r4+focused_wide_unblock_pipe_r0+focused_wide_unblock_pipe_r1+focused_wide_unblock_pipe_r2+focused_wide_unblock_pipe_r3+focused_wide_unblock_pipe_retime_r4+focused_wide_unblock_pipe_r5+focused_wide_join_source_retime_r6+focused_wide_unblock_pipe_r7+order_174_-1_r0+order_8924_-1_r1+order_8550_-1_r2+focused_wide_join_target_retime_r0+focused_wide_unblock_pipe_r1+focused_wide_unblock_pipe_r2+focused_wide_unblock_pipe_r3+focused_wide_unblock_pipe_r4+focused_wide_unblock_pipe_r5+focused_wide_join_target_r6+focused_wide_unblock_pipe_r7,/mnt/165d5ea0-c4bf-423a-a83b-e5fb727cf65f/lw/A/p2_v7_1/A题_problem2_solver_v7_1_allcase_plans/case_067_5core.json,
case_068,2,ok,178.00938034057617,362095,176250,2.0544397163120567,1581106,2,160,v8_level_aggressive_160_20|fine_time+ls_move_u1989->c0+ls_move_u1339->c0+ls_move_u2104->c0+ls_move_u2116->c0+ls_move_u2110->c0+ls_move_u2151->c0+ls_move_u2086->c0+focused_unblock_pipe_retime_r0+focused_swap_pipe_retime_r1+focused_unblock_pipe_r2+pair_shift_pair_r0+pair_shift_pair_retime_r1+pair_shift_pair_r2+pair_shift_pair_retime_r3+pair_shift_pair_r4+focused_wide_unblock_pipe_r0+focused_wide_swap_pipe_retime_r1+focused_wide_unblock_pipe_retime_r2+focused_wide_unblock_pipe_r3+focused_wide_unblock_pipe_r4+focused_wide_unblock_pipe_retime_r5+focused_wide_unblock_pipe_r6+focused_wide_unblock_pipe_r7+focused_wide_unblock_pipe_r0+focused_wide_unblock_pipe_retime_r1+focused_wide_unblock_pipe_r2+focused_wide_swap_pipe_retime_r3+focused_wide_unblock_pipe_r4+focused_wide_unblock_pipe_r5,/mnt/165d5ea0-c4bf-423a-a83b-e5fb727cf65f/lw/A/p2_v7_1/A题_problem2_solver_v7_1_allcase_plans/case_068_2core.json,
case_068,3,ok,157.29404592514038,362095,141437,2.560115104251363,2389544,3,144,v8_level_aggressive_160_20+focused_unblock_pipe_r0+focused_unblock_pipe_r1+focused_join_target_r2+pair_shift_pair_r0+pair_shift_pair_r1+pair_shift_pair_r2+pair_shift_pair_r3+pair_shift_pair_r4+focused_wide_join_target_r0+focused_wide_unblock_pipe_r1+focused_wide_unblock_pipe_r2+focused_wide_swap_pipe_r3+focused_wide_unblock_pipe_r0,/mnt/165d5ea0-c4bf-423a-a83b-e5fb727cf65f/lw/A/p2_v7_1/A题_problem2_solver_v7_1_allcase_plans/case_068_3core.json,
case_068,4,ok,184.145649433136,362095,117076,3.0928200485154944,2984366,4,158,v8_level_aggressive_96_30|fine_time+ls_resort+focused_unblock_pipe_retime_r0+focused_unblock_pipe_r1,/mnt/165d5ea0-c4bf-423a-a83b-e5fb727cf65f/lw/A/p2_v7_1/A题_problem2_solver_v7_1_allcase_plans/case_068_4core.json,
case_068,5,ok,170.94328808784485,362095,114442,3.1640044738819664,3033000,5,150,v8_level_aggressive_160_20|fine_time+ls_move_u1254->c2+ls_move_u1255->c2+ls_move_u1256->c2+ls_move_u1257->c3+ls_move_u2290->c3+focused_unblock_pipe_retime_r0+focused_unblock_pipe_retime_r1+focused_unblock_pipe_retime_r2+pair_shift_pair_retime_r0+pair_shift_pair_retime_r1,/mnt/165d5ea0-c4bf-423a-a83b-e5fb727cf65f/lw/A/p2_v7_1/A题_problem2_solver_v7_1_allcase_plans/case_068_5core.json,
case_069,2,ok,25.25330400466919,25144,11873,2.1177461467194476,268070,2,186,v8_micro64_b40|fine_win64+ls_move_u58->c0+ls_move_u270->c0+ls_move_u262->c0+ls_move_u28->c0+order_988_-1_r0,/mnt/165d5ea0-c4bf-423a-a83b-e5fb727cf65f/lw/A/p2_v7_1/A题_problem2_solver_v7_1_allcase_plans/case_069_2core.json,
case_069,3,ok,31.23037052154541,25144,9957,2.5252586120317364,351690,3,222,v8_level_aggressive_96_30|fine_win64+ls_resort+ls_move_u270->c1+ls_move_u96->c2+ls_move_u37->c2+ls_move_u222->c1+focused_wide_unblock_pipe_retime_r0+focused_wide_unblock_pipe_retime_r1+focused_wide_unblock_pipe_retime_r2+order_fine_r0+order_992_-1_r1+order_324_-1_r2+focused_wide_swap_pipe_retime_r0+focused_wide_unblock_pipe_retime_r1+focused_wide_unblock_pipe_retime_r2,/mnt/165d5ea0-c4bf-423a-a83b-e5fb727cf65f/lw/A/p2_v7_1/A题_problem2_solver_v7_1_allcase_plans/case_069_3core.json,
case_069,4,ok,22.587138652801514,25144,8891,2.828028343268474,311666,4,173,v8_clusterphase_strong_128|fine_win64+pair_shift_pair_retime_r0+pair_shift_pair_retime_r1+focused_wide_unblock_pipe_retime_r0+focused_wide_join_target_r1+focused_wide_unblock_pipe_retime_r2+focused_wide_unblock_pipe_retime_r3+order_1011_-1_r0+focused_wide_join_target_retime_r0,/mnt/165d5ea0-c4bf-423a-a83b-e5fb727cf65f/lw/A/p2_v7_1/A题_problem2_solver_v7_1_allcase_plans/case_069_4core.json,
case_069,5,ok,22.89061212539673,25144,8566,2.9353257062806444,313874,5,173,seed:case_069_4core.json+focused_unblock_pipe_retime_r0+pair_join_third_core_r0+pair_shift_pair_retime_r1+focused_wide_join_target_retime_r0,/mnt/165d5ea0-c4bf-423a-a83b-e5fb727cf65f/lw/A/p2_v7_1/A题_problem2_solver_v7_1_allcase_plans/case_069_5core.json,
case_070,2,ok,20.306612253189087,117300,53784,2.1809460062472112,182804,2,141,v8_level_aggressive_96_30|fine_win16+ls_move_u761->c0+ls_move_u756->c0,/mnt/165d5ea0-c4bf-423a-a83b-e5fb727cf65f/lw/A/p2_v7_1/A题_problem2_solver_v7_1_allcase_plans/case_070_2core.json,
case_070,3,ok,30.36837410926819,117300,34911,3.359972501503824,297792,3,201,v8_clusterphase_aggressive_64|fine_win64+ls_move_u1037->c2+ls_move_u466->c0+ls_move_u934->c0+ls_move_u284->c0+ls_move_u933->c2+ls_move_u1035->c0+ls_move_u254->c0+ls_move_u253->c0+ls_move_u234->c0+ls_move_u999->c2+ls_move_u990->c2+ls_move_u573->c0+ls_move_u574->c0+focused_unblock_pipe_retime_r0+focused_unblock_pipe_retime_r1+focused_unblock_pipe_retime_r2+pair_shift_pair_retime_r0+pair_shift_pair_retime_r1+pair_shift_pair_retime_r2+pair_shift_pair_r3+focused_wide_unblock_pipe_r0,/mnt/165d5ea0-c4bf-423a-a83b-e5fb727cf65f/lw/A/p2_v7_1/A题_problem2_solver_v7_1_allcase_plans/case_070_3core.json,
case_070,4,ok,30.305418968200684,117300,26873,4.36497599821382,440176,4,185,v8_level_aggressive_96_30|fine_win16+ls_move_u575->c3+ls_move_u560->c3+ls_move_u948->c2+ls_move_u1039->c0+ls_resort+ls_move_u948->c3+ls_move_u1059->c3+ls_move_u1061->c3+ls_move_u886->c3+ls_move_u1056->c3+ls_move_u1062->c3+ls_move_u1063->c3+ls_move_u1081->c1+ls_move_u570->c1+ls_move_u1064->c3+ls_move_u900->c1+ls_move_u1081->c2+focused_swap_pipe_retime_r0+focused_unblock_pipe_retime_r1+focused_unblock_pipe_retime_r2+pair_shift_pair_retime_r0+pair_shift_pair_retime_r1+pair_shift_pair_retime_r2+pair_shift_pair_r3+pair_shift_pair_retime_r4+focused_wide_unblock_pipe_r0+focused_wide_unblock_pipe_r1+focused_wide_swap_pipe_retime_r2+focused_wide_unblock_pipe_r3+focused_wide_swap_pipe_retime_r4+focused_wide_unblock_pipe_r5+focused_wide_unblock_pipe_retime_r6+focused_wide_unblock_pipe_r7+focused_wide_unblock_pipe_retime_r0+focused_wide_unblock_pipe_r1+focused_wide_unblock_pipe_r2+focused_wide_swap_pipe_r3+focused_wide_unblock_pipe_r4+focused_wide_unblock_pipe_r5+focused_wide_unblock_pipe_r6+focused_wide_unblock_pipe_r7,/mnt/165d5ea0-c4bf-423a-a83b-e5fb727cf65f/lw/A/p2_v7_1/A题_problem2_solver_v7_1_allcase_plans/case_070_4core.json,
case_070,5,ok,27.53142213821411,117300,24679,4.753028890959926,460304,5,180,v8_level_aggressive_160_20|fine_win64+ls_move_u824->c1+ls_move_u1032->c2+ls_move_u911->c0+ls_move_u873->c0+ls_move_u782->c4+ls_move_u781->c4+ls_move_u780->c4+ls_move_u779->c4+ls_move_u1029->c4+ls_move_u778->c4+ls_move_u1014->c0+focused_join_source_retime_r0+focused_unblock_pipe_retime_r1+focused_unblock_pipe_r2+pair_shift_pair_retime_r0+pair_shift_pair_retime_r1+pair_shift_pair_retime_r2+pair_shift_pair_retime_r3+pair_shift_pair_retime_r4,/mnt/165d5ea0-c4bf-423a-a83b-e5fb727cf65f/lw/A/p2_v7_1/A题_problem2_solver_v7_1_allcase_plans/case_070_5core.json,
case_071,2,ok,12.436078071594238,18919,9327,2.0284121368071193,176006,2,134,v8_micro64_b40|fine_win64+ls_resort+ls_move_u33->c1+ls_move_u9->c1,/mnt/165d5ea0-c4bf-423a-a83b-e5fb727cf65f/lw/A/p2_v7_1/A题_problem2_solver_v7_1_allcase_plans/case_071_2core.json,
case_071,3,ok,14.62447214126587,18919,8155,2.3199264255058245,225034,3,167,v8_level_aggressive_160_20|fine_win64+ls_move_u256->c1+order_742_-1_r0,/mnt/165d5ea0-c4bf-423a-a83b-e5fb727cf65f/lw/A/p2_v7_1/A题_problem2_solver_v7_1_allcase_plans/case_071_3core.json,
case_071,4,ok,14.244037628173828,18919,8069,2.3446523732804563,225610,4,156,seed:case_071_3core.json+ls_move_u198->c3+focused_unblock_pipe_retime_r0+focused_swap_pipe_r1+order_700_-1_r0,/mnt/165d5ea0-c4bf-423a-a83b-e5fb727cf65f/lw/A/p2_v7_1/A题_problem2_solver_v7_1_allcase_plans/case_071_4core.json,
case_071,5,ok,11.632222890853882,18919,7364,2.569120043454644,285810,5,119,v8_clusterphase_aggressive_64|fine_win4+ls_move_u4->c4+ls_resort+ls_move_u5->c2,/mnt/165d5ea0-c4bf-423a-a83b-e5fb727cf65f/lw/A/p2_v7_1/A题_problem2_solver_v7_1_allcase_plans/case_071_5core.json,
case_072,2,ok,1512.1324973106384,23897828,11762689,2.031663678262683,87157298,2,69,v8_level_strong_256_10+ls_resort+ls_move_u997->c0+ls_move_u202->c1+ls_move_u1019->c0+ls_resort+ls_move_u1024->c0+ls_move_u998->c0+ls_move_u992->c0+ls_resort+ls_move_u1004->c0+focused_unblock_pipe_r0+focused_join_source_r1+order_fine_r0+order_30199_-1_r1+order_30200_-1_r2,/mnt/165d5ea0-c4bf-423a-a83b-e5fb727cf65f/lw/A/p2_v7_1/A题_problem2_solver_v7_1_allcase_plans/case_072_2core.json,
case_072,3,ok,714.606279373169,23897828,7842341,3.0472824377312846,83642616,3,53,v8_active3_strong96+focused_unblock_pipe_r0+focused_join_source_r1+focused_unblock_pipe_r2,/mnt/165d5ea0-c4bf-423a-a83b-e5fb727cf65f/lw/A/p2_v7_1/A题_problem2_solver_v7_1_allcase_plans/case_072_3core.json,
case_072,4,ok,983.650208234787,23897828,5956853,4.011821006830284,92582890,4,73,v8_level_strong_256_10+ls_move_u1011->c1+focused_swap_pipe_r0+focused_join_target_r1,/mnt/165d5ea0-c4bf-423a-a83b-e5fb727cf65f/lw/A/p2_v7_1/A题_problem2_solver_v7_1_allcase_plans/case_072_4core.json,
case_072,5,ok,875.4689259529114,23897828,4746056,5.035302575443695,94200644,5,76,v8_level_strong_256_10+ls_resort+ls_move_u1019->c3+ls_resort+ls_move_u994->c4+ls_move_u979->c4+focused_swap_pipe_r0+focused_join_source_r1+focused_unblock_pipe_r2,/mnt/165d5ea0-c4bf-423a-a83b-e5fb727cf65f/lw/A/p2_v7_1/A题_problem2_solver_v7_1_allcase_plans/case_072_5core.json,
case_073,2,ok,116.49534487724304,10081626,4215124,2.3917744768599927,4065664,2,92,slack_t0.5_c1.0_a2|fine_time+focused_unblock_pipe_r0+focused_unblock_pipe_r1+focused_unblock_pipe_r2+pair_shift_pair_r0+pair_shift_pair_r1+pair_shift_pair_r2+pair_shift_pair_retime_r3+pair_shift_pair_r4+focused_wide_unblock_pipe_r0+focused_wide_unblock_pipe_r1+focused_wide_unblock_pipe_r2+focused_wide_unblock_pipe_r3+focused_wide_swap_pipe_r4+focused_wide_unblock_pipe_retime_r5+focused_wide_unblock_pipe_r6+focused_wide_unblock_pipe_r7+order_1425_-1_r0+order_925_-1_r1+focused_wide_join_source_r0+focused_wide_join_source_r1+focused_wide_swap_pipe_r2+focused_wide_unblock_pipe_r3+focused_wide_unblock_pipe_r4+focused_wide_unblock_pipe_retime_r5+focused_wide_unblock_pipe_r6+focused_wide_unblock_pipe_r7,/mnt/165d5ea0-c4bf-423a-a83b-e5fb727cf65f/lw/A/p2_v7_1/A题_problem2_solver_v7_1_allcase_plans/case_073_2core.json,
case_073,3,ok,136.7395260334015,10081626,2822511,3.5718642017692757,10130688,3,97,v8_level_strong_256_10|fine_time+focused_swap_pipe_r0+focused_unblock_pipe_r1+focused_unblock_pipe_r2+pair_shift_pair_r0+pair_shift_pair_r1+pair_shift_pair_r2+pair_shift_pair_retime_r3+pair_shift_pair_r4+focused_wide_swap_pipe_retime_r0+focused_wide_unblock_pipe_r1+focused_wide_unblock_pipe_r2+focused_wide_swap_pipe_r3+focused_wide_unblock_pipe_r4+focused_wide_swap_pipe_r5+focused_wide_unblock_pipe_r6+focused_wide_unblock_pipe_r7+order_2300_-1_r0+order_1550_-1_r1+order_1925_-1_r2+focused_wide_unblock_pipe_r0+focused_wide_join_source_r1+focused_wide_join_target_retime_r2+focused_wide_unblock_pipe_r3+focused_wide_unblock_pipe_r4+focused_wide_unblock_pipe_r5+focused_wide_unblock_pipe_r6+focused_wide_unblock_pipe_r7,/mnt/165d5ea0-c4bf-423a-a83b-e5fb727cf65f/lw/A/p2_v7_1/A题_problem2_solver_v7_1_allcase_plans/case_073_3core.json,
case_073,4,ok,116.4537444114685,10081626,2189257,4.605044542509171,11295872,4,126,slack_t0.5_c1.0_a4|fine_time+ls_move_u6->c3+ls_move_u6->c2+pair_shift_pair_retime_r0+pair_shift_pair_r1+pair_shift_pair_r2+pair_shift_pair_r3+focused_wide_unblock_pipe_r0+order_3800_-1_r0+order_2675_-1_r1+order_4175_-1_r2,/mnt/165d5ea0-c4bf-423a-a83b-e5fb727cf65f/lw/A/p2_v7_1/A题_problem2_solver_v7_1_allcase_plans/case_073_4core.json,
case_073,5,ok,133.97070837020874,10081626,1831629,5.504185618375773,15066624,5,148,slack_t0.5_c1.0_a5|fine_time+focused_unblock_pipe_r0+focused_unblock_pipe_retime_r1+focused_unblock_pipe_r2+pair_shift_pair_r0+pair_shift_pair_r1+pair_join_source_pair_r2+pair_shift_pair_r3+pair_shift_pair_r4+focused_wide_unblock_pipe_r0+focused_wide_join_source_r1+focused_wide_join_source_r2+focused_wide_unblock_pipe_r3+focused_wide_unblock_pipe_r4+focused_wide_unblock_pipe_r5+focused_wide_unblock_pipe_r6+order_2050_-1_r0+order_4549_-1_r1+order_3425_-1_r2+focused_wide_unblock_pipe_r0+focused_wide_swap_pipe_r1+focused_wide_unblock_pipe_r2+focused_wide_unblock_pipe_r3+focused_wide_join_source_r4+focused_wide_join_source_r5,/mnt/165d5ea0-c4bf-423a-a83b-e5fb727cf65f/lw/A/p2_v7_1/A题_problem2_solver_v7_1_allcase_plans/case_073_5core.json,
case_074,2,ok,135.7607650756836,1682239,793600,2.1197568044354838,5210516,2,175,v8_level_strong_256_10+focused_swap_pipe_r0+focused_join_source_r1+focused_unblock_pipe_r2+pair_shift_pair_r0+pair_shift_pair_r1+pair_shift_pair_r2+pair_shift_pair_r3+pair_shift_pair_r4+focused_wide_unblock_pipe_r0+focused_wide_unblock_pipe_r1+focused_wide_unblock_pipe_r2+focused_wide_join_target_r3+order_1559_-1_r0+focused_wide_join_source_r0,/mnt/165d5ea0-c4bf-423a-a83b-e5fb727cf65f/lw/A/p2_v7_1/A题_problem2_solver_v7_1_allcase_plans/case_074_2core.json,
case_074,3,ok,127.87992477416992,1682239,536674,3.1345639997465873,8540820,3,156,v8_level_strong_128_12|fine_time+ls_move_u105->c0+ls_move_u431->c1+ls_move_u1230->c2,/mnt/165d5ea0-c4bf-423a-a83b-e5fb727cf65f/lw/A/p2_v7_1/A题_problem2_solver_v7_1_allcase_plans/case_074_3core.json,
case_074,4,ok,150.24351620674133,1682239,402108,4.183550190496086,11535076,4,172,v8_level_strong_1024_8|fine_time+ls_move_u269->c3,/mnt/165d5ea0-c4bf-423a-a83b-e5fb727cf65f/lw/A/p2_v7_1/A题_problem2_solver_v7_1_allcase_plans/case_074_4core.json,
case_074,5,ok,159.42921423912048,1682239,321040,5.239966982307501,8022638,5,203,v8_wcc_active5|fine_time+ls_move_u1523->c4+ls_move_u1511->c4+ls_move_u1517->c4+ls_move_u1519->c4+ls_move_u1488->c0+ls_move_u1489->c0+ls_move_u1490->c4+focused_unblock_pipe_retime_r0+focused_unblock_pipe_retime_r1+focused_unblock_pipe_retime_r2+pair_shift_pair_retime_r0+pair_shift_pair_retime_r1+pair_shift_pair_retime_r2+pair_shift_pair_retime_r3+pair_shift_pair_retime_r4+focused_wide_unblock_pipe_retime_r0+focused_wide_unblock_pipe_r1+focused_wide_unblock_pipe_r2+focused_wide_swap_pipe_retime_r3+focused_wide_unblock_pipe_r4+focused_wide_unblock_pipe_r5+focused_wide_unblock_pipe_retime_r6+focused_wide_swap_pipe_retime_r7+order_8589_-1_r0+focused_wide_swap_pipe_retime_r0+focused_wide_unblock_pipe_r1+focused_wide_unblock_pipe_r2+focused_wide_unblock_pipe_r3+focused_wide_swap_pipe_retime_r4+focused_wide_unblock_pipe_r5+focused_wide_swap_pipe_retime_r6+focused_wide_swap_pipe_retime_r7,/mnt/165d5ea0-c4bf-423a-a83b-e5fb727cf65f/lw/A/p2_v7_1/A题_problem2_solver_v7_1_allcase_plans/case_074_5core.json,
case_075,2,ok,245.26965594291687,1441809,685194,2.104234713088556,4761862,2,118,v8_level_none_80_20|fine_time+ls_move_u2818->c1+ls_move_u3007->c0+focused_join_target_retime_r0+focused_join_target_retime_r1+focused_wide_swap_pipe_retime_r0+focused_wide_swap_pipe_r1,/mnt/165d5ea0-c4bf-423a-a83b-e5fb727cf65f/lw/A/p2_v7_1/A题_problem2_solver_v7_1_allcase_plans/case_075_2core.json,
case_075,3,ok,262.54903173446655,1441809,535717,2.6913631637599704,12444044,3,100,v8_level_none_80_20,/mnt/165d5ea0-c4bf-423a-a83b-e5fb727cf65f/lw/A/p2_v7_1/A题_problem2_solver_v7_1_allcase_plans/case_075_3core.json,
case_075,4,ok,224.86037278175354,1441809,405789,3.5531002565372645,6443026,4,102,v8_micro64_b40|fine_time+ls_move_u3016->c0+ls_move_u3017->c1+ls_move_u2998->c1+ls_move_u2991->c1+ls_move_u2999->c1+ls_move_u2944->c1+focused_unblock_pipe_retime_r0+focused_unblock_pipe_retime_r1+focused_unblock_pipe_r2+pair_shift_pair_r0+pair_shift_pair_r1+pair_shift_pair_r2+focused_wide_join_target_r0+focused_wide_join_target_retime_r1+focused_wide_unblock_pipe_r2+focused_wide_unblock_pipe_r3+focused_wide_unblock_pipe_r4+focused_wide_unblock_pipe_r5+order_7657_-1_r0+focused_wide_unblock_pipe_r0,/mnt/165d5ea0-c4bf-423a-a83b-e5fb727cf65f/lw/A/p2_v7_1/A题_problem2_solver_v7_1_allcase_plans/case_075_4core.json,
case_075,5,ok,179.60282063484192,1441809,342542,4.209145155922485,5027350,5,101,v8_level_aggressive_160_20|coarse_time+pair_shift_pair_r0+pair_shift_pair_r1+focused_wide_unblock_pipe_r0,/mnt/165d5ea0-c4bf-423a-a83b-e5fb727cf65f/lw/A/p2_v7_1/A题_problem2_solver_v7_1_allcase_plans/case_075_5core.json,
case_076,2,ok,1611.918643951416,6185113,3068134,2.015920099969558,30750720,2,54,v8_wcc_active2+focused_unblock_pipe_r0+focused_wide_swap_pipe_r0,/mnt/165d5ea0-c4bf-423a-a83b-e5fb727cf65f/lw/A/p2_v7_1/A题_problem2_solver_v7_1_allcase_plans/case_076_2core.json,
case_076,3,ok,811.5793828964233,6185113,2050844,3.0158866300898555,30883868,3,49,v8_active3_strong96+focused_swap_pipe_r0+focused_join_target_r1+focused_swap_pipe_r2,/mnt/165d5ea0-c4bf-423a-a83b-e5fb727cf65f/lw/A/p2_v7_1/A题_problem2_solver_v7_1_allcase_plans/case_076_3core.json,
case_076,4,ok,882.969646692276,6185113,1539961,4.01640885710742,35821568,4,57,v8_wcc_active4+focused_unblock_pipe_r0+focused_unblock_pipe_r1+focused_unblock_pipe_r2,/mnt/165d5ea0-c4bf-423a-a83b-e5fb727cf65f/lw/A/p2_v7_1/A题_problem2_solver_v7_1_allcase_plans/case_076_4core.json,
case_076,5,ok,848.838535785675,6185113,1237619,4.997590534728378,37182464,5,64,v8_wcc_active5+focused_unblock_pipe_r0,/mnt/165d5ea0-c4bf-423a-a83b-e5fb727cf65f/lw/A/p2_v7_1/A题_problem2_solver_v7_1_allcase_plans/case_076_5core.json,
case_077,2,ok,75.6069073677063,495320,240510,2.059456987235458,475696,2,90,v8_level_aggressive_160_20+pair_shift_pair_r0+pair_shift_pair_r1,/mnt/165d5ea0-c4bf-423a-a83b-e5fb727cf65f/lw/A/p2_v7_1/A题_problem2_solver_v7_1_allcase_plans/case_077_2core.json,
case_077,3,ok,101.50170302391052,495320,163668,3.0263704572671504,814844,3,120,v8_level_aggressive_160_20+pair_shift_pair_r0+pair_shift_pair_r1+focused_wide_unblock_pipe_r0+focused_wide_unblock_pipe_r1+focused_wide_unblock_pipe_r2+focused_wide_unblock_pipe_r3+focused_wide_unblock_pipe_r4+focused_wide_unblock_pipe_r5+focused_wide_unblock_pipe_r6+focused_wide_unblock_pipe_r7+focused_wide_unblock_pipe_r0+focused_wide_unblock_pipe_r1+focused_wide_unblock_pipe_r2+focused_wide_unblock_pipe_r3+focused_wide_unblock_pipe_r4+focused_wide_unblock_pipe_r5+focused_wide_swap_pipe_r6+focused_wide_unblock_pipe_r7,/mnt/165d5ea0-c4bf-423a-a83b-e5fb727cf65f/lw/A/p2_v7_1/A题_problem2_solver_v7_1_allcase_plans/case_077_3core.json,
case_077,4,ok,137.0071439743042,495320,125374,3.9507393877518466,1169128,4,164,v8_level_aggressive_160_20+pair_shift_pair_r0+pair_shift_pair_r1+focused_wide_unblock_pipe_r0+focused_wide_unblock_pipe_r1+focused_wide_unblock_pipe_r2+focused_wide_unblock_pipe_r3,/mnt/165d5ea0-c4bf-423a-a83b-e5fb727cf65f/lw/A/p2_v7_1/A题_problem2_solver_v7_1_allcase_plans/case_077_4core.json,
case_077,5,ok,93.6850323677063,495320,101359,4.886788543691236,1345566,5,110,v8_level_aggressive_160_20+pair_shift_pair_r0+pair_shift_pair_r1,/mnt/165d5ea0-c4bf-423a-a83b-e5fb727cf65f/lw/A/p2_v7_1/A题_problem2_solver_v7_1_allcase_plans/case_077_5core.json,
case_078,2,ok,13.700309991836548,2296143,1021994,2.2467284543744874,2148480,2,104,v8_level_none_80_20|fine_time~win256~win512,/mnt/165d5ea0-c4bf-423a-a83b-e5fb727cf65f/lw/A/p2_v7_1/A题_problem2_solver_v7_1_allcase_plans/case_078_2core.json,
case_078,3,ok,25.50376009941101,2296143,696301,3.297629904308625,5255856,3,168,slack_t0.5_c1.0_a3|fine_time~win256~win512+focused_unblock_pipe_r0+focused_unblock_pipe_r1+focused_join_target_r2+pair_join_third_core_retime_r0+pair_shift_pair_r1+pair_shift_pair_retime_r2+pair_shift_pair_r3+pair_shift_pair_retime_r4+focused_wide_unblock_pipe_r0+focused_wide_join_target_r1+focused_wide_unblock_pipe_r2+focused_wide_unblock_pipe_r3+focused_wide_unblock_pipe_r4+focused_wide_unblock_pipe_r5+focused_wide_unblock_pipe_r6+focused_wide_unblock_pipe_r7+focused_wide_unblock_pipe_r0+focused_wide_swap_pipe_retime_r1+focused_wide_unblock_pipe_r2+focused_wide_unblock_pipe_r3+focused_wide_swap_pipe_r4+focused_wide_swap_pipe_r5,/mnt/165d5ea0-c4bf-423a-a83b-e5fb727cf65f/lw/A/p2_v7_1/A题_problem2_solver_v7_1_allcase_plans/case_078_3core.json,
case_078,4,ok,18.222673416137695,2296143,516118,4.448872157142359,7072128,4,137,v8_frontier6|fine_time~win256~win512+focused_unblock_pipe_r0+focused_unblock_pipe_r1+focused_wide_unblock_pipe_r0,/mnt/165d5ea0-c4bf-423a-a83b-e5fb727cf65f/lw/A/p2_v7_1/A题_problem2_solver_v7_1_allcase_plans/case_078_4core.json,
case_078,5,ok,19.020872354507446,2296143,467171,4.9149947235594675,9510024,5,120,slack_t0.5_c1.0_a5|fine_time~win256~win512+focused_unblock_pipe_r0+focused_unblock_pipe_r1+focused_unblock_pipe_retime_r2+pair_shift_pair_r0+pair_shift_pair_retime_r1+pair_shift_pair_retime_r2+pair_shift_pair_r3+pair_shift_pair_r4+focused_wide_unblock_pipe_r0+focused_wide_unblock_pipe_r1+focused_wide_unblock_pipe_r2+focused_wide_join_target_r3+focused_wide_join_source_r4,/mnt/165d5ea0-c4bf-423a-a83b-e5fb727cf65f/lw/A/p2_v7_1/A题_problem2_solver_v7_1_allcase_plans/case_078_5core.json,
case_079,2,ok,695.3478517532349,31052251,15043626,2.064146702397414,74313728,2,61,v8_level_aggressive_96_30,/mnt/165d5ea0-c4bf-423a-a83b-e5fb727cf65f/lw/A/p2_v7_1/A题_problem2_solver_v7_1_allcase_plans/case_079_2core.json,
case_079,3,ok,474.41085386276245,31052251,10086951,3.078457603293602,100147200,3,57,v8_level_strong_128_12|coarse_time+focused_unblock_pipe_r0+focused_unblock_pipe_r1+focused_swap_pipe_r2,/mnt/165d5ea0-c4bf-423a-a83b-e5fb727cf65f/lw/A/p2_v7_1/A题_problem2_solver_v7_1_allcase_plans/case_079_3core.json,
case_079,4,ok,523.4390985965729,31052251,7407435,4.192038269657446,55955456,4,71,v8_clusterphase_strong_128+pair_shift_pair_r0+focused_wide_unblock_pipe_r0+order_19838_-1_r0,/mnt/165d5ea0-c4bf-423a-a83b-e5fb727cf65f/lw/A/p2_v7_1/A题_problem2_solver_v7_1_allcase_plans/case_079_4core.json,
case_079,5,ok,756.6432240009308,31052251,6011701,5.165301966947458,112955392,5,98,v8_micro64_b40|fine_win4+ls_resort+ls_resort+ls_resort+ls_move_u7195->c0+ls_move_u7192->c1+ls_move_u7189->c0+ls_move_u7186->c1+ls_move_u7183->c3+ls_move_u7180->c4+ls_move_u7073->c0+ls_move_u7175->c1+focused_unblock_pipe_r0+focused_unblock_pipe_r1+focused_unblock_pipe_r2+order_19828_-1_r0+order_19825_-1_r1,/mnt/165d5ea0-c4bf-423a-a83b-e5fb727cf65f/lw/A/p2_v7_1/A题_problem2_solver_v7_1_allcase_plans/case_079_5core.json,
case_080,2,ok,27.17195725440979,292138,145224,2.011637194954002,2027520,2,148,v8_frontier6,/mnt/165d5ea0-c4bf-423a-a83b-e5fb727cf65f/lw/A/p2_v7_1/A题_problem2_solver_v7_1_allcase_plans/case_080_2core.json,
case_080,3,ok,30.015283346176147,292138,97325,3.0016748009247367,3489792,3,155,v8_frontier6,/mnt/165d5ea0-c4bf-423a-a83b-e5fb727cf65f/lw/A/p2_v7_1/A题_problem2_solver_v7_1_allcase_plans/case_080_3core.json,
case_080,4,ok,30.6125226020813,292138,76432,3.822194892191752,2469888,4,161,v8_level_strong_128_12|fine_win4+ls_move_u112->c2+ls_move_u62->c3,/mnt/165d5ea0-c4bf-423a-a83b-e5fb727cf65f/lw/A/p2_v7_1/A题_problem2_solver_v7_1_allcase_plans/case_080_4core.json,
case_080,5,ok,24.692169904708862,292138,76432,3.822194892191752,2469888,4,127,seed:case_080_4core.json,/mnt/165d5ea0-c4bf-423a-a83b-e5fb727cf65f/lw/A/p2_v7_1/A题_problem2_solver_v7_1_allcase_plans/case_080_5core.json,
case_081,2,ok,93.38489985466003,151795,76500,1.9842483660130719,14344,2,128,v8_wcc_active2+focused_unblock_pipe_r0+focused_unblock_pipe_r1+focused_unblock_pipe_r2+pair_shift_pair_r0+focused_wide_join_source_r0,/mnt/165d5ea0-c4bf-423a-a83b-e5fb727cf65f/lw/A/p2_v7_1/A题_problem2_solver_v7_1_allcase_plans/case_081_2core.json,
case_081,3,ok,76.91986513137817,151795,51855,2.9272972712371033,8192,3,115,v8_wcc_active3+focused_unblock_pipe_r0+focused_wide_unblock_pipe_r0,/mnt/165d5ea0-c4bf-423a-a83b-e5fb727cf65f/lw/A/p2_v7_1/A题_problem2_solver_v7_1_allcase_plans/case_081_3core.json,
case_081,4,ok,58.44475507736206,151795,39544,3.8386354440623105,6144,4,94,v8_wcc_active4+focused_unblock_pipe_r0,/mnt/165d5ea0-c4bf-423a-a83b-e5fb727cf65f/lw/A/p2_v7_1/A题_problem2_solver_v7_1_allcase_plans/case_081_4core.json,
case_081,5,ok,56.982600688934326,151795,30943,4.905632937982743,0,5,96,v8_wcc_active5,/mnt/165d5ea0-c4bf-423a-a83b-e5fb727cf65f/lw/A/p2_v7_1/A题_problem2_solver_v7_1_allcase_plans/case_081_5core.json,
case_082,2,ok,162.936918258667,721041,345738,2.0855127292921227,3279494,2,156,v8_level_none_80_20|fine_time+ls_resort+ls_move_u1724->c0+ls_move_u1704->c0+ls_move_u1707->c0+ls_move_u1703->c0+ls_move_u1695->c0+ls_move_u1634->c0+ls_move_u1719->c0+ls_move_u1581->c1+ls_move_u1564->c1+ls_move_u1568->c1+focused_swap_pipe_r0+focused_join_source_r1+focused_join_source_r2+pair_shift_pair_retime_r0+pair_shift_pair_retime_r1+pair_shift_pair_r2+pair_shift_pair_retime_r3+pair_shift_pair_r4+focused_wide_swap_pipe_retime_r0+focused_wide_join_source_r1+focused_wide_unblock_pipe_retime_r2+focused_wide_join_source_r3,/mnt/165d5ea0-c4bf-423a-a83b-e5fb727cf65f/lw/A/p2_v7_1/A题_problem2_solver_v7_1_allcase_plans/case_082_2core.json,
case_082,3,ok,197.40588426589966,721041,239438,3.0113891696389046,3079916,3,188,v8_level_strong_128_12|fine_time+ls_move_u1561->c0+ls_move_u1722->c2+ls_move_u1726->c1+ls_move_u1685->c1+ls_move_u1727->c1+ls_move_u1603->c2+focused_unblock_pipe_retime_r0+focused_unblock_pipe_r1+pair_shift_pair_retime_r0+pair_shift_pair_r1+pair_shift_pair_r2+pair_shift_pair_r3+pair_shift_pair_r4+focused_wide_swap_pipe_retime_r0+focused_wide_join_target_retime_r1+focused_wide_unblock_pipe_r2+focused_wide_unblock_pipe_r3+focused_wide_unblock_pipe_retime_r4+focused_wide_unblock_pipe_retime_r5+focused_wide_unblock_pipe_r6+order_4123_-1_r0+order_4039_-1_r1+focused_wide_unblock_pipe_r0,/mnt/165d5ea0-c4bf-423a-a83b-e5fb727cf65f/lw/A/p2_v7_1/A题_problem2_solver_v7_1_allcase_plans/case_082_3core.json,
case_082,4,ok,165.9753212928772,721041,194028,3.7161698311583895,4315696,4,144,slack_t0.5_c1.0_a4|fine_time+ls_resort+ls_move_u1727->c3+ls_move_u1722->c3+ls_move_u1607->c2+ls_move_u1625->c3+ls_move_u1715->c3+ls_move_u1640->c3+ls_move_u1627->c1+ls_move_u1637->c3+ls_move_u1607->c3+ls_move_u1614->c3+ls_move_u1704->c3+ls_move_u1689->c1+ls_move_u1707->c3+ls_move_u1703->c3+ls_move_u1719->c3+ls_move_u1712->c3+ls_move_u1633->c3+ls_move_u1726->c1+ls_move_u1709->c2+ls_move_u1670->c2+ls_move_u1669->c3+ls_move_u1591->c3+ls_move_u1540->c3+ls_move_u1590->c3+ls_move_u1589->c3+ls_move_u1585->c3+focused_swap_pipe_r0+focused_unblock_pipe_retime_r1+focused_join_target_retime_r2+pair_shift_pair_retime_r0+pair_shift_pair_r1+pair_shift_pair_r2+pair_join_third_core_r3+pair_shift_pair_r4+focused_wide_unblock_pipe_r0+focused_wide_unblock_pipe_r1,/mnt/165d5ea0-c4bf-423a-a83b-e5fb727cf65f/lw/A/p2_v7_1/A题_problem2_solver_v7_1_allcase_plans/case_082_4core.json,
case_082,5,ok,202.4463529586792,721041,170423,4.230890196745745,4489364,5,175,slack_t0.5_c1.0_a5|fine_time+ls_resort+ls_resort+ls_move_u1285->c0+ls_resort+ls_resort+ls_move_u1259->c0+ls_move_u1030->c0+ls_move_u1299->c2+ls_resort+ls_move_u1331->c2+ls_resort+ls_move_u1260->c0+focused_unblock_pipe_retime_r0+focused_join_target_retime_r1+focused_join_source_r2+pair_shift_pair_retime_r0+pair_shift_pair_r1+pair_join_third_core_r2+pair_join_third_core_r3+pair_shift_pair_retime_r4+focused_wide_unblock_pipe_r0+focused_wide_swap_pipe_retime_r1+focused_wide_unblock_pipe_r2+focused_wide_unblock_pipe_r3+focused_wide_unblock_pipe_r4+focused_wide_join_source_r5+focused_wide_unblock_pipe_r6+focused_wide_unblock_pipe_r7+focused_wide_join_source_r0+focused_wide_join_source_r1+focused_wide_unblock_pipe_r2+focused_wide_unblock_pipe_r3+focused_wide_join_source_r4,/mnt/165d5ea0-c4bf-423a-a83b-e5fb727cf65f/lw/A/p2_v7_1/A题_problem2_solver_v7_1_allcase_plans/case_082_5core.json,
case_083,2,ok,103.99584174156189,1057993,415859,2.5441147119576586,1225312,2,149,slack_t0.5_c1.0_a2|fine_time+ls_move_u30->c1+focused_unblock_pipe_r0+focused_unblock_pipe_r1+focused_unblock_pipe_r2+pair_shift_pair_r0+pair_shift_pair_r1+pair_shift_pair_r2+pair_shift_pair_r3+pair_shift_pair_r4+focused_wide_unblock_pipe_r0+focused_wide_swap_pipe_r1+focused_wide_swap_pipe_r2+focused_wide_swap_pipe_r3+focused_wide_swap_pipe_r4+focused_wide_swap_pipe_r5+focused_wide_unblock_pipe_r6+focused_wide_swap_pipe_r7+order_800_-1_r0+order_2800_-1_r1+order_550_-1_r2+focused_wide_swap_pipe_r0,/mnt/165d5ea0-c4bf-423a-a83b-e5fb727cf65f/lw/A/p2_v7_1/A题_problem2_solver_v7_1_allcase_plans/case_083_2core.json,
case_083,3,ok,104.56250166893005,1057993,283583,3.730805443203577,3001536,3,153,v8_level_strong_128_12|fine_time+ls_move_u15->c1+focused_unblock_pipe_retime_r0+focused_unblock_pipe_retime_r1+focused_wide_unblock_pipe_retime_r0,/mnt/165d5ea0-c4bf-423a-a83b-e5fb727cf65f/lw/A/p2_v7_1/A题_problem2_solver_v7_1_allcase_plans/case_083_3core.json,
case_083,4,ok,64.4166510105133,1057993,211408,5.0045078710361,2873120,4,108,slack_t0.5_c1.0_a4|fine_time+ls_move_u30->c3+ls_move_u29->c2+ls_move_u28->c1+ls_move_u27->c0+focused_unblock_pipe_r0+focused_unblock_pipe_r1+focused_unblock_pipe_r2+focused_wide_unblock_pipe_r0,/mnt/165d5ea0-c4bf-423a-a83b-e5fb727cf65f/lw/A/p2_v7_1/A题_problem2_solver_v7_1_allcase_plans/case_083_4core.json,
case_083,5,ok,90.83176708221436,1057993,181063,5.843231361459823,3983744,5,163,slack_t0.5_c1.0_a5|fine_time~win256~win512+focused_unblock_pipe_r0+focused_unblock_pipe_r1+focused_unblock_pipe_r2+pair_shift_pair_r0+pair_shift_pair_r1+pair_shift_pair_r2+pair_join_third_core_r3+pair_join_third_core_r4+focused_wide_unblock_pipe_r0+order_3300_-1_r0+order_800_-1_r1+order_2048_-1_r2+focused_wide_swap_pipe_r0,/mnt/165d5ea0-c4bf-423a-a83b-e5fb727cf65f/lw/A/p2_v7_1/A题_problem2_solver_v7_1_allcase_plans/case_083_5core.json,
case_084,2,ok,401.5788412094116,2507412,1023162,2.4506500436880962,23083008,2,94,v8_level_aggressive_160_20|fine_win4+ls_resort+ls_resort+ls_resort+ls_move_u1076->c1+ls_resort+ls_resort+ls_resort+ls_resort+ls_move_u1072->c1+ls_resort+ls_move_u1074->c1+ls_move_u1070->c1+ls_resort+ls_move_u1068->c1+ls_move_u1066->c1,/mnt/165d5ea0-c4bf-423a-a83b-e5fb727cf65f/lw/A/p2_v7_1/A题_problem2_solver_v7_1_allcase_plans/case_084_2core.json,
case_084,3,ok,258.5324833393097,2507412,727614,3.4460744295739225,19086528,3,72,v8_micro64_b40|fine_win4+ls_move_u1074->c0+ls_resort+ls_move_u1025->c2+focused_unblock_pipe_r0+focused_unblock_pipe_r1+focused_unblock_pipe_r2,/mnt/165d5ea0-c4bf-423a-a83b-e5fb727cf65f/lw/A/p2_v7_1/A题_problem2_solver_v7_1_allcase_plans/case_084_3core.json,
case_084,4,ok,260.6035010814667,2507412,626856,3.9999808568475057,9216,4,80,v8_wcc_active4+focused_unblock_pipe_r0+focused_unblock_pipe_r1+order_12868_-1_r0+focused_wide_join_target_r0,/mnt/165d5ea0-c4bf-423a-a83b-e5fb727cf65f/lw/A/p2_v7_1/A题_problem2_solver_v7_1_allcase_plans/case_084_4core.json,
case_084,5,ok,215.239422082901,2507412,501680,4.998030617126455,18432,5,73,v8_wcc_active5+focused_unblock_pipe_r0+focused_unblock_pipe_r1+focused_unblock_pipe_r2+focused_wide_unblock_pipe_r0+order_12856_-1_r0+order_12844_-1_r1+focused_wide_join_target_r0,/mnt/165d5ea0-c4bf-423a-a83b-e5fb727cf65f/lw/A/p2_v7_1/A题_problem2_solver_v7_1_allcase_plans/case_084_5core.json,
case_085,2,ok,776.6551275253296,3187899,1501308,2.123414382658322,18988330,2,73,v8_level_none_80_20|fine_time+ls_resort+ls_move_u6080->c1+focused_swap_pipe_retime_r0,/mnt/165d5ea0-c4bf-423a-a83b-e5fb727cf65f/lw/A/p2_v7_1/A题_problem2_solver_v7_1_allcase_plans/case_085_2core.json,
case_085,3,ok,569.6383275985718,3187899,1213729,2.6265327762622466,8795890,3,72,v8_level_aggressive_160_20|fine_time+focused_wide_swap_pipe_retime_r0+order_19908_-1_r0+focused_wide_unblock_pipe_r0,/mnt/165d5ea0-c4bf-423a-a83b-e5fb727cf65f/lw/A/p2_v7_1/A题_problem2_solver_v7_1_allcase_plans/case_085_3core.json,
case_085,4,ok,582.2569162845612,3187899,884957,3.6023207907276853,11263858,4,75,v8_level_aggressive_160_20|fine_time+ls_move_u6342->c1+ls_move_u6343->c3+focused_wide_unblock_pipe_retime_r0+focused_wide_unblock_pipe_retime_r0,/mnt/165d5ea0-c4bf-423a-a83b-e5fb727cf65f/lw/A/p2_v7_1/A题_problem2_solver_v7_1_allcase_plans/case_085_4core.json,
case_085,5,ok,461.74742245674133,3187899,757390,4.209058741203343,18089208,5,56,v8_micro64_b40+pair_shift_pair_r0+pair_shift_pair_r1+focused_wide_unblock_pipe_r0+order_fine_r0,/mnt/165d5ea0-c4bf-423a-a83b-e5fb727cf65f/lw/A/p2_v7_1/A题_problem2_solver_v7_1_allcase_plans/case_085_5core.json,
case_086,2,ok,183.11212682724,118403,51519,2.298239484462043,1232902,2,164,v8_level_aggressive_96_30|fine_time+ls_move_u1301->c1+focused_swap_pipe_retime_r0+focused_swap_pipe_retime_r1+focused_unblock_pipe_retime_r2+pair_shift_pair_r0+pair_shift_pair_retime_r1+pair_shift_pair_r2+focused_wide_unblock_pipe_retime_r0+focused_wide_join_target_r1+focused_wide_unblock_pipe_retime_r2+focused_wide_unblock_pipe_retime_r3+order_5288_-1_r0+order_5269_-1_r1+order_5250_-1_r2,/mnt/165d5ea0-c4bf-423a-a83b-e5fb727cf65f/lw/A/p2_v7_1/A题_problem2_solver_v7_1_allcase_plans/case_086_2core.json,
case_086,3,ok,175.6542580127716,118403,44735,2.646764278529116,1550698,3,160,v8_level_aggressive_160_20|fine_time+ls_resort+ls_move_u1472->c0+focused_unblock_pipe_retime_r0+focused_unblock_pipe_retime_r1+focused_unblock_pipe_retime_r2+pair_shift_pair_r0+pair_shift_pair_r1+order_5250_-1_r0+order_5345_-1_r1+order_5364_-1_r2,/mnt/165d5ea0-c4bf-423a-a83b-e5fb727cf65f/lw/A/p2_v7_1/A题_problem2_solver_v7_1_allcase_plans/case_086_3core.json,
case_086,4,ok,151.10725712776184,118403,42821,2.7650685411363582,1850000,4,138,v8_level_aggressive_160_20|fine_win64+focused_unblock_pipe_retime_r0,/mnt/165d5ea0-c4bf-423a-a83b-e5fb727cf65f/lw/A/p2_v7_1/A题_problem2_solver_v7_1_allcase_plans/case_086_4core.json,
case_086,5,ok,148.843847990036,118403,42771,2.768300951579341,1850384,5,134,seed:case_086_4core.json|fine_win64+focused_unblock_pipe_retime_r0,/mnt/165d5ea0-c4bf-423a-a83b-e5fb727cf65f/lw/A/p2_v7_1/A题_problem2_solver_v7_1_allcase_plans/case_086_5core.json,
case_087,2,ok,865.0157036781311,3974071,1961594,2.0259396184939393,10597206,2,60,v8_wcc_active2|fine_time+focused_swap_pipe_retime_r0+focused_swap_pipe_retime_r1+focused_swap_pipe_retime_r2+pair_shift_pair_retime_r0,/mnt/165d5ea0-c4bf-423a-a83b-e5fb727cf65f/lw/A/p2_v7_1/A题_problem2_solver_v7_1_allcase_plans/case_087_2core.json,
case_087,3,ok,768.7727789878845,3974071,1329531,2.9890773513366744,7372414,3,68,v8_wcc_active3|fine_time+ls_move_u17365->c2+ls_move_u17297->c2+ls_move_u17263->c2+ls_move_u17127->c2+ls_move_u17059->c2+ls_move_u18091->c2+ls_move_u17025->c2+ls_move_u17860->c2+ls_move_u19121->c2+ls_move_u17794->c2+ls_move_u19121->c1+ls_move_u19057->c1+focused_unblock_pipe_r0+focused_unblock_pipe_retime_r1+focused_unblock_pipe_r2+pair_shift_pair_r0+pair_shift_pair_r1+focused_wide_swap_pipe_r0+focused_wide_swap_pipe_r1+focused_wide_unblock_pipe_retime_r0,/mnt/165d5ea0-c4bf-423a-a83b-e5fb727cf65f/lw/A/p2_v7_1/A题_problem2_solver_v7_1_allcase_plans/case_087_3core.json,
case_087,4,ok,782.1219222545624,3974071,1026862,3.8701120501099466,7370770,4,72,v8_wcc_active4|fine_time+ls_move_u2780->c3+ls_move_u15718->c3+ls_move_u18992->c3+focused_join_target_retime_r0+focused_unblock_pipe_retime_r1+focused_unblock_pipe_retime_r2+pair_shift_pair_retime_r0+focused_wide_unblock_pipe_retime_r0+focused_wide_unblock_pipe_retime_r0,/mnt/165d5ea0-c4bf-423a-a83b-e5fb727cf65f/lw/A/p2_v7_1/A题_problem2_solver_v7_1_allcase_plans/case_087_4core.json,
case_087,5,ok,752.0238087177277,3974071,838499,4.739505950513954,6580306,5,70,v8_wcc_active5|fine_time+focused_unblock_pipe_retime_r0+focused_unblock_pipe_retime_r1+focused_unblock_pipe_retime_r2+pair_shift_pair_retime_r0+focused_wide_unblock_pipe_retime_r0+focused_wide_unblock_pipe_retime_r0,/mnt/165d5ea0-c4bf-423a-a83b-e5fb727cf65f/lw/A/p2_v7_1/A题_problem2_solver_v7_1_allcase_plans/case_087_5core.json,
case_088,2,ok,113.12233567237854,243623,118749,2.051579381721109,1177874,2,193,v8_micro64_b40|fine_time+ls_move_u958->c1+ls_move_u928->c1+ls_move_u1032->c1+ls_move_u1138->c1+ls_move_u956->c1+ls_move_u1265->c1+focused_unblock_pipe_retime_r0+focused_unblock_pipe_retime_r1+focused_unblock_pipe_retime_r2+pair_shift_pair_retime_r0+pair_shift_pair_retime_r1+pair_shift_pair_retime_r2+focused_wide_unblock_pipe_r0+focused_wide_unblock_pipe_retime_r1+focused_wide_unblock_pipe_retime_r2,/mnt/165d5ea0-c4bf-423a-a83b-e5fb727cf65f/lw/A/p2_v7_1/A题_problem2_solver_v7_1_allcase_plans/case_088_2core.json,
case_088,3,ok,80.27076697349548,243623,95975,2.5384006251628026,1680250,3,141,v8_level_aggressive_96_30+focused_unblock_pipe_r0+focused_join_target_r1+focused_wide_unblock_pipe_r0,/mnt/165d5ea0-c4bf-423a-a83b-e5fb727cf65f/lw/A/p2_v7_1/A题_problem2_solver_v7_1_allcase_plans/case_088_3core.json,
case_088,4,ok,83.71171689033508,243623,73238,3.3264562112564517,2073184,4,147,v8_level_aggressive_160_20+focused_unblock_pipe_r0+focused_join_source_r1+focused_unblock_pipe_r2+focused_wide_unblock_pipe_r0+focused_wide_join_target_r1+order_6227_-1_r0,/mnt/165d5ea0-c4bf-423a-a83b-e5fb727cf65f/lw/A/p2_v7_1/A题_problem2_solver_v7_1_allcase_plans/case_088_4core.json,
case_088,5,ok,102.60723876953125,243623,72788,3.3470214870583064,2097760,5,175,seed:case_088_4core.json+ls_move_u441->c4+ls_move_u1256->c2+focused_unblock_pipe_r0+focused_join_target_r1+focused_unblock_pipe_r2+pair_shift_pair_r0+focused_wide_unblock_pipe_r0+focused_wide_join_target_r1,/mnt/165d5ea0-c4bf-423a-a83b-e5fb727cf65f/lw/A/p2_v7_1/A题_problem2_solver_v7_1_allcase_plans/case_088_5core.json,
case_089,2,ok,142.2625172138214,693092,297475,2.3299167997310697,353408,2,164,v8_level_none_80_20|fine_time+ls_move_u179->c0+focused_swap_pipe_retime_r0+focused_unblock_pipe_retime_r1+order_2763_-1_r0+order_1731_-1_r1+order_1989_-1_r2+focused_wide_swap_pipe_retime_r0+focused_wide_unblock_pipe_retime_r1,/mnt/165d5ea0-c4bf-423a-a83b-e5fb727cf65f/lw/A/p2_v7_1/A题_problem2_solver_v7_1_allcase_plans/case_089_2core.json,
case_089,3,ok,153.09753966331482,693092,199706,3.4705617257368333,941824,3,184,slack_t0.5_c1.0_a3|fine_time+ls_move_u169->c2+focused_unblock_pipe_retime_r0+focused_unblock_pipe_retime_r1+focused_unblock_pipe_retime_r2+pair_shift_pair_retime_r0+pair_shift_pair_r1+order_1344_-1_r0,/mnt/165d5ea0-c4bf-423a-a83b-e5fb727cf65f/lw/A/p2_v7_1/A题_problem2_solver_v7_1_allcase_plans/case_089_3core.json,
case_089,4,ok,127.89933753013611,693092,150908,4.592811514300103,814464,4,172,v8_level_none_80_20|fine_time+ls_move_u99->c1+focused_swap_pipe_retime_r0+focused_swap_pipe_retime_r1+focused_unblock_pipe_retime_r2+order_828_-1_r0,/mnt/165d5ea0-c4bf-423a-a83b-e5fb727cf65f/lw/A/p2_v7_1/A题_problem2_solver_v7_1_allcase_plans/case_089_4core.json,
case_089,5,ok,105.89663863182068,693092,121774,5.691625470133197,963072,5,150,v8_level_none_80_20|fine_time~win256+ls_move_u198->c0,/mnt/165d5ea0-c4bf-423a-a83b-e5fb727cf65f/lw/A/p2_v7_1/A题_problem2_solver_v7_1_allcase_plans/case_089_5core.json,
case_090,2,ok,34.06223011016846,1178363,421330,2.7967697529252606,2276352,2,134,slack_t0.5_c1.0_a2|fine_time~win256~win512~win1024+ls_move_u64->c1+focused_unblock_pipe_r0+focused_join_source_r1+focused_join_source_r2+pair_shift_pair_r0+pair_shift_pair_r1+order_183_-1_r0,/mnt/165d5ea0-c4bf-423a-a83b-e5fb727cf65f/lw/A/p2_v7_1/A题_problem2_solver_v7_1_allcase_plans/case_090_2core.json,
case_090,3,ok,33.608941316604614,1178363,293743,4.011544104880797,4458456,3,143,slack_t0.5_c1.0_a3|fine_time~win256~win512+focused_unblock_pipe_retime_r0+focused_unblock_pipe_r1+focused_unblock_pipe_r2+pair_shift_pair_r0+focused_wide_unblock_pipe_r0+focused_wide_unblock_pipe_r1+focused_wide_unblock_pipe_r2+focused_wide_join_source_r3+order_570_-1_r0+order_955_-1_r1,/mnt/165d5ea0-c4bf-423a-a83b-e5fb727cf65f/lw/A/p2_v7_1/A题_problem2_solver_v7_1_allcase_plans/case_090_3core.json,
case_090,4,ok,32.30516862869263,1178363,260940,4.515838890166322,6637656,4,134,slack_t0.5_c1.0_a4|fine_time~win256~win512+focused_unblock_pipe_r0+focused_unblock_pipe_r1+focused_unblock_pipe_r2+pair_shift_pair_r0+pair_join_source_pair_r1+pair_shift_pair_r2+pair_shift_pair_r3+pair_join_third_core_r4+focused_wide_unblock_pipe_r0+focused_wide_swap_pipe_r1+focused_wide_join_target_r2,/mnt/165d5ea0-c4bf-423a-a83b-e5fb727cf65f/lw/A/p2_v7_1/A题_problem2_solver_v7_1_allcase_plans/case_090_4core.json,
case_090,5,ok,44.900551319122314,1178363,240171,4.906350058916355,8872824,5,195,slack_t0.25_c0.6_a5|fine_time~win256+ls_move_u64->c3+ls_move_u44->c4+focused_unblock_pipe_r0+focused_unblock_pipe_r1+focused_unblock_pipe_r2+pair_shift_pair_r0+focused_wide_unblock_pipe_r0+focused_wide_swap_pipe_r1+order_1205_-1_r0+order_430_-1_r1+focused_wide_join_target_r0,/mnt/165d5ea0-c4bf-423a-a83b-e5fb727cf65f/lw/A/p2_v7_1/A题_problem2_solver_v7_1_allcase_plans/case_090_5core.json,
case_091,2,ok,1392.0168187618256,9186769,4574240,2.008370570848928,57843172,2,37,v8_clusterphase_strong_128+focused_unblock_pipe_r0+focused_unblock_pipe_r1+focused_unblock_pipe_r2+focused_wide_unblock_pipe_r0+focused_wide_unblock_pipe_r1,/mnt/165d5ea0-c4bf-423a-a83b-e5fb727cf65f/lw/A/p2_v7_1/A题_problem2_solver_v7_1_allcase_plans/case_091_2core.json,
case_091,3,ok,751.805410861969,9186769,3051425,3.010648795235013,48060980,3,51,v8_active3_strong96+ls_move_u25->c0+focused_unblock_pipe_r0+focused_unblock_pipe_r1+focused_unblock_pipe_r2+focused_wide_unblock_pipe_r0+focused_wide_unblock_pipe_r1,/mnt/165d5ea0-c4bf-423a-a83b-e5fb727cf65f/lw/A/p2_v7_1/A题_problem2_solver_v7_1_allcase_plans/case_091_3core.json,
case_091,4,ok,698.7769029140472,9186769,2312536,3.9725950212234533,67409568,4,45,v8_wcc_active4+focused_unblock_pipe_r0+focused_unblock_pipe_r1+focused_unblock_pipe_r2,/mnt/165d5ea0-c4bf-423a-a83b-e5fb727cf65f/lw/A/p2_v7_1/A题_problem2_solver_v7_1_allcase_plans/case_091_4core.json,
case_091,5,ok,896.0765676498413,9186769,1871268,4.909381766801976,71308288,5,61,v8_wcc_active5+focused_swap_pipe_r0+focused_swap_pipe_r1+focused_wide_unblock_pipe_r0+focused_wide_unblock_pipe_r1,/mnt/165d5ea0-c4bf-423a-a83b-e5fb727cf65f/lw/A/p2_v7_1/A题_problem2_solver_v7_1_allcase_plans/case_091_5core.json,
case_092,2,ok,264.4792685508728,4815554,2015386,2.3893953813314175,4690528,2,28,v8_level_strong_128_12,/mnt/165d5ea0-c4bf-423a-a83b-e5fb727cf65f/lw/A/p2_v7_1/A题_problem2_solver_v7_1_allcase_plans/case_092_2core.json,
case_092,3,ok,553.9092011451721,4815554,1312091,3.6701372084710586,13130048,3,96,v8_level_strong_128_12|fine_time+ls_resort+ls_resort+ls_resort+ls_resort+ls_resort+ls_resort+ls_resort+ls_resort+ls_resort+ls_resort+ls_resort+ls_resort+ls_resort+ls_resort+ls_resort+ls_resort+ls_resort+ls_move_u141->c2+ls_resort+ls_resort,/mnt/165d5ea0-c4bf-423a-a83b-e5fb727cf65f/lw/A/p2_v7_1/A题_problem2_solver_v7_1_allcase_plans/case_092_3core.json,
case_092,4,ok,368.14930391311646,4815554,966010,4.984993944162069,10008352,4,66,v8_level_strong_128_12|fine_time+ls_move_u133->c1+focused_swap_pipe_retime_r0+focused_unblock_pipe_r1+focused_unblock_pipe_retime_r2+pair_shift_pair_retime_r0+pair_shift_pair_retime_r1+focused_wide_unblock_pipe_retime_r0,/mnt/165d5ea0-c4bf-423a-a83b-e5fb727cf65f/lw/A/p2_v7_1/A题_problem2_solver_v7_1_allcase_plans/case_092_4core.json,
case_092,5,ok,366.0133159160614,4815554,787590,6.114290430300029,4966784,5,77,slack_t0.5_c1.0_a5|fine_time+ls_move_u66->c3+focused_unblock_pipe_retime_r0+focused_unblock_pipe_retime_r1+focused_swap_pipe_retime_r2+order_fine_r0,/mnt/165d5ea0-c4bf-423a-a83b-e5fb727cf65f/lw/A/p2_v7_1/A题_problem2_solver_v7_1_allcase_plans/case_092_5core.json,
case_093,2,ok,12.00599217414856,74205,37326,1.9880244333708408,425984,2,125,v8_frontier6,/mnt/165d5ea0-c4bf-423a-a83b-e5fb727cf65f/lw/A/p2_v7_1/A题_problem2_solver_v7_1_allcase_plans/case_093_2core.json,
case_093,3,ok,7.322948217391968,74205,25103,2.956021192686133,16384,3,94,v8_wcc_active3,/mnt/165d5ea0-c4bf-423a-a83b-e5fb727cf65f/lw/A/p2_v7_1/A题_problem2_solver_v7_1_allcase_plans/case_093_3core.json,
case_093,4,ok,7.121016502380371,74205,19545,3.7966231772831924,28672,4,92,v8_wcc_active4+focused_unblock_pipe_r0+focused_unblock_pipe_r1,/mnt/165d5ea0-c4bf-423a-a83b-e5fb727cf65f/lw/A/p2_v7_1/A题_problem2_solver_v7_1_allcase_plans/case_093_4core.json,
case_093,5,ok,7.303608417510986,74205,15841,4.684363360898933,36864,5,97,v8_wcc_active5+focused_unblock_pipe_r0,/mnt/165d5ea0-c4bf-423a-a83b-e5fb727cf65f/lw/A/p2_v7_1/A题_problem2_solver_v7_1_allcase_plans/case_093_5core.json,
case_094,2,ok,11.512144804000854,94892,36338,2.6113710165666797,345124,2,142,v8_frontier6|coarse_time+ls_resort+ls_move_u96->c1+ls_resort+order_884_-1_r0,/mnt/165d5ea0-c4bf-423a-a83b-e5fb727cf65f/lw/A/p2_v7_1/A题_problem2_solver_v7_1_allcase_plans/case_094_2core.json,
case_094,3,ok,11.115870237350464,94892,25756,3.684267743438422,527176,3,134,v8_frontier6|coarse_time+ls_move_u53->c1+ls_move_u96->c1,/mnt/165d5ea0-c4bf-423a-a83b-e5fb727cf65f/lw/A/p2_v7_1/A题_problem2_solver_v7_1_allcase_plans/case_094_3core.json,
case_094,4,ok,10.33046817779541,94892,21170,4.482380727444497,628840,4,120,v8_frontier6+ls_move_u105->c0,/mnt/165d5ea0-c4bf-423a-a83b-e5fb727cf65f/lw/A/p2_v7_1/A题_problem2_solver_v7_1_allcase_plans/case_094_4core.json,
case_094,5,ok,15.648015975952148,94892,16927,5.605954983162994,306040,5,185,v8_level_strong_256_10|fine_time+ls_move_u0->c2+focused_unblock_pipe_retime_r0+focused_unblock_pipe_retime_r1+focused_swap_pipe_retime_r2+pair_shift_pair_retime_r0+pair_shift_pair_retime_r1+pair_shift_pair_retime_r2+focused_wide_unblock_pipe_r0+focused_wide_swap_pipe_retime_r1+focused_wide_unblock_pipe_r2+focused_wide_unblock_pipe_retime_r3+focused_wide_unblock_pipe_retime_r4+focused_wide_unblock_pipe_retime_r5+focused_wide_unblock_pipe_retime_r6+focused_wide_unblock_pipe_r7+focused_wide_unblock_pipe_retime_r0+focused_wide_unblock_pipe_r1+focused_wide_unblock_pipe_r2,/mnt/165d5ea0-c4bf-423a-a83b-e5fb727cf65f/lw/A/p2_v7_1/A题_problem2_solver_v7_1_allcase_plans/case_094_5core.json,
case_095,2,ok,140.48257064819336,2084853,1040444,2.0038108730503517,221184,2,121,v8_wcc_active2+focused_wide_swap_pipe_r0+focused_wide_swap_pipe_r1+focused_wide_swap_pipe_r2+focused_wide_swap_pipe_r3+order_5536_-1_r0+order_5538_-1_r1+order_5518_-1_r2,/mnt/165d5ea0-c4bf-423a-a83b-e5fb727cf65f/lw/A/p2_v7_1/A题_problem2_solver_v7_1_allcase_plans/case_095_2core.json,
case_095,3,ok,113.86288523674011,2084853,693459,3.00645459933464,0,3,106,v8_wcc_active3+order_5536_-1_r0+order_5524_-1_r1+order_5512_-1_r2,/mnt/165d5ea0-c4bf-423a-a83b-e5fb727cf65f/lw/A/p2_v7_1/A题_problem2_solver_v7_1_allcase_plans/case_095_3core.json,
case_095,4,ok,130.458909034729,2084853,520965,4.0019060781434455,74112,4,124,v8_wcc_active4+focused_unblock_pipe_r0+focused_unblock_pipe_r1+focused_swap_pipe_r2+focused_wide_join_source_r0+order_5512_-1_r0+order_5508_-1_r1+order_5488_-1_r2,/mnt/165d5ea0-c4bf-423a-a83b-e5fb727cf65f/lw/A/p2_v7_1/A题_problem2_solver_v7_1_allcase_plans/case_095_4core.json,
case_095,5,ok,143.94493985176086,2084853,416897,5.000882712036786,221184,5,144,v8_wcc_active5+focused_unblock_pipe_r0+focused_unblock_pipe_r1+focused_unblock_pipe_r2+focused_wide_unblock_pipe_r0+focused_wide_unblock_pipe_r1+focused_wide_swap_pipe_r2+focused_wide_join_target_r3+focused_wide_swap_pipe_r4+order_5404_-1_r0+order_5478_-1_r1,/mnt/165d5ea0-c4bf-423a-a83b-e5fb727cf65f/lw/A/p2_v7_1/A题_problem2_solver_v7_1_allcase_plans/case_095_5core.json,
case_096,2,ok,37.9806342124939,84194,37138,2.2670579998922937,95700,2,275,v8_level_aggressive_96_30|fine_time+ls_move_u927->c1+ls_move_u694->c1+focused_unblock_pipe_retime_r0+focused_swap_pipe_retime_r1+pair_shift_pair_retime_r0+pair_shift_pair_retime_r1+pair_shift_pair_retime_r2+pair_shift_pair_retime_r3+pair_shift_pair_retime_r4+focused_wide_swap_pipe_retime_r0+focused_wide_unblock_pipe_retime_r1+focused_wide_unblock_pipe_retime_r2+focused_wide_unblock_pipe_retime_r3+focused_wide_unblock_pipe_r4+focused_wide_swap_pipe_retime_r5+focused_wide_unblock_pipe_r6+focused_wide_swap_pipe_retime_r7+focused_wide_unblock_pipe_r0+focused_wide_swap_pipe_retime_r1+focused_wide_unblock_pipe_r2+focused_wide_swap_pipe_retime_r3+focused_wide_unblock_pipe_r4+focused_wide_swap_pipe_r5+focused_wide_unblock_pipe_retime_r6+focused_wide_unblock_pipe_r7,/mnt/165d5ea0-c4bf-423a-a83b-e5fb727cf65f/lw/A/p2_v7_1/A题_problem2_solver_v7_1_allcase_plans/case_096_2core.json,
case_096,3,ok,25.217904567718506,84194,26690,3.1545147995503933,116612,3,198,v8_micro64_b40|fine_win4+ls_move_u881->c0+ls_move_u1074->c2+pair_shift_pair_r0+pair_shift_pair_r1+order_2548_-1_r0,/mnt/165d5ea0-c4bf-423a-a83b-e5fb727cf65f/lw/A/p2_v7_1/A题_problem2_solver_v7_1_allcase_plans/case_096_3core.json,
case_096,4,ok,15.36819052696228,84194,23794,3.5384550727074053,123416,4,121,v8_micro64_b40+ls_move_u1->c3+focused_unblock_pipe_r0+focused_unblock_pipe_r1+focused_unblock_pipe_r2,/mnt/165d5ea0-c4bf-423a-a83b-e5fb727cf65f/lw/A/p2_v7_1/A题_problem2_solver_v7_1_allcase_plans/case_096_4core.json,
case_096,5,ok,48.6782169342041,84194,21237,3.964495926919998,809824,5,267,slack_t0.25_c0.6_a5|fine_time+ls_resort+ls_resort+ls_move_u699->c0+focused_unblock_pipe_retime_r0+focused_swap_pipe_retime_r1+pair_shift_pair_retime_r0+pair_shift_pair_retime_r1+focused_wide_unblock_pipe_retime_r0+focused_wide_unblock_pipe_retime_r1+focused_wide_swap_pipe_retime_r2,/mnt/165d5ea0-c4bf-423a-a83b-e5fb727cf65f/lw/A/p2_v7_1/A题_problem2_solver_v7_1_allcase_plans/case_096_5core.json,
case_097,2,ok,173.77153778076172,11491509,5152906,2.2301025867733664,2555904,2,110,v8_frontier6,/mnt/165d5ea0-c4bf-423a-a83b-e5fb727cf65f/lw/A/p2_v7_1/A题_problem2_solver_v7_1_allcase_plans/case_097_2core.json,
case_097,3,ok,195.22884583473206,11491509,3437689,3.342800643106459,10215424,3,131,v8_frontier6,/mnt/165d5ea0-c4bf-423a-a83b-e5fb727cf65f/lw/A/p2_v7_1/A题_problem2_solver_v7_1_allcase_plans/case_097_3core.json,
case_097,4,ok,154.61854028701782,11491509,2577788,4.4578952962772735,7667712,4,117,v8_level_strong_1024_8,/mnt/165d5ea0-c4bf-423a-a83b-e5fb727cf65f/lw/A/p2_v7_1/A题_problem2_solver_v7_1_allcase_plans/case_097_4core.json,
case_097,5,ok,207.06883144378662,11491509,2063819,5.568079855840071,18255872,5,130,v8_frontier6,/mnt/165d5ea0-c4bf-423a-a83b-e5fb727cf65f/lw/A/p2_v7_1/A题_problem2_solver_v7_1_allcase_plans/case_097_5core.json,
case_098,2,ok,30.285093307495117,177430,87380,2.0305561913481345,790532,2,171,v8_micro64_b40|fine_win4+ls_resort+pair_shift_pair_r0+order_1988_-1_r0+order_1990_-1_r1,/mnt/165d5ea0-c4bf-423a-a83b-e5fb727cf65f/lw/A/p2_v7_1/A题_problem2_solver_v7_1_allcase_plans/case_098_2core.json,
case_098,3,ok,40.77779579162598,177430,62315,2.8473080317740513,623338,3,201,v8_level_strong_128_12+ls_move_u111->c0+ls_move_u96->c2+focused_join_source_r0+focused_unblock_pipe_r1+focused_unblock_pipe_r2+order_1964_-1_r0+order_1962_-1_r1,/mnt/165d5ea0-c4bf-423a-a83b-e5fb727cf65f/lw/A/p2_v7_1/A题_problem2_solver_v7_1_allcase_plans/case_098_3core.json,
case_098,4,ok,46.32751679420471,177430,50530,3.511379378586978,783224,4,213,v8_level_strong_1024_8|fine_time+ls_move_u969->c1+ls_move_u858->c0+ls_move_u970->c1+ls_move_u668->c1+ls_move_u943->c0+ls_move_u857->c0+focused_unblock_pipe_retime_r0+focused_unblock_pipe_retime_r1+focused_unblock_pipe_retime_r2+pair_shift_pair_retime_r0+pair_shift_pair_retime_r1+pair_shift_pair_retime_r2+focused_wide_unblock_pipe_r0,/mnt/165d5ea0-c4bf-423a-a83b-e5fb727cf65f/lw/A/p2_v7_1/A题_problem2_solver_v7_1_allcase_plans/case_098_4core.json,
case_098,5,ok,42.838303565979004,177430,45021,3.941049732347127,861140,5,194,v8_level_strong_256_10|fine_time+ls_move_u864->c4+ls_move_u861->c1+ls_move_u863->c4+ls_move_u1011->c1+ls_move_u1012->c1+focused_unblock_pipe_retime_r0+focused_unblock_pipe_retime_r1+focused_unblock_pipe_retime_r2+pair_shift_pair_retime_r0+pair_shift_pair_retime_r1+pair_shift_pair_retime_r2+pair_shift_pair_retime_r3,/mnt/165d5ea0-c4bf-423a-a83b-e5fb727cf65f/lw/A/p2_v7_1/A题_problem2_solver_v7_1_allcase_plans/case_098_5core.json,
case_099,2,ok,176.03664875030518,1622999,800625,2.0271650273224044,7168516,2,101,v8_frontier6+ls_move_u2790->c1+ls_move_u2777->c1+ls_move_u2809->c0,/mnt/165d5ea0-c4bf-423a-a83b-e5fb727cf65f/lw/A/p2_v7_1/A题_problem2_solver_v7_1_allcase_plans/case_099_2core.json,
case_099,3,ok,189.9505479335785,1622999,533950,3.0396085775821704,10180108,3,110,v8_frontier6+ls_move_u2796->c2,/mnt/165d5ea0-c4bf-423a-a83b-e5fb727cf65f/lw/A/p2_v7_1/A题_problem2_solver_v7_1_allcase_plans/case_099_3core.json,
case_099,4,ok,208.43463611602783,1622999,401011,4.047268030054038,13086724,4,115,v8_frontier6,/mnt/165d5ea0-c4bf-423a-a83b-e5fb727cf65f/lw/A/p2_v7_1/A题_problem2_solver_v7_1_allcase_plans/case_099_4core.json,
case_099,5,ok,176.7316234111786,1622999,325400,4.987704363859865,9630720,5,117,v8_wcc_active5|fine_win4,/mnt/165d5ea0-c4bf-423a-a83b-e5fb727cf65f/lw/A/p2_v7_1/A题_problem2_solver_v7_1_allcase_plans/case_099_5core.json,
case_100,2,ok,46.20387864112854,151223,63504,2.381314562862182,1305686,2,164,slack_t0.5_c1.0_a2|fine_time+ls_move_u982->c0+ls_move_u913->c0+ls_move_u816->c0+ls_move_u802->c0+ls_move_u568->c0+ls_move_u860->c0+ls_move_u853->c0+ls_move_u795->c0+ls_move_u679->c0+focused_unblock_pipe_retime_r0+focused_swap_pipe_r1+focused_join_source_r2+pair_shift_pair_retime_r0+pair_shift_pair_r1+pair_shift_pair_r2+pair_shift_pair_r3+pair_shift_pair_r4+focused_wide_unblock_pipe_r0+focused_wide_unblock_pipe_retime_r1+focused_wide_unblock_pipe_r2+focused_wide_swap_pipe_r3+focused_wide_unblock_pipe_r4+focused_wide_swap_pipe_r5+focused_wide_swap_pipe_r6+focused_wide_swap_pipe_r7+focused_wide_unblock_pipe_r0+focused_wide_unblock_pipe_r1+focused_wide_unblock_pipe_r2+focused_wide_unblock_pipe_r3+focused_wide_unblock_pipe_r4+focused_wide_swap_pipe_retime_r5+focused_wide_unblock_pipe_r6+focused_wide_unblock_pipe_r7,/mnt/165d5ea0-c4bf-423a-a83b-e5fb727cf65f/lw/A/p2_v7_1/A题_problem2_solver_v7_1_allcase_plans/case_100_2core.json,
case_100,3,ok,36.643601417541504,151223,51419,2.9409945739901593,220272,3,195,v8_micro64_b40+pair_shift_pair_r0+pair_shift_pair_r1+pair_shift_pair_r2+focused_wide_unblock_pipe_r0+focused_wide_unblock_pipe_r1+focused_wide_unblock_pipe_r2+focused_wide_unblock_pipe_r3+focused_wide_unblock_pipe_r4+focused_wide_unblock_pipe_r5+focused_wide_unblock_pipe_r6+focused_wide_unblock_pipe_r7+focused_wide_unblock_pipe_r0,/mnt/165d5ea0-c4bf-423a-a83b-e5fb727cf65f/lw/A/p2_v7_1/A题_problem2_solver_v7_1_allcase_plans/case_100_3core.json,
case_100,4,ok,39.55702757835388,151223,41136,3.676171723064955,702200,4,171,v8_level_strong_256_10|fine_time+ls_move_u1154->c3,/mnt/165d5ea0-c4bf-423a-a83b-e5fb727cf65f/lw/A/p2_v7_1/A题_problem2_solver_v7_1_allcase_plans/case_100_4core.json,
case_100,5,ok,65.41950941085815,151223,35951,4.206364217963339,1209988,5,218,slack_t0.5_c1.0_a5|fine_time+ls_move_u217->c2+ls_move_u495->c4+ls_resort+ls_move_u491->c3+ls_move_u1000->c3+ls_move_u755->c3+ls_move_u741->c3+ls_move_u734->c3+ls_move_u619->c3+ls_move_u805->c3+ls_move_u611->c3+ls_move_u720->c3+ls_move_u563->c3+ls_move_u515->c3+ls_move_u236->c3+focused_unblock_pipe_r0+focused_unblock_pipe_r1+focused_unblock_pipe_r2+pair_shift_pair_r0+pair_shift_pair_r1+pair_shift_pair_r2+pair_shift_pair_r3+pair_shift_pair_r4+order_2688_-1_r0+order_2527_-1_r1,/mnt/165d5ea0-c4bf-423a-a83b-e5fb727cf65f/lw/A/p2_v7_1/A题_problem2_solver_v7_1_allcase_plans/case_100_5core.json,
