case,cores,status,seconds,single,makespan,speedup,added_copy_bytes,hit_rate_bytes,hit_rate_accesses,hit_bytes,miss_bytes,compulsory_miss,overlap_miss,capacity_miss,oversize_miss,problem2_plan_makespan_with_cache,regressed_vs_problem2_plan,cache_capacity_bytes,cache_bandwidth_bytes_per_cycle,used_cores,official_evaluations,search_seconds,origin,budget_factor,reuse_fraction,ddr_utilization,refine_cycles,selected,plan,error
case_001,1,ok,0.31810522079467773,233110,242197,0.9624809555857422,651264,,,,,,,,,,,,,1,1,,,,,,,official_random_stub_seed0,/mnt/165d5ea0-c4bf-423a-a83b-e5fb727cf65f/lw/A/official_stub_p2/official_stub_problem2_solver_allcase_plans/case_001_1core.json,
case_001,2,ok,0.1721644401550293,233110.0,177635,1.3122976890815437,1934464,,,,,,,,,,,,,2,1,,,,,,,official_random_stub_seed0,/mnt/165d5ea0-c4bf-423a-a83b-e5fb727cf65f/lw/A/official_stub_p2/official_stub_problem2_solver_allcase_plans/case_001_2core.json,
case_001,3,ok,0.18015241622924805,233110.0,190753,1.2220515535797603,1943808,,,,,,,,,,,,,3,1,,,,,,,official_random_stub_seed0,/mnt/165d5ea0-c4bf-423a-a83b-e5fb727cf65f/lw/A/official_stub_p2/official_stub_problem2_solver_allcase_plans/case_001_3core.json,
case_001,4,ok,0.19957637786865234,233110.0,193254,1.2062363521582995,2805120,,,,,,,,,,,,,4,1,,,,,,,official_random_stub_seed0,/mnt/165d5ea0-c4bf-423a-a83b-e5fb727cf65f/lw/A/official_stub_p2/official_stub_problem2_solver_allcase_plans/case_001_4core.json,
case_001,5,ok,0.19214129447937012,233110.0,201427,1.157292716468001,2900480,,,,,,,,,,,,,5,1,,,,,,,official_random_stub_seed0,/mnt/165d5ea0-c4bf-423a-a83b-e5fb727cf65f/lw/A/official_stub_p2/official_stub_problem2_solver_allcase_plans/case_001_5core.json,
case_002,1,ok,0.8119709491729736,261945,245150,1.068509076075872,873984,,,,,,,,,,,,,1,1,,,,,,,official_random_stub_seed0,/mnt/165d5ea0-c4bf-423a-a83b-e5fb727cf65f/lw/A/official_stub_p2/official_stub_problem2_solver_allcase_plans/case_002_1core.json,
case_002,2,ok,0.4810519218444824,261945.0,205105,1.2771263499183345,3102720,,,,,,,,,,,,,2,1,,,,,,,official_random_stub_seed0,/mnt/165d5ea0-c4bf-423a-a83b-e5fb727cf65f/lw/A/official_stub_p2/official_stub_problem2_solver_allcase_plans/case_002_2core.json,
case_002,3,ok,0.5146582126617432,261945.0,213259,1.228295171598854,4096512,,,,,,,,,,,,,3,1,,,,,,,official_random_stub_seed0,/mnt/165d5ea0-c4bf-423a-a83b-e5fb727cf65f/lw/A/official_stub_p2/official_stub_problem2_solver_allcase_plans/case_002_3core.json,
case_002,4,ok,0.5422501564025879,261945.0,200352,1.3074239338763776,4371456,,,,,,,,,,,,,4,1,,,,,,,official_random_stub_seed0,/mnt/165d5ea0-c4bf-423a-a83b-e5fb727cf65f/lw/A/official_stub_p2/official_stub_problem2_solver_allcase_plans/case_002_4core.json,
case_002,5,ok,0.5254266262054443,261945.0,190834,1.3726327593615393,4537344,,,,,,,,,,,,,5,1,,,,,,,official_random_stub_seed0,/mnt/165d5ea0-c4bf-423a-a83b-e5fb727cf65f/lw/A/official_stub_p2/official_stub_problem2_solver_allcase_plans/case_002_5core.json,
case_003,1,ok,27.927077293395996,602212,600873,1.0022284243092967,0,,,,,,,,,,,,,1,1,,,,,,,official_random_stub_seed0,/mnt/165d5ea0-c4bf-423a-a83b-e5fb727cf65f/lw/A/official_stub_p2/official_stub_problem2_solver_allcase_plans/case_003_1core.json,
case_003,2,ok,5.276975154876709,602212.0,623077,0.9665129670971646,5484286,,,,,,,,,,,,,2,1,,,,,,,official_random_stub_seed0,/mnt/165d5ea0-c4bf-423a-a83b-e5fb727cf65f/lw/A/official_stub_p2/official_stub_problem2_solver_allcase_plans/case_003_2core.json,
case_003,3,ok,5.5762715339660645,602212.0,634109,0.9496979225969037,7801726,,,,,,,,,,,,,3,1,,,,,,,official_random_stub_seed0,/mnt/165d5ea0-c4bf-423a-a83b-e5fb727cf65f/lw/A/official_stub_p2/official_stub_problem2_solver_allcase_plans/case_003_3core.json,
case_003,4,ok,5.807052135467529,602212.0,609137,0.9886314572912169,9336144,,,,,,,,,,,,,4,1,,,,,,,official_random_stub_seed0,/mnt/165d5ea0-c4bf-423a-a83b-e5fb727cf65f/lw/A/official_stub_p2/official_stub_problem2_solver_allcase_plans/case_003_4core.json,
case_003,5,ok,6.343018054962158,602212.0,621064,0.9696456403848879,10620936,,,,,,,,,,,,,5,1,,,,,,,official_random_stub_seed0,/mnt/165d5ea0-c4bf-423a-a83b-e5fb727cf65f/lw/A/official_stub_p2/official_stub_problem2_solver_allcase_plans/case_003_5core.json,
case_004,1,ok,0.3264119625091553,392357,396023,0.9907429618986776,2838528,,,,,,,,,,,,,1,1,,,,,,,official_random_stub_seed0,/mnt/165d5ea0-c4bf-423a-a83b-e5fb727cf65f/lw/A/official_stub_p2/official_stub_problem2_solver_allcase_plans/case_004_1core.json,
case_004,2,ok,0.2244565486907959,392357.0,328544,1.194229692217785,4402176,,,,,,,,,,,,,2,1,,,,,,,official_random_stub_seed0,/mnt/165d5ea0-c4bf-423a-a83b-e5fb727cf65f/lw/A/official_stub_p2/official_stub_problem2_solver_allcase_plans/case_004_2core.json,
case_004,3,ok,0.25046849250793457,392357.0,304285,1.2894391770872702,5563392,,,,,,,,,,,,,3,1,,,,,,,official_random_stub_seed0,/mnt/165d5ea0-c4bf-423a-a83b-e5fb727cf65f/lw/A/official_stub_p2/official_stub_problem2_solver_allcase_plans/case_004_3core.json,
case_004,4,ok,0.24483442306518555,392357.0,282321,1.3897549243591514,6472704,,,,,,,,,,,,,4,1,,,,,,,official_random_stub_seed0,/mnt/165d5ea0-c4bf-423a-a83b-e5fb727cf65f/lw/A/official_stub_p2/official_stub_problem2_solver_allcase_plans/case_004_4core.json,
case_004,5,ok,0.28652191162109375,392357.0,293601,1.3363612521755717,6933504,,,,,,,,,,,,,5,1,,,,,,,official_random_stub_seed0,/mnt/165d5ea0-c4bf-423a-a83b-e5fb727cf65f/lw/A/official_stub_p2/official_stub_problem2_solver_allcase_plans/case_004_5core.json,
case_005,1,ok,2.6001460552215576,95618,96164,0.9943221995757248,0,,,,,,,,,,,,,1,1,,,,,,,official_random_stub_seed0,/mnt/165d5ea0-c4bf-423a-a83b-e5fb727cf65f/lw/A/official_stub_p2/official_stub_problem2_solver_allcase_plans/case_005_1core.json,
case_005,2,ok,1.0137691497802734,95618.0,112115,0.8528564420461133,1825060,,,,,,,,,,,,,2,1,,,,,,,official_random_stub_seed0,/mnt/165d5ea0-c4bf-423a-a83b-e5fb727cf65f/lw/A/official_stub_p2/official_stub_problem2_solver_allcase_plans/case_005_2core.json,
case_005,3,ok,1.1343567371368408,95618.0,112473,0.8501418118126128,2838248,,,,,,,,,,,,,3,1,,,,,,,official_random_stub_seed0,/mnt/165d5ea0-c4bf-423a-a83b-e5fb727cf65f/lw/A/official_stub_p2/official_stub_problem2_solver_allcase_plans/case_005_3core.json,
case_005,4,ok,1.2192177772521973,95618.0,118453,0.807223118029936,3023790,,,,,,,,,,,,,4,1,,,,,,,official_random_stub_seed0,/mnt/165d5ea0-c4bf-423a-a83b-e5fb727cf65f/lw/A/official_stub_p2/official_stub_problem2_solver_allcase_plans/case_005_4core.json,
case_005,5,ok,1.1959233283996582,95618.0,119451,0.8004788574394521,3341938,,,,,,,,,,,,,5,1,,,,,,,official_random_stub_seed0,/mnt/165d5ea0-c4bf-423a-a83b-e5fb727cf65f/lw/A/official_stub_p2/official_stub_problem2_solver_allcase_plans/case_005_5core.json,
case_006,1,ok,0.24123597145080566,82837,80355,1.0308879347893722,1185106,,,,,,,,,,,,,1,1,,,,,,,official_random_stub_seed0,/mnt/165d5ea0-c4bf-423a-a83b-e5fb727cf65f/lw/A/official_stub_p2/official_stub_problem2_solver_allcase_plans/case_006_1core.json,
case_006,2,ok,0.16492557525634766,82837.0,81616,1.0149603019015878,1784528,,,,,,,,,,,,,2,1,,,,,,,official_random_stub_seed0,/mnt/165d5ea0-c4bf-423a-a83b-e5fb727cf65f/lw/A/official_stub_p2/official_stub_problem2_solver_allcase_plans/case_006_2core.json,
case_006,3,ok,0.16254639625549316,82837.0,80118,1.033937442272648,1944788,,,,,,,,,,,,,3,1,,,,,,,official_random_stub_seed0,/mnt/165d5ea0-c4bf-423a-a83b-e5fb727cf65f/lw/A/official_stub_p2/official_stub_problem2_solver_allcase_plans/case_006_3core.json,
case_006,4,ok,0.17722797393798828,82837.0,80277,1.0318895823212129,2332974,,,,,,,,,,,,,4,1,,,,,,,official_random_stub_seed0,/mnt/165d5ea0-c4bf-423a-a83b-e5fb727cf65f/lw/A/official_stub_p2/official_stub_problem2_solver_allcase_plans/case_006_4core.json,
case_006,5,ok,0.17815589904785156,82837.0,80277,1.0318895823212129,2332974,,,,,,,,,,,,,4,1,,,,,,,official_random_stub_seed0,/mnt/165d5ea0-c4bf-423a-a83b-e5fb727cf65f/lw/A/official_stub_p2/official_stub_problem2_solver_allcase_plans/case_006_5core.json,
case_007,1,ok,4.452844619750977,1012562,1004466,1.0080600040220375,10733568,,,,,,,,,,,,,1,1,,,,,,,official_random_stub_seed0,/mnt/165d5ea0-c4bf-423a-a83b-e5fb727cf65f/lw/A/official_stub_p2/official_stub_problem2_solver_allcase_plans/case_007_1core.json,
case_007,2,ok,1.655132532119751,1012562.0,754579,1.341889981035783,13056000,,,,,,,,,,,,,2,1,,,,,,,official_random_stub_seed0,/mnt/165d5ea0-c4bf-423a-a83b-e5fb727cf65f/lw/A/official_stub_p2/official_stub_problem2_solver_allcase_plans/case_007_2core.json,
case_007,3,ok,1.686476469039917,1012562.0,676202,1.4974253255683951,15009792,,,,,,,,,,,,,3,1,,,,,,,official_random_stub_seed0,/mnt/165d5ea0-c4bf-423a-a83b-e5fb727cf65f/lw/A/official_stub_p2/official_stub_problem2_solver_allcase_plans/case_007_3core.json,
case_007,4,ok,1.728562593460083,1012562.0,562691,1.7994991922742678,16049664,,,,,,,,,,,,,4,1,,,,,,,official_random_stub_seed0,/mnt/165d5ea0-c4bf-423a-a83b-e5fb727cf65f/lw/A/official_stub_p2/official_stub_problem2_solver_allcase_plans/case_007_4core.json,
case_007,5,ok,1.7669994831085205,1012562.0,547521,1.849357376246756,17261568,,,,,,,,,,,,,5,1,,,,,,,official_random_stub_seed0,/mnt/165d5ea0-c4bf-423a-a83b-e5fb727cf65f/lw/A/official_stub_p2/official_stub_problem2_solver_allcase_plans/case_007_5core.json,
case_008,1,ok,0.5105736255645752,487605,519422,0.9387453746664561,12106368,,,,,,,,,,,,,1,1,,,,,,,official_random_stub_seed0,/mnt/165d5ea0-c4bf-423a-a83b-e5fb727cf65f/lw/A/official_stub_p2/official_stub_problem2_solver_allcase_plans/case_008_1core.json,
case_008,2,ok,0.3045995235443115,487605.0,449100,1.0857381429525719,15530496,,,,,,,,,,,,,2,1,,,,,,,official_random_stub_seed0,/mnt/165d5ea0-c4bf-423a-a83b-e5fb727cf65f/lw/A/official_stub_p2/official_stub_problem2_solver_allcase_plans/case_008_2core.json,
case_008,3,ok,0.3502695560455322,487605.0,422407,1.1543487678944715,16103808,,,,,,,,,,,,,3,1,,,,,,,official_random_stub_seed0,/mnt/165d5ea0-c4bf-423a-a83b-e5fb727cf65f/lw/A/official_stub_p2/official_stub_problem2_solver_allcase_plans/case_008_3core.json,
case_008,4,ok,0.3088963031768799,487605.0,430150,1.1335696849936068,16786560,,,,,,,,,,,,,4,1,,,,,,,official_random_stub_seed0,/mnt/165d5ea0-c4bf-423a-a83b-e5fb727cf65f/lw/A/official_stub_p2/official_stub_problem2_solver_allcase_plans/case_008_4core.json,
case_008,5,ok,0.3398168087005615,487605.0,412075,1.1832918764787963,16933248,,,,,,,,,,,,,5,1,,,,,,,official_random_stub_seed0,/mnt/165d5ea0-c4bf-423a-a83b-e5fb727cf65f/lw/A/official_stub_p2/official_stub_problem2_solver_allcase_plans/case_008_5core.json,
case_009,1,ok,5.529403209686279,153261,146464,1.0464073082805332,208912,,,,,,,,,,,,,1,1,,,,,,,official_random_stub_seed0,/mnt/165d5ea0-c4bf-423a-a83b-e5fb727cf65f/lw/A/official_stub_p2/official_stub_problem2_solver_allcase_plans/case_009_1core.json,
case_009,2,ok,1.3344354629516602,153261.0,162991,0.9403034523378592,1535762,,,,,,,,,,,,,2,1,,,,,,,official_random_stub_seed0,/mnt/165d5ea0-c4bf-423a-a83b-e5fb727cf65f/lw/A/official_stub_p2/official_stub_problem2_solver_allcase_plans/case_009_2core.json,
case_009,3,ok,1.4793648719787598,153261.0,164804,0.9299592242906726,2331592,,,,,,,,,,,,,3,1,,,,,,,official_random_stub_seed0,/mnt/165d5ea0-c4bf-423a-a83b-e5fb727cf65f/lw/A/official_stub_p2/official_stub_problem2_solver_allcase_plans/case_009_3core.json,
case_009,4,ok,1.4675195217132568,153261.0,163801,0.9356536284882265,2505932,,,,,,,,,,,,,4,1,,,,,,,official_random_stub_seed0,/mnt/165d5ea0-c4bf-423a-a83b-e5fb727cf65f/lw/A/official_stub_p2/official_stub_problem2_solver_allcase_plans/case_009_4core.json,
case_009,5,ok,1.4926390647888184,153261.0,167989,0.9123275928781052,2692292,,,,,,,,,,,,,5,1,,,,,,,official_random_stub_seed0,/mnt/165d5ea0-c4bf-423a-a83b-e5fb727cf65f/lw/A/official_stub_p2/official_stub_problem2_solver_allcase_plans/case_009_5core.json,
case_010,1,ok,0.21369504928588867,86969,81464,1.0675758617303348,456512,,,,,,,,,,,,,1,1,,,,,,,official_random_stub_seed0,/mnt/165d5ea0-c4bf-423a-a83b-e5fb727cf65f/lw/A/official_stub_p2/official_stub_problem2_solver_allcase_plans/case_010_1core.json,
case_010,2,ok,0.15077710151672363,86969.0,79307,1.0966119005888508,931984,,,,,,,,,,,,,2,1,,,,,,,official_random_stub_seed0,/mnt/165d5ea0-c4bf-423a-a83b-e5fb727cf65f/lw/A/official_stub_p2/official_stub_problem2_solver_allcase_plans/case_010_2core.json,
case_010,3,ok,0.1604321002960205,86969.0,77495,1.1222530485837796,1413032,,,,,,,,,,,,,3,1,,,,,,,official_random_stub_seed0,/mnt/165d5ea0-c4bf-423a-a83b-e5fb727cf65f/lw/A/official_stub_p2/official_stub_problem2_solver_allcase_plans/case_010_3core.json,
case_010,4,ok,0.16754603385925293,86969.0,77988,1.115158742370621,1711888,,,,,,,,,,,,,4,1,,,,,,,official_random_stub_seed0,/mnt/165d5ea0-c4bf-423a-a83b-e5fb727cf65f/lw/A/official_stub_p2/official_stub_problem2_solver_allcase_plans/case_010_4core.json,
case_010,5,ok,0.16412043571472168,86969.0,79356,1.0959347749382529,1743832,,,,,,,,,,,,,5,1,,,,,,,official_random_stub_seed0,/mnt/165d5ea0-c4bf-423a-a83b-e5fb727cf65f/lw/A/official_stub_p2/official_stub_problem2_solver_allcase_plans/case_010_5core.json,
case_011,1,ok,0.27878522872924805,184697,203179,0.9090358747705225,1841152,,,,,,,,,,,,,1,1,,,,,,,official_random_stub_seed0,/mnt/165d5ea0-c4bf-423a-a83b-e5fb727cf65f/lw/A/official_stub_p2/official_stub_problem2_solver_allcase_plans/case_011_1core.json,
case_011,2,ok,0.17920660972595215,184697.0,166537,1.109044836883095,2439168,,,,,,,,,,,,,2,1,,,,,,,official_random_stub_seed0,/mnt/165d5ea0-c4bf-423a-a83b-e5fb727cf65f/lw/A/official_stub_p2/official_stub_problem2_solver_allcase_plans/case_011_2core.json,
case_011,3,ok,0.19432401657104492,184697.0,157037,1.1761368339945364,3266560,,,,,,,,,,,,,3,1,,,,,,,official_random_stub_seed0,/mnt/165d5ea0-c4bf-423a-a83b-e5fb727cf65f/lw/A/official_stub_p2/official_stub_problem2_solver_allcase_plans/case_011_3core.json,
case_011,4,ok,0.19231462478637695,184697.0,126862,1.4558890763191499,2818048,,,,,,,,,,,,,3,1,,,,,,,official_random_stub_seed0,/mnt/165d5ea0-c4bf-423a-a83b-e5fb727cf65f/lw/A/official_stub_p2/official_stub_problem2_solver_allcase_plans/case_011_4core.json,
case_011,5,ok,0.21133041381835938,184697.0,105810,1.7455533503449578,3506176,,,,,,,,,,,,,4,1,,,,,,,official_random_stub_seed0,/mnt/165d5ea0-c4bf-423a-a83b-e5fb727cf65f/lw/A/official_stub_p2/official_stub_problem2_solver_allcase_plans/case_011_5core.json,
case_012,1,ok,0.3651390075683594,59088,55932,1.0564256597296717,54276,,,,,,,,,,,,,1,1,,,,,,,official_random_stub_seed0,/mnt/165d5ea0-c4bf-423a-a83b-e5fb727cf65f/lw/A/official_stub_p2/official_stub_problem2_solver_allcase_plans/case_012_1core.json,
case_012,2,ok,0.228346586227417,59088.0,58290,1.013690169840453,848420,,,,,,,,,,,,,2,1,,,,,,,official_random_stub_seed0,/mnt/165d5ea0-c4bf-423a-a83b-e5fb727cf65f/lw/A/official_stub_p2/official_stub_problem2_solver_allcase_plans/case_012_2core.json,
case_012,3,ok,0.2579386234283447,59088.0,53437,1.1057506970825457,1180052,,,,,,,,,,,,,3,1,,,,,,,official_random_stub_seed0,/mnt/165d5ea0-c4bf-423a-a83b-e5fb727cf65f/lw/A/official_stub_p2/official_stub_problem2_solver_allcase_plans/case_012_3core.json,
case_012,4,ok,0.2511899471282959,59088.0,54214,1.0899029770907884,1137634,,,,,,,,,,,,,4,1,,,,,,,official_random_stub_seed0,/mnt/165d5ea0-c4bf-423a-a83b-e5fb727cf65f/lw/A/official_stub_p2/official_stub_problem2_solver_allcase_plans/case_012_4core.json,
case_012,5,ok,0.267864465713501,59088.0,52250,1.1308708133971292,1229124,,,,,,,,,,,,,5,1,,,,,,,official_random_stub_seed0,/mnt/165d5ea0-c4bf-423a-a83b-e5fb727cf65f/lw/A/official_stub_p2/official_stub_problem2_solver_allcase_plans/case_012_5core.json,
case_013,1,ok,1.447981834411621,263949,279461,0.9444931493124264,1662976,,,,,,,,,,,,,1,1,,,,,,,official_random_stub_seed0,/mnt/165d5ea0-c4bf-423a-a83b-e5fb727cf65f/lw/A/official_stub_p2/official_stub_problem2_solver_allcase_plans/case_013_1core.json,
case_013,2,ok,0.5835525989532471,263949.0,205808,1.282501166135427,3117056,,,,,,,,,,,,,2,1,,,,,,,official_random_stub_seed0,/mnt/165d5ea0-c4bf-423a-a83b-e5fb727cf65f/lw/A/official_stub_p2/official_stub_problem2_solver_allcase_plans/case_013_2core.json,
case_013,3,ok,0.6497807502746582,263949.0,215651,1.2239637191573423,4595712,,,,,,,,,,,,,3,1,,,,,,,official_random_stub_seed0,/mnt/165d5ea0-c4bf-423a-a83b-e5fb727cf65f/lw/A/official_stub_p2/official_stub_problem2_solver_allcase_plans/case_013_3core.json,
case_013,4,ok,0.6635026931762695,263949.0,206613,1.277504319670108,4767744,,,,,,,,,,,,,4,1,,,,,,,official_random_stub_seed0,/mnt/165d5ea0-c4bf-423a-a83b-e5fb727cf65f/lw/A/official_stub_p2/official_stub_problem2_solver_allcase_plans/case_013_4core.json,
case_013,5,ok,0.6901702880859375,263949.0,171784,1.5365167885251245,5308416,,,,,,,,,,,,,5,1,,,,,,,official_random_stub_seed0,/mnt/165d5ea0-c4bf-423a-a83b-e5fb727cf65f/lw/A/official_stub_p2/official_stub_problem2_solver_allcase_plans/case_013_5core.json,
case_014,1,ok,644.8266267776489,17698626,19977267,0.8859383017707076,404973624,,,,,,,,,,,,,1,1,,,,,,,official_random_stub_seed0,/mnt/165d5ea0-c4bf-423a-a83b-e5fb727cf65f/lw/A/official_stub_p2/official_stub_problem2_solver_allcase_plans/case_014_1core.json,
case_014,2,ok,35.141117572784424,17698626.0,13419781,1.318846112317332,413653872,,,,,,,,,,,,,2,1,,,,,,,official_random_stub_seed0,/mnt/165d5ea0-c4bf-423a-a83b-e5fb727cf65f/lw/A/official_stub_p2/official_stub_problem2_solver_allcase_plans/case_014_2core.json,
case_014,3,ok,30.992591381072998,17698626.0,11036783,1.603603695025987,419293456,,,,,,,,,,,,,3,1,,,,,,,official_random_stub_seed0,/mnt/165d5ea0-c4bf-423a-a83b-e5fb727cf65f/lw/A/official_stub_p2/official_stub_problem2_solver_allcase_plans/case_014_3core.json,
case_014,4,ok,28.921271562576294,17698626.0,10089515,1.754160234659446,423491984,,,,,,,,,,,,,4,1,,,,,,,official_random_stub_seed0,/mnt/165d5ea0-c4bf-423a-a83b-e5fb727cf65f/lw/A/official_stub_p2/official_stub_problem2_solver_allcase_plans/case_014_4core.json,
case_014,5,ok,28.163175582885742,17698626.0,9279775,1.907225767866139,427107544,,,,,,,,,,,,,5,1,,,,,,,official_random_stub_seed0,/mnt/165d5ea0-c4bf-423a-a83b-e5fb727cf65f/lw/A/official_stub_p2/official_stub_problem2_solver_allcase_plans/case_014_5core.json,
case_015,1,ok,0.43515706062316895,177362,175165,1.0125424599663175,1881240,,,,,,,,,,,,,1,1,,,,,,,official_random_stub_seed0,/mnt/165d5ea0-c4bf-423a-a83b-e5fb727cf65f/lw/A/official_stub_p2/official_stub_problem2_solver_allcase_plans/case_015_1core.json,
case_015,2,ok,0.23090052604675293,177362.0,172021,1.0310485347719174,2640064,,,,,,,,,,,,,2,1,,,,,,,official_random_stub_seed0,/mnt/165d5ea0-c4bf-423a-a83b-e5fb727cf65f/lw/A/official_stub_p2/official_stub_problem2_solver_allcase_plans/case_015_2core.json,
case_015,3,ok,0.26154136657714844,177362.0,173409,1.022795817979459,3246154,,,,,,,,,,,,,3,1,,,,,,,official_random_stub_seed0,/mnt/165d5ea0-c4bf-423a-a83b-e5fb727cf65f/lw/A/official_stub_p2/official_stub_problem2_solver_allcase_plans/case_015_3core.json,
case_015,4,ok,0.2547280788421631,177362.0,169683,1.0452549754542293,3643252,,,,,,,,,,,,,4,1,,,,,,,official_random_stub_seed0,/mnt/165d5ea0-c4bf-423a-a83b-e5fb727cf65f/lw/A/official_stub_p2/official_stub_problem2_solver_allcase_plans/case_015_4core.json,
case_015,5,ok,0.27361202239990234,177362.0,174388,1.0170539257288345,3793870,,,,,,,,,,,,,5,1,,,,,,,official_random_stub_seed0,/mnt/165d5ea0-c4bf-423a-a83b-e5fb727cf65f/lw/A/official_stub_p2/official_stub_problem2_solver_allcase_plans/case_015_5core.json,
case_016,1,ok,55.05504298210144,7715523,7786529,0.9908809175436193,60752312,,,,,,,,,,,,,1,1,,,,,,,official_random_stub_seed0,/mnt/165d5ea0-c4bf-423a-a83b-e5fb727cf65f/lw/A/official_stub_p2/official_stub_problem2_solver_allcase_plans/case_016_1core.json,
case_016,2,ok,4.647239446640015,7715523.0,7864166,0.9810986950173738,69994204,,,,,,,,,,,,,2,1,,,,,,,official_random_stub_seed0,/mnt/165d5ea0-c4bf-423a-a83b-e5fb727cf65f/lw/A/official_stub_p2/official_stub_problem2_solver_allcase_plans/case_016_2core.json,
case_016,3,ok,4.1601948738098145,7715523.0,7901889,0.9764150065889309,74582352,,,,,,,,,,,,,3,1,,,,,,,official_random_stub_seed0,/mnt/165d5ea0-c4bf-423a-a83b-e5fb727cf65f/lw/A/official_stub_p2/official_stub_problem2_solver_allcase_plans/case_016_3core.json,
case_016,4,ok,3.8333182334899902,7715523.0,7918094,0.9744166967454542,77138416,,,,,,,,,,,,,4,1,,,,,,,official_random_stub_seed0,/mnt/165d5ea0-c4bf-423a-a83b-e5fb727cf65f/lw/A/official_stub_p2/official_stub_problem2_solver_allcase_plans/case_016_4core.json,
case_016,5,ok,3.7626633644104004,7715523.0,7929906,0.9729652533081729,78777124,,,,,,,,,,,,,5,1,,,,,,,official_random_stub_seed0,/mnt/165d5ea0-c4bf-423a-a83b-e5fb727cf65f/lw/A/official_stub_p2/official_stub_problem2_solver_allcase_plans/case_016_5core.json,
case_017,1,ok,0.5915608406066895,162810,151743,1.0729325240703032,518566,,,,,,,,,,,,,1,1,,,,,,,official_random_stub_seed0,/mnt/165d5ea0-c4bf-423a-a83b-e5fb727cf65f/lw/A/official_stub_p2/official_stub_problem2_solver_allcase_plans/case_017_1core.json,
case_017,2,ok,0.3345928192138672,162810.0,146866,1.1085615458989828,1300730,,,,,,,,,,,,,2,1,,,,,,,official_random_stub_seed0,/mnt/165d5ea0-c4bf-423a-a83b-e5fb727cf65f/lw/A/official_stub_p2/official_stub_problem2_solver_allcase_plans/case_017_2core.json,
case_017,3,ok,0.3580172061920166,162810.0,141199,1.1530534918802542,2045604,,,,,,,,,,,,,3,1,,,,,,,official_random_stub_seed0,/mnt/165d5ea0-c4bf-423a-a83b-e5fb727cf65f/lw/A/official_stub_p2/official_stub_problem2_solver_allcase_plans/case_017_3core.json,
case_017,4,ok,0.4042067527770996,162810.0,139551,1.1666702495861727,2046950,,,,,,,,,,,,,4,1,,,,,,,official_random_stub_seed0,/mnt/165d5ea0-c4bf-423a-a83b-e5fb727cf65f/lw/A/official_stub_p2/official_stub_problem2_solver_allcase_plans/case_017_4core.json,
case_017,5,ok,0.37166428565979004,162810.0,131304,1.2399469932370681,2200370,,,,,,,,,,,,,5,1,,,,,,,official_random_stub_seed0,/mnt/165d5ea0-c4bf-423a-a83b-e5fb727cf65f/lw/A/official_stub_p2/official_stub_problem2_solver_allcase_plans/case_017_5core.json,
case_018,1,ok,2.0332069396972656,1004367,1055332,0.9517071405017568,10563696,,,,,,,,,,,,,1,1,,,,,,,official_random_stub_seed0,/mnt/165d5ea0-c4bf-423a-a83b-e5fb727cf65f/lw/A/official_stub_p2/official_stub_problem2_solver_allcase_plans/case_018_1core.json,
case_018,2,ok,0.9959425926208496,1004367.0,903586,1.1115344859260767,14089592,,,,,,,,,,,,,2,1,,,,,,,official_random_stub_seed0,/mnt/165d5ea0-c4bf-423a-a83b-e5fb727cf65f/lw/A/official_stub_p2/official_stub_problem2_solver_allcase_plans/case_018_2core.json,
case_018,3,ok,1.0202507972717285,1004367.0,817045,1.2292676657956416,15921576,,,,,,,,,,,,,3,1,,,,,,,official_random_stub_seed0,/mnt/165d5ea0-c4bf-423a-a83b-e5fb727cf65f/lw/A/official_stub_p2/official_stub_problem2_solver_allcase_plans/case_018_3core.json,
case_018,4,ok,1.0105781555175781,1004367.0,750578,1.3381247518579016,16837396,,,,,,,,,,,,,4,1,,,,,,,official_random_stub_seed0,/mnt/165d5ea0-c4bf-423a-a83b-e5fb727cf65f/lw/A/official_stub_p2/official_stub_problem2_solver_allcase_plans/case_018_4core.json,
case_018,5,ok,1.0172326564788818,1004367.0,730139,1.3755832793481788,17242544,,,,,,,,,,,,,5,1,,,,,,,official_random_stub_seed0,/mnt/165d5ea0-c4bf-423a-a83b-e5fb727cf65f/lw/A/official_stub_p2/official_stub_problem2_solver_allcase_plans/case_018_5core.json,
case_019,1,ok,0.19490528106689453,81144,71855,1.129274232830005,81920,,,,,,,,,,,,,1,1,,,,,,,official_random_stub_seed0,/mnt/165d5ea0-c4bf-423a-a83b-e5fb727cf65f/lw/A/official_stub_p2/official_stub_problem2_solver_allcase_plans/case_019_1core.json,
case_019,2,ok,0.1188058853149414,81144.0,69684,1.164456690201481,199252,,,,,,,,,,,,,2,1,,,,,,,official_random_stub_seed0,/mnt/165d5ea0-c4bf-423a-a83b-e5fb727cf65f/lw/A/official_stub_p2/official_stub_problem2_solver_allcase_plans/case_019_2core.json,
case_019,3,ok,0.1526329517364502,81144.0,68863,1.1783396018181027,821940,,,,,,,,,,,,,2,1,,,,,,,official_random_stub_seed0,/mnt/165d5ea0-c4bf-423a-a83b-e5fb727cf65f/lw/A/official_stub_p2/official_stub_problem2_solver_allcase_plans/case_019_3core.json,
case_019,4,ok,0.15003252029418945,81144.0,70887,1.1446950780820178,1007176,,,,,,,,,,,,,3,1,,,,,,,official_random_stub_seed0,/mnt/165d5ea0-c4bf-423a-a83b-e5fb727cf65f/lw/A/official_stub_p2/official_stub_problem2_solver_allcase_plans/case_019_4core.json,
case_019,5,ok,0.1511075496673584,81144.0,69665,1.1647742768965765,1222144,,,,,,,,,,,,,4,1,,,,,,,official_random_stub_seed0,/mnt/165d5ea0-c4bf-423a-a83b-e5fb727cf65f/lw/A/official_stub_p2/official_stub_problem2_solver_allcase_plans/case_019_5core.json,
case_020,1,ok,9.902605772018433,532746,905883,0.5880958136977954,45887488,,,,,,,,,,,,,1,1,,,,,,,official_random_stub_seed0,/mnt/165d5ea0-c4bf-423a-a83b-e5fb727cf65f/lw/A/official_stub_p2/official_stub_problem2_solver_allcase_plans/case_020_1core.json,
case_020,2,ok,3.3400630950927734,532746.0,948619,0.5616016546158152,50823168,,,,,,,,,,,,,2,1,,,,,,,official_random_stub_seed0,/mnt/165d5ea0-c4bf-423a-a83b-e5fb727cf65f/lw/A/official_stub_p2/official_stub_problem2_solver_allcase_plans/case_020_2core.json,
case_020,3,ok,3.261007785797119,532746.0,965572,0.5517413512405083,52797440,,,,,,,,,,,,,3,1,,,,,,,official_random_stub_seed0,/mnt/165d5ea0-c4bf-423a-a83b-e5fb727cf65f/lw/A/official_stub_p2/official_stub_problem2_solver_allcase_plans/case_020_3core.json,
case_020,4,ok,3.198284387588501,532746.0,976266,0.5456975865184284,53624832,,,,,,,,,,,,,4,1,,,,,,,official_random_stub_seed0,/mnt/165d5ea0-c4bf-423a-a83b-e5fb727cf65f/lw/A/official_stub_p2/official_stub_problem2_solver_allcase_plans/case_020_4core.json,
case_020,5,ok,3.259899377822876,532746.0,987484,0.5394983614924393,55029760,,,,,,,,,,,,,5,1,,,,,,,official_random_stub_seed0,/mnt/165d5ea0-c4bf-423a-a83b-e5fb727cf65f/lw/A/official_stub_p2/official_stub_problem2_solver_allcase_plans/case_020_5core.json,
case_021,1,ok,5.5602171421051025,6567937,6983326,0.9405170258412682,80785408,,,,,,,,,,,,,1,1,,,,,,,official_random_stub_seed0,/mnt/165d5ea0-c4bf-423a-a83b-e5fb727cf65f/lw/A/official_stub_p2/official_stub_problem2_solver_allcase_plans/case_021_1core.json,
case_021,2,ok,2.0324599742889404,6567937.0,5639325,1.164667225244156,84525056,,,,,,,,,,,,,2,1,,,,,,,official_random_stub_seed0,/mnt/165d5ea0-c4bf-423a-a83b-e5fb727cf65f/lw/A/official_stub_p2/official_stub_problem2_solver_allcase_plans/case_021_2core.json,
case_021,3,ok,1.9672338962554932,6567937.0,4472920,1.468377927617753,86020096,,,,,,,,,,,,,3,1,,,,,,,official_random_stub_seed0,/mnt/165d5ea0-c4bf-423a-a83b-e5fb727cf65f/lw/A/official_stub_p2/official_stub_problem2_solver_allcase_plans/case_021_3core.json,
case_021,4,ok,1.9770829677581787,6567937.0,4142530,1.585489302431123,87822336,,,,,,,,,,,,,4,1,,,,,,,official_random_stub_seed0,/mnt/165d5ea0-c4bf-423a-a83b-e5fb727cf65f/lw/A/official_stub_p2/official_stub_problem2_solver_allcase_plans/case_021_4core.json,
case_021,5,ok,1.9321036338806152,6567937.0,3773392,1.740592284077562,87267328,,,,,,,,,,,,,5,1,,,,,,,official_random_stub_seed0,/mnt/165d5ea0-c4bf-423a-a83b-e5fb727cf65f/lw/A/official_stub_p2/official_stub_problem2_solver_allcase_plans/case_021_5core.json,
case_022,1,ok,0.5333030223846436,56780,55974,1.0143995426447994,627114,,,,,,,,,,,,,1,1,,,,,,,official_random_stub_seed0,/mnt/165d5ea0-c4bf-423a-a83b-e5fb727cf65f/lw/A/official_stub_p2/official_stub_problem2_solver_allcase_plans/case_022_1core.json,
case_022,2,ok,0.2821013927459717,56780.0,57415,0.9889401724288078,1178736,,,,,,,,,,,,,2,1,,,,,,,official_random_stub_seed0,/mnt/165d5ea0-c4bf-423a-a83b-e5fb727cf65f/lw/A/official_stub_p2/official_stub_problem2_solver_allcase_plans/case_022_2core.json,
case_022,3,ok,0.3132624626159668,56780.0,55193,1.0287536462957259,1690924,,,,,,,,,,,,,3,1,,,,,,,official_random_stub_seed0,/mnt/165d5ea0-c4bf-423a-a83b-e5fb727cf65f/lw/A/official_stub_p2/official_stub_problem2_solver_allcase_plans/case_022_3core.json,
case_022,4,ok,0.3517937660217285,56780.0,56731,1.0008637253001005,1986962,,,,,,,,,,,,,4,1,,,,,,,official_random_stub_seed0,/mnt/165d5ea0-c4bf-423a-a83b-e5fb727cf65f/lw/A/official_stub_p2/official_stub_problem2_solver_allcase_plans/case_022_4core.json,
case_022,5,ok,0.34223389625549316,56780.0,58741,0.9666161624759537,2263812,,,,,,,,,,,,,5,1,,,,,,,official_random_stub_seed0,/mnt/165d5ea0-c4bf-423a-a83b-e5fb727cf65f/lw/A/official_stub_p2/official_stub_problem2_solver_allcase_plans/case_022_5core.json,
case_023,1,ok,0.3775038719177246,122614,106096,1.1556891871512593,656462,,,,,,,,,,,,,1,1,,,,,,,official_random_stub_seed0,/mnt/165d5ea0-c4bf-423a-a83b-e5fb727cf65f/lw/A/official_stub_p2/official_stub_problem2_solver_allcase_plans/case_023_1core.json,
case_023,2,ok,0.22644352912902832,122614.0,102330,1.1982214404377993,1526120,,,,,,,,,,,,,2,1,,,,,,,official_random_stub_seed0,/mnt/165d5ea0-c4bf-423a-a83b-e5fb727cf65f/lw/A/official_stub_p2/official_stub_problem2_solver_allcase_plans/case_023_2core.json,
case_023,3,ok,0.23621916770935059,122614.0,106943,1.1465360051616282,1791386,,,,,,,,,,,,,3,1,,,,,,,official_random_stub_seed0,/mnt/165d5ea0-c4bf-423a-a83b-e5fb727cf65f/lw/A/official_stub_p2/official_stub_problem2_solver_allcase_plans/case_023_3core.json,
case_023,4,ok,0.24051189422607422,122614.0,97200,1.2614609053497943,2161536,,,,,,,,,,,,,4,1,,,,,,,official_random_stub_seed0,/mnt/165d5ea0-c4bf-423a-a83b-e5fb727cf65f/lw/A/official_stub_p2/official_stub_problem2_solver_allcase_plans/case_023_4core.json,
case_023,5,ok,0.2504441738128662,122614.0,99676,1.2301256069665716,2360230,,,,,,,,,,,,,5,1,,,,,,,official_random_stub_seed0,/mnt/165d5ea0-c4bf-423a-a83b-e5fb727cf65f/lw/A/official_stub_p2/official_stub_problem2_solver_allcase_plans/case_023_5core.json,
case_024,1,ok,5.313137531280518,2555343,2591318,0.9861171033427777,21233800,,,,,,,,,,,,,1,1,,,,,,,official_random_stub_seed0,/mnt/165d5ea0-c4bf-423a-a83b-e5fb727cf65f/lw/A/official_stub_p2/official_stub_problem2_solver_allcase_plans/case_024_1core.json,
case_024,2,ok,0.9839634895324707,2555343.0,2623377,0.9740662512479145,25232064,,,,,,,,,,,,,2,1,,,,,,,official_random_stub_seed0,/mnt/165d5ea0-c4bf-423a-a83b-e5fb727cf65f/lw/A/official_stub_p2/official_stub_problem2_solver_allcase_plans/case_024_2core.json,
case_024,3,ok,0.94724440574646,2555343.0,2628789,0.9720608995244578,26018552,,,,,,,,,,,,,3,1,,,,,,,official_random_stub_seed0,/mnt/165d5ea0-c4bf-423a-a83b-e5fb727cf65f/lw/A/official_stub_p2/official_stub_problem2_solver_allcase_plans/case_024_3core.json,
case_024,4,ok,0.9444427490234375,2555343.0,2638959,0.9683147786684068,27657152,,,,,,,,,,,,,4,1,,,,,,,official_random_stub_seed0,/mnt/165d5ea0-c4bf-423a-a83b-e5fb727cf65f/lw/A/official_stub_p2/official_stub_problem2_solver_allcase_plans/case_024_4core.json,
case_024,5,ok,0.9208943843841553,2555343.0,2643451,0.9666693273300697,28181428,,,,,,,,,,,,,5,1,,,,,,,official_random_stub_seed0,/mnt/165d5ea0-c4bf-423a-a83b-e5fb727cf65f/lw/A/official_stub_p2/official_stub_problem2_solver_allcase_plans/case_024_5core.json,
case_025,1,ok,137.69167494773865,4863026,4925846,0.9872468607422968,78199296,,,,,,,,,,,,,1,1,,,,,,,official_random_stub_seed0,/mnt/165d5ea0-c4bf-423a-a83b-e5fb727cf65f/lw/A/official_stub_p2/official_stub_problem2_solver_allcase_plans/case_025_1core.json,
case_025,2,ok,16.011295795440674,4863026.0,3427129,1.4189795598589956,83905536,,,,,,,,,,,,,2,1,,,,,,,official_random_stub_seed0,/mnt/165d5ea0-c4bf-423a-a83b-e5fb727cf65f/lw/A/official_stub_p2/official_stub_problem2_solver_allcase_plans/case_025_2core.json,
case_025,3,ok,14.931941032409668,4863026.0,2937307,1.6556069896677468,87754752,,,,,,,,,,,,,3,1,,,,,,,official_random_stub_seed0,/mnt/165d5ea0-c4bf-423a-a83b-e5fb727cf65f/lw/A/official_stub_p2/official_stub_problem2_solver_allcase_plans/case_025_3core.json,
case_025,4,ok,15.059828519821167,4863026.0,2637674,1.8436796965811544,89845248,,,,,,,,,,,,,4,1,,,,,,,official_random_stub_seed0,/mnt/165d5ea0-c4bf-423a-a83b-e5fb727cf65f/lw/A/official_stub_p2/official_stub_problem2_solver_allcase_plans/case_025_4core.json,
case_025,5,ok,14.398327827453613,4863026.0,2484304,1.9575003703250489,92226048,,,,,,,,,,,,,5,1,,,,,,,official_random_stub_seed0,/mnt/165d5ea0-c4bf-423a-a83b-e5fb727cf65f/lw/A/official_stub_p2/official_stub_problem2_solver_allcase_plans/case_025_5core.json,
case_026,1,ok,0.20508146286010742,99203,103818,0.9555472076133233,741844,,,,,,,,,,,,,1,1,,,,,,,official_random_stub_seed0,/mnt/165d5ea0-c4bf-423a-a83b-e5fb727cf65f/lw/A/official_stub_p2/official_stub_problem2_solver_allcase_plans/case_026_1core.json,
case_026,2,ok,0.14848828315734863,99203.0,101504,0.9773309426229508,1761028,,,,,,,,,,,,,2,1,,,,,,,official_random_stub_seed0,/mnt/165d5ea0-c4bf-423a-a83b-e5fb727cf65f/lw/A/official_stub_p2/official_stub_problem2_solver_allcase_plans/case_026_2core.json,
case_026,3,ok,0.18701982498168945,99203.0,107595,0.9220038105859938,2293968,,,,,,,,,,,,,3,1,,,,,,,official_random_stub_seed0,/mnt/165d5ea0-c4bf-423a-a83b-e5fb727cf65f/lw/A/official_stub_p2/official_stub_problem2_solver_allcase_plans/case_026_3core.json,
case_026,4,ok,0.148637056350708,99203.0,105131,0.9436132063806109,2128912,,,,,,,,,,,,,3,1,,,,,,,official_random_stub_seed0,/mnt/165d5ea0-c4bf-423a-a83b-e5fb727cf65f/lw/A/official_stub_p2/official_stub_problem2_solver_allcase_plans/case_026_4core.json,
case_026,5,ok,0.15278244018554688,99203.0,105131,0.9436132063806109,2128912,,,,,,,,,,,,,3,1,,,,,,,official_random_stub_seed0,/mnt/165d5ea0-c4bf-423a-a83b-e5fb727cf65f/lw/A/official_stub_p2/official_stub_problem2_solver_allcase_plans/case_026_5core.json,
case_027,1,ok,0.9149043560028076,2363952,2523120,0.9369161989917245,18462720,,,,,,,,,,,,,1,1,,,,,,,official_random_stub_seed0,/mnt/165d5ea0-c4bf-423a-a83b-e5fb727cf65f/lw/A/official_stub_p2/official_stub_problem2_solver_allcase_plans/case_027_1core.json,
case_027,2,ok,0.47322869300842285,2363952.0,1656997,1.4266483282709626,20350976,,,,,,,,,,,,,2,1,,,,,,,official_random_stub_seed0,/mnt/165d5ea0-c4bf-423a-a83b-e5fb727cf65f/lw/A/official_stub_p2/official_stub_problem2_solver_allcase_plans/case_027_2core.json,
case_027,3,ok,0.4684441089630127,2363952.0,1672033,1.4138189856300682,20998144,,,,,,,,,,,,,3,1,,,,,,,official_random_stub_seed0,/mnt/165d5ea0-c4bf-423a-a83b-e5fb727cf65f/lw/A/official_stub_p2/official_stub_problem2_solver_allcase_plans/case_027_3core.json,
case_027,4,ok,0.4660210609436035,2363952.0,1618878,1.460240981716967,21127168,,,,,,,,,,,,,4,1,,,,,,,official_random_stub_seed0,/mnt/165d5ea0-c4bf-423a-a83b-e5fb727cf65f/lw/A/official_stub_p2/official_stub_problem2_solver_allcase_plans/case_027_4core.json,
case_027,5,ok,0.48291540145874023,2363952.0,1618912,1.4602103140874858,21848064,,,,,,,,,,,,,5,1,,,,,,,official_random_stub_seed0,/mnt/165d5ea0-c4bf-423a-a83b-e5fb727cf65f/lw/A/official_stub_p2/official_stub_problem2_solver_allcase_plans/case_027_5core.json,
case_028,1,ok,202.10642766952515,43836040,40201840,1.0903988474159392,211038336,,,,,,,,,,,,,1,1,,,,,,,official_random_stub_seed0,/mnt/165d5ea0-c4bf-423a-a83b-e5fb727cf65f/lw/A/official_stub_p2/official_stub_problem2_solver_allcase_plans/case_028_1core.json,
case_028,2,ok,12.651557207107544,43836040.0,35890919,1.2213685584367455,240033960,,,,,,,,,,,,,2,1,,,,,,,official_random_stub_seed0,/mnt/165d5ea0-c4bf-423a-a83b-e5fb727cf65f/lw/A/official_stub_p2/official_stub_problem2_solver_allcase_plans/case_028_2core.json,
case_028,3,ok,11.961687088012695,43836040.0,33706763,1.3005117103650683,254897112,,,,,,,,,,,,,3,1,,,,,,,official_random_stub_seed0,/mnt/165d5ea0-c4bf-423a-a83b-e5fb727cf65f/lw/A/official_stub_p2/official_stub_problem2_solver_allcase_plans/case_028_3core.json,
case_028,4,ok,11.943214893341064,43836040.0,32610613,1.3442261879591162,269384544,,,,,,,,,,,,,4,1,,,,,,,official_random_stub_seed0,/mnt/165d5ea0-c4bf-423a-a83b-e5fb727cf65f/lw/A/official_stub_p2/official_stub_problem2_solver_allcase_plans/case_028_4core.json,
case_028,5,ok,11.848641633987427,43836040.0,31279667,1.4014228476281414,276784776,,,,,,,,,,,,,5,1,,,,,,,official_random_stub_seed0,/mnt/165d5ea0-c4bf-423a-a83b-e5fb727cf65f/lw/A/official_stub_p2/official_stub_problem2_solver_allcase_plans/case_028_5core.json,
case_029,1,ok,0.32353663444519043,37555,37625,0.998139534883721,211052,,,,,,,,,,,,,1,1,,,,,,,official_random_stub_seed0,/mnt/165d5ea0-c4bf-423a-a83b-e5fb727cf65f/lw/A/official_stub_p2/official_stub_problem2_solver_allcase_plans/case_029_1core.json,
case_029,2,ok,0.21004247665405273,37555.0,35754,1.0503719863511776,565978,,,,,,,,,,,,,2,1,,,,,,,official_random_stub_seed0,/mnt/165d5ea0-c4bf-423a-a83b-e5fb727cf65f/lw/A/official_stub_p2/official_stub_problem2_solver_allcase_plans/case_029_2core.json,
case_029,3,ok,0.23233866691589355,37555.0,34849,1.0776492869235845,873372,,,,,,,,,,,,,3,1,,,,,,,official_random_stub_seed0,/mnt/165d5ea0-c4bf-423a-a83b-e5fb727cf65f/lw/A/official_stub_p2/official_stub_problem2_solver_allcase_plans/case_029_3core.json,
case_029,4,ok,0.23058819770812988,37555.0,37769,0.9943339776006778,734108,,,,,,,,,,,,,3,1,,,,,,,official_random_stub_seed0,/mnt/165d5ea0-c4bf-423a-a83b-e5fb727cf65f/lw/A/official_stub_p2/official_stub_problem2_solver_allcase_plans/case_029_4core.json,
case_029,5,ok,0.2440025806427002,37555.0,35177,1.06760098928277,930764,,,,,,,,,,,,,4,1,,,,,,,official_random_stub_seed0,/mnt/165d5ea0-c4bf-423a-a83b-e5fb727cf65f/lw/A/official_stub_p2/official_stub_problem2_solver_allcase_plans/case_029_5core.json,
case_030,1,ok,32.09258460998535,2808034,3272828,0.8579839820485525,73615872,,,,,,,,,,,,,1,1,,,,,,,official_random_stub_seed0,/mnt/165d5ea0-c4bf-423a-a83b-e5fb727cf65f/lw/A/official_stub_p2/official_stub_problem2_solver_allcase_plans/case_030_1core.json,
case_030,2,ok,6.4164276123046875,2808034.0,2379043,1.1803208264835903,76620316,,,,,,,,,,,,,2,1,,,,,,,official_random_stub_seed0,/mnt/165d5ea0-c4bf-423a-a83b-e5fb727cf65f/lw/A/official_stub_p2/official_stub_problem2_solver_allcase_plans/case_030_2core.json,
case_030,3,ok,6.3278138637542725,2808034.0,2182535,1.2865928839629146,79517360,,,,,,,,,,,,,3,1,,,,,,,official_random_stub_seed0,/mnt/165d5ea0-c4bf-423a-a83b-e5fb727cf65f/lw/A/official_stub_p2/official_stub_problem2_solver_allcase_plans/case_030_3core.json,
case_030,4,ok,6.3219990730285645,2808034.0,1887015,1.4880825006690461,80772560,,,,,,,,,,,,,4,1,,,,,,,official_random_stub_seed0,/mnt/165d5ea0-c4bf-423a-a83b-e5fb727cf65f/lw/A/official_stub_p2/official_stub_problem2_solver_allcase_plans/case_030_4core.json,
case_030,5,ok,6.361880779266357,2808034.0,1860689,1.5091366692660622,82538528,,,,,,,,,,,,,5,1,,,,,,,official_random_stub_seed0,/mnt/165d5ea0-c4bf-423a-a83b-e5fb727cf65f/lw/A/official_stub_p2/official_stub_problem2_solver_allcase_plans/case_030_5core.json,
case_031,1,ok,9.124327898025513,1414369,1498219,0.944033549167378,21989096,,,,,,,,,,,,,1,1,,,,,,,official_random_stub_seed0,/mnt/165d5ea0-c4bf-423a-a83b-e5fb727cf65f/lw/A/official_stub_p2/official_stub_problem2_solver_allcase_plans/case_031_1core.json,
case_031,2,ok,2.638878345489502,1414369.0,1195634,1.1829447807606677,26045608,,,,,,,,,,,,,2,1,,,,,,,official_random_stub_seed0,/mnt/165d5ea0-c4bf-423a-a83b-e5fb727cf65f/lw/A/official_stub_p2/official_stub_problem2_solver_allcase_plans/case_031_2core.json,
case_031,3,ok,2.5716187953948975,1414369.0,1113839,1.26981457822899,28253474,,,,,,,,,,,,,3,1,,,,,,,official_random_stub_seed0,/mnt/165d5ea0-c4bf-423a-a83b-e5fb727cf65f/lw/A/official_stub_p2/official_stub_problem2_solver_allcase_plans/case_031_3core.json,
case_031,4,ok,2.5749216079711914,1414369.0,937795,1.508185690902596,29629588,,,,,,,,,,,,,4,1,,,,,,,official_random_stub_seed0,/mnt/165d5ea0-c4bf-423a-a83b-e5fb727cf65f/lw/A/official_stub_p2/official_stub_problem2_solver_allcase_plans/case_031_4core.json,
case_031,5,ok,2.810075283050537,1414369.0,913080,1.5490088491698428,30678658,,,,,,,,,,,,,5,1,,,,,,,official_random_stub_seed0,/mnt/165d5ea0-c4bf-423a-a83b-e5fb727cf65f/lw/A/official_stub_p2/official_stub_problem2_solver_allcase_plans/case_031_5core.json,
case_032,1,ok,0.27445316314697266,41443,38960,1.0637320328542095,16400,,,,,,,,,,,,,1,1,,,,,,,official_random_stub_seed0,/mnt/165d5ea0-c4bf-423a-a83b-e5fb727cf65f/lw/A/official_stub_p2/official_stub_problem2_solver_allcase_plans/case_032_1core.json,
case_032,2,ok,0.1893768310546875,41443.0,37777,1.097043174418297,516910,,,,,,,,,,,,,2,1,,,,,,,official_random_stub_seed0,/mnt/165d5ea0-c4bf-423a-a83b-e5fb727cf65f/lw/A/official_stub_p2/official_stub_problem2_solver_allcase_plans/case_032_2core.json,
case_032,3,ok,0.19297075271606445,41443.0,36775,1.1269340584636303,727124,,,,,,,,,,,,,3,1,,,,,,,official_random_stub_seed0,/mnt/165d5ea0-c4bf-423a-a83b-e5fb727cf65f/lw/A/official_stub_p2/official_stub_problem2_solver_allcase_plans/case_032_3core.json,
case_032,4,ok,0.22475838661193848,41443.0,39712,1.0435888396454471,975590,,,,,,,,,,,,,4,1,,,,,,,official_random_stub_seed0,/mnt/165d5ea0-c4bf-423a-a83b-e5fb727cf65f/lw/A/official_stub_p2/official_stub_problem2_solver_allcase_plans/case_032_4core.json,
case_032,5,ok,0.24971508979797363,41443.0,38779,1.0686969751669717,1052520,,,,,,,,,,,,,5,1,,,,,,,official_random_stub_seed0,/mnt/165d5ea0-c4bf-423a-a83b-e5fb727cf65f/lw/A/official_stub_p2/official_stub_problem2_solver_allcase_plans/case_032_5core.json,
case_033,1,ok,4.060585260391235,1774196,1910078,0.9288604967964659,28268148,,,,,,,,,,,,,1,1,,,,,,,official_random_stub_seed0,/mnt/165d5ea0-c4bf-423a-a83b-e5fb727cf65f/lw/A/official_stub_p2/official_stub_problem2_solver_allcase_plans/case_033_1core.json,
case_033,2,ok,1.4596507549285889,1774196.0,1518173,1.1686388837108814,30916080,,,,,,,,,,,,,2,1,,,,,,,official_random_stub_seed0,/mnt/165d5ea0-c4bf-423a-a83b-e5fb727cf65f/lw/A/official_stub_p2/official_stub_problem2_solver_allcase_plans/case_033_2core.json,
case_033,3,ok,1.4858689308166504,1774196.0,1285280,1.3803964894808913,32721108,,,,,,,,,,,,,3,1,,,,,,,official_random_stub_seed0,/mnt/165d5ea0-c4bf-423a-a83b-e5fb727cf65f/lw/A/official_stub_p2/official_stub_problem2_solver_allcase_plans/case_033_3core.json,
case_033,4,ok,1.4622395038604736,1774196.0,1241246,1.4293669425722217,34158128,,,,,,,,,,,,,4,1,,,,,,,official_random_stub_seed0,/mnt/165d5ea0-c4bf-423a-a83b-e5fb727cf65f/lw/A/official_stub_p2/official_stub_problem2_solver_allcase_plans/case_033_4core.json,
case_033,5,ok,1.5058109760284424,1774196.0,1120534,1.5833486534098922,36054042,,,,,,,,,,,,,5,1,,,,,,,official_random_stub_seed0,/mnt/165d5ea0-c4bf-423a-a83b-e5fb727cf65f/lw/A/official_stub_p2/official_stub_problem2_solver_allcase_plans/case_033_5core.json,
case_034,1,ok,3.877460479736328,842996,901841,0.9347501388825746,14406588,,,,,,,,,,,,,1,1,,,,,,,official_random_stub_seed0,/mnt/165d5ea0-c4bf-423a-a83b-e5fb727cf65f/lw/A/official_stub_p2/official_stub_problem2_solver_allcase_plans/case_034_1core.json,
case_034,2,ok,1.443415641784668,842996.0,719955,1.1709009590877208,16657422,,,,,,,,,,,,,2,1,,,,,,,official_random_stub_seed0,/mnt/165d5ea0-c4bf-423a-a83b-e5fb727cf65f/lw/A/official_stub_p2/official_stub_problem2_solver_allcase_plans/case_034_2core.json,
case_034,3,ok,1.4864492416381836,842996.0,645266,1.306431766124358,18945990,,,,,,,,,,,,,3,1,,,,,,,official_random_stub_seed0,/mnt/165d5ea0-c4bf-423a-a83b-e5fb727cf65f/lw/A/official_stub_p2/official_stub_problem2_solver_allcase_plans/case_034_3core.json,
case_034,4,ok,1.509700059890747,842996.0,615638,1.369304688794389,20054662,,,,,,,,,,,,,4,1,,,,,,,official_random_stub_seed0,/mnt/165d5ea0-c4bf-423a-a83b-e5fb727cf65f/lw/A/official_stub_p2/official_stub_problem2_solver_allcase_plans/case_034_4core.json,
case_034,5,ok,1.5261096954345703,842996.0,594802,1.4172716298869203,21377878,,,,,,,,,,,,,5,1,,,,,,,official_random_stub_seed0,/mnt/165d5ea0-c4bf-423a-a83b-e5fb727cf65f/lw/A/official_stub_p2/official_stub_problem2_solver_allcase_plans/case_034_5core.json,
case_035,1,ok,2.7563583850860596,169571,168355,1.0072228327047015,266792,,,,,,,,,,,,,1,1,,,,,,,official_random_stub_seed0,/mnt/165d5ea0-c4bf-423a-a83b-e5fb727cf65f/lw/A/official_stub_p2/official_stub_problem2_solver_allcase_plans/case_035_1core.json,
case_035,2,ok,0.8214199542999268,169571.0,175072,0.9685786419301773,2039748,,,,,,,,,,,,,2,1,,,,,,,official_random_stub_seed0,/mnt/165d5ea0-c4bf-423a-a83b-e5fb727cf65f/lw/A/official_stub_p2/official_stub_problem2_solver_allcase_plans/case_035_2core.json,
case_035,3,ok,0.9002106189727783,169571.0,182158,0.9309006466913339,2806842,,,,,,,,,,,,,3,1,,,,,,,official_random_stub_seed0,/mnt/165d5ea0-c4bf-423a-a83b-e5fb727cf65f/lw/A/official_stub_p2/official_stub_problem2_solver_allcase_plans/case_035_3core.json,
case_035,4,ok,0.869513750076294,169571.0,184245,0.9203560476539391,2970092,,,,,,,,,,,,,4,1,,,,,,,official_random_stub_seed0,/mnt/165d5ea0-c4bf-423a-a83b-e5fb727cf65f/lw/A/official_stub_p2/official_stub_problem2_solver_allcase_plans/case_035_4core.json,
case_035,5,ok,0.8747730255126953,169571.0,177537,0.9551304798436382,2912696,,,,,,,,,,,,,5,1,,,,,,,official_random_stub_seed0,/mnt/165d5ea0-c4bf-423a-a83b-e5fb727cf65f/lw/A/official_stub_p2/official_stub_problem2_solver_allcase_plans/case_035_5core.json,
case_036,1,ok,2.470538854598999,931510,969377,0.9609367666037053,7483392,,,,,,,,,,,,,1,1,,,,,,,official_random_stub_seed0,/mnt/165d5ea0-c4bf-423a-a83b-e5fb727cf65f/lw/A/official_stub_p2/official_stub_problem2_solver_allcase_plans/case_036_1core.json,
case_036,2,ok,0.8697447776794434,931510.0,745117,1.250152660588874,9290880,,,,,,,,,,,,,2,1,,,,,,,official_random_stub_seed0,/mnt/165d5ea0-c4bf-423a-a83b-e5fb727cf65f/lw/A/official_stub_p2/official_stub_problem2_solver_allcase_plans/case_036_2core.json,
case_036,3,ok,0.8923218250274658,931510.0,691359,1.3473607778303314,10922240,,,,,,,,,,,,,3,1,,,,,,,official_random_stub_seed0,/mnt/165d5ea0-c4bf-423a-a83b-e5fb727cf65f/lw/A/official_stub_p2/official_stub_problem2_solver_allcase_plans/case_036_3core.json,
case_036,4,ok,0.9111368656158447,931510.0,607267,1.5339381194762765,11627904,,,,,,,,,,,,,4,1,,,,,,,official_random_stub_seed0,/mnt/165d5ea0-c4bf-423a-a83b-e5fb727cf65f/lw/A/official_stub_p2/official_stub_problem2_solver_allcase_plans/case_036_4core.json,
case_036,5,ok,0.9133718013763428,931510.0,600619,1.550916637668805,12382720,,,,,,,,,,,,,5,1,,,,,,,official_random_stub_seed0,/mnt/165d5ea0-c4bf-423a-a83b-e5fb727cf65f/lw/A/official_stub_p2/official_stub_problem2_solver_allcase_plans/case_036_5core.json,
case_037,1,ok,0.3151364326477051,210001,221956,0.9461379732920038,2121728,,,,,,,,,,,,,1,1,,,,,,,official_random_stub_seed0,/mnt/165d5ea0-c4bf-423a-a83b-e5fb727cf65f/lw/A/official_stub_p2/official_stub_problem2_solver_allcase_plans/case_037_1core.json,
case_037,2,ok,0.22148442268371582,210001.0,192917,1.0885562184773763,3565568,,,,,,,,,,,,,2,1,,,,,,,official_random_stub_seed0,/mnt/165d5ea0-c4bf-423a-a83b-e5fb727cf65f/lw/A/official_stub_p2/official_stub_problem2_solver_allcase_plans/case_037_2core.json,
case_037,3,ok,0.24019312858581543,210001.0,193106,1.087490808157178,4435968,,,,,,,,,,,,,3,1,,,,,,,official_random_stub_seed0,/mnt/165d5ea0-c4bf-423a-a83b-e5fb727cf65f/lw/A/official_stub_p2/official_stub_problem2_solver_allcase_plans/case_037_3core.json,
case_037,4,ok,0.2453165054321289,210001.0,174947,1.200369254688563,4767744,,,,,,,,,,,,,4,1,,,,,,,official_random_stub_seed0,/mnt/165d5ea0-c4bf-423a-a83b-e5fb727cf65f/lw/A/official_stub_p2/official_stub_problem2_solver_allcase_plans/case_037_4core.json,
case_037,5,ok,0.25629234313964844,210001.0,177133,1.1855554865553002,4950016,,,,,,,,,,,,,5,1,,,,,,,official_random_stub_seed0,/mnt/165d5ea0-c4bf-423a-a83b-e5fb727cf65f/lw/A/official_stub_p2/official_stub_problem2_solver_allcase_plans/case_037_5core.json,
case_038,1,ok,12.120729446411133,1364555,1452400,0.9395173505921234,23581696,,,,,,,,,,,,,1,1,,,,,,,official_random_stub_seed0,/mnt/165d5ea0-c4bf-423a-a83b-e5fb727cf65f/lw/A/official_stub_p2/official_stub_problem2_solver_allcase_plans/case_038_1core.json,
case_038,2,ok,3.1008453369140625,1364555.0,1125787,1.2120898535868685,27077992,,,,,,,,,,,,,2,1,,,,,,,official_random_stub_seed0,/mnt/165d5ea0-c4bf-423a-a83b-e5fb727cf65f/lw/A/official_stub_p2/official_stub_problem2_solver_allcase_plans/case_038_2core.json,
case_038,3,ok,3.1958305835723877,1364555.0,895963,1.5230037401098035,28771116,,,,,,,,,,,,,3,1,,,,,,,official_random_stub_seed0,/mnt/165d5ea0-c4bf-423a-a83b-e5fb727cf65f/lw/A/official_stub_p2/official_stub_problem2_solver_allcase_plans/case_038_3core.json,
case_038,4,ok,3.243304491043091,1364555.0,930095,1.4671135744198174,30727460,,,,,,,,,,,,,4,1,,,,,,,official_random_stub_seed0,/mnt/165d5ea0-c4bf-423a-a83b-e5fb727cf65f/lw/A/official_stub_p2/official_stub_problem2_solver_allcase_plans/case_038_4core.json,
case_038,5,ok,3.1745336055755615,1364555.0,829675,1.644686172296381,31635932,,,,,,,,,,,,,5,1,,,,,,,official_random_stub_seed0,/mnt/165d5ea0-c4bf-423a-a83b-e5fb727cf65f/lw/A/official_stub_p2/official_stub_problem2_solver_allcase_plans/case_038_5core.json,
case_039,1,ok,10.659408569335938,1435262,1628648,0.8812597933991876,45117440,,,,,,,,,,,,,1,1,,,,,,,official_random_stub_seed0,/mnt/165d5ea0-c4bf-423a-a83b-e5fb727cf65f/lw/A/official_stub_p2/official_stub_problem2_solver_allcase_plans/case_039_1core.json,
case_039,2,ok,2.822530508041382,1435262.0,1269604,1.1304800551983138,47964160,,,,,,,,,,,,,2,1,,,,,,,official_random_stub_seed0,/mnt/165d5ea0-c4bf-423a-a83b-e5fb727cf65f/lw/A/official_stub_p2/official_stub_problem2_solver_allcase_plans/case_039_2core.json,
case_039,3,ok,2.853734016418457,1435262.0,1197299,1.198749852793663,49647616,,,,,,,,,,,,,3,1,,,,,,,official_random_stub_seed0,/mnt/165d5ea0-c4bf-423a-a83b-e5fb727cf65f/lw/A/official_stub_p2/official_stub_problem2_solver_allcase_plans/case_039_3core.json,
case_039,4,ok,2.8338446617126465,1435262.0,1111385,1.2914174655947308,50900992,,,,,,,,,,,,,4,1,,,,,,,official_random_stub_seed0,/mnt/165d5ea0-c4bf-423a-a83b-e5fb727cf65f/lw/A/official_stub_p2/official_stub_problem2_solver_allcase_plans/case_039_4core.json,
case_039,5,ok,2.8215572834014893,1435262.0,1112106,1.2905802144759582,52211712,,,,,,,,,,,,,5,1,,,,,,,official_random_stub_seed0,/mnt/165d5ea0-c4bf-423a-a83b-e5fb727cf65f/lw/A/official_stub_p2/official_stub_problem2_solver_allcase_plans/case_039_5core.json,
case_040,1,ok,1.5153872966766357,253454,268513,0.9439170542953228,1991192,,,,,,,,,,,,,1,1,,,,,,,official_random_stub_seed0,/mnt/165d5ea0-c4bf-423a-a83b-e5fb727cf65f/lw/A/official_stub_p2/official_stub_problem2_solver_allcase_plans/case_040_1core.json,
case_040,2,ok,0.6200370788574219,253454.0,269356,0.9409628892617948,4308920,,,,,,,,,,,,,2,1,,,,,,,official_random_stub_seed0,/mnt/165d5ea0-c4bf-423a-a83b-e5fb727cf65f/lw/A/official_stub_p2/official_stub_problem2_solver_allcase_plans/case_040_2core.json,
case_040,3,ok,0.6646077632904053,253454.0,266560,0.9508328331332533,4786374,,,,,,,,,,,,,3,1,,,,,,,official_random_stub_seed0,/mnt/165d5ea0-c4bf-423a-a83b-e5fb727cf65f/lw/A/official_stub_p2/official_stub_problem2_solver_allcase_plans/case_040_3core.json,
case_040,4,ok,0.6561696529388428,253454.0,262582,0.9652375258014639,5555696,,,,,,,,,,,,,4,1,,,,,,,official_random_stub_seed0,/mnt/165d5ea0-c4bf-423a-a83b-e5fb727cf65f/lw/A/official_stub_p2/official_stub_problem2_solver_allcase_plans/case_040_4core.json,
case_040,5,ok,0.6731810569763184,253454.0,262008,0.9673521419193307,5578160,,,,,,,,,,,,,4,1,,,,,,,official_random_stub_seed0,/mnt/165d5ea0-c4bf-423a-a83b-e5fb727cf65f/lw/A/official_stub_p2/official_stub_problem2_solver_allcase_plans/case_040_5core.json,
case_041,1,ok,165.14834856987,6003957,6649375,0.9029355390544224,136207360,,,,,,,,,,,,,1,1,,,,,,,official_random_stub_seed0,/mnt/165d5ea0-c4bf-423a-a83b-e5fb727cf65f/lw/A/official_stub_p2/official_stub_problem2_solver_allcase_plans/case_041_1core.json,
case_041,2,ok,13.2788405418396,6003957.0,4932282,1.2172777225633085,140528264,,,,,,,,,,,,,2,1,,,,,,,official_random_stub_seed0,/mnt/165d5ea0-c4bf-423a-a83b-e5fb727cf65f/lw/A/official_stub_p2/official_stub_problem2_solver_allcase_plans/case_041_2core.json,
case_041,3,ok,12.6904296875,6003957.0,4309550,1.3931749254562542,143309324,,,,,,,,,,,,,3,1,,,,,,,official_random_stub_seed0,/mnt/165d5ea0-c4bf-423a-a83b-e5fb727cf65f/lw/A/official_stub_p2/official_stub_problem2_solver_allcase_plans/case_041_3core.json,
case_041,4,ok,12.146329164505005,6003957.0,3594093,1.670506856667315,145520208,,,,,,,,,,,,,4,1,,,,,,,official_random_stub_seed0,/mnt/165d5ea0-c4bf-423a-a83b-e5fb727cf65f/lw/A/official_stub_p2/official_stub_problem2_solver_allcase_plans/case_041_4core.json,
case_041,5,ok,11.556865692138672,6003957.0,3761228,1.596275737604846,147377696,,,,,,,,,,,,,5,1,,,,,,,official_random_stub_seed0,/mnt/165d5ea0-c4bf-423a-a83b-e5fb727cf65f/lw/A/official_stub_p2/official_stub_problem2_solver_allcase_plans/case_041_5core.json,
case_042,1,ok,7.807143449783325,1686740,1806195,0.9338637301066607,23653852,,,,,,,,,,,,,1,1,,,,,,,official_random_stub_seed0,/mnt/165d5ea0-c4bf-423a-a83b-e5fb727cf65f/lw/A/official_stub_p2/official_stub_problem2_solver_allcase_plans/case_042_1core.json,
case_042,2,ok,2.081171989440918,1686740.0,1278950,1.3188474920833497,30133828,,,,,,,,,,,,,2,1,,,,,,,official_random_stub_seed0,/mnt/165d5ea0-c4bf-423a-a83b-e5fb727cf65f/lw/A/official_stub_p2/official_stub_problem2_solver_allcase_plans/case_042_2core.json,
case_042,3,ok,2.130923271179199,1686740.0,1011321,1.6678581775717107,32301616,,,,,,,,,,,,,3,1,,,,,,,official_random_stub_seed0,/mnt/165d5ea0-c4bf-423a-a83b-e5fb727cf65f/lw/A/official_stub_p2/official_stub_problem2_solver_allcase_plans/case_042_3core.json,
case_042,4,ok,2.1730103492736816,1686740.0,1100562,1.532616972056095,33798596,,,,,,,,,,,,,4,1,,,,,,,official_random_stub_seed0,/mnt/165d5ea0-c4bf-423a-a83b-e5fb727cf65f/lw/A/official_stub_p2/official_stub_problem2_solver_allcase_plans/case_042_4core.json,
case_042,5,ok,2.2195494174957275,1686740.0,1027741,1.6412111611777676,34793308,,,,,,,,,,,,,5,1,,,,,,,official_random_stub_seed0,/mnt/165d5ea0-c4bf-423a-a83b-e5fb727cf65f/lw/A/official_stub_p2/official_stub_problem2_solver_allcase_plans/case_042_5core.json,
case_043,1,ok,14.156273365020752,677656,672499,1.0076684128898332,2500510,,,,,,,,,,,,,1,1,,,,,,,official_random_stub_seed0,/mnt/165d5ea0-c4bf-423a-a83b-e5fb727cf65f/lw/A/official_stub_p2/official_stub_problem2_solver_allcase_plans/case_043_1core.json,
case_043,2,ok,3.4787862300872803,677656.0,649927,1.0426647915842857,8513596,,,,,,,,,,,,,2,1,,,,,,,official_random_stub_seed0,/mnt/165d5ea0-c4bf-423a-a83b-e5fb727cf65f/lw/A/official_stub_p2/official_stub_problem2_solver_allcase_plans/case_043_2core.json,
case_043,3,ok,3.7391016483306885,677656.0,649524,1.043311717503895,12134378,,,,,,,,,,,,,3,1,,,,,,,official_random_stub_seed0,/mnt/165d5ea0-c4bf-423a-a83b-e5fb727cf65f/lw/A/official_stub_p2/official_stub_problem2_solver_allcase_plans/case_043_3core.json,
case_043,4,ok,3.8742072582244873,677656.0,625389,1.0835751828062214,13401154,,,,,,,,,,,,,4,1,,,,,,,official_random_stub_seed0,/mnt/165d5ea0-c4bf-423a-a83b-e5fb727cf65f/lw/A/official_stub_p2/official_stub_problem2_solver_allcase_plans/case_043_4core.json,
case_043,5,ok,3.781479835510254,677656.0,629241,1.0769419030228482,14789068,,,,,,,,,,,,,5,1,,,,,,,official_random_stub_seed0,/mnt/165d5ea0-c4bf-423a-a83b-e5fb727cf65f/lw/A/official_stub_p2/official_stub_problem2_solver_allcase_plans/case_043_5core.json,
case_044,1,ok,0.5920140743255615,154407,91414,1.6890957621370906,649472,,,,,,,,,,,,,1,1,,,,,,,official_random_stub_seed0,/mnt/165d5ea0-c4bf-423a-a83b-e5fb727cf65f/lw/A/official_stub_p2/official_stub_problem2_solver_allcase_plans/case_044_1core.json,
case_044,2,ok,0.24176359176635742,154407.0,103910,1.4859686266961794,1471936,,,,,,,,,,,,,2,1,,,,,,,official_random_stub_seed0,/mnt/165d5ea0-c4bf-423a-a83b-e5fb727cf65f/lw/A/official_stub_p2/official_stub_problem2_solver_allcase_plans/case_044_2core.json,
case_044,3,ok,0.24105167388916016,154407.0,103005,1.4990243192078054,2264480,,,,,,,,,,,,,3,1,,,,,,,official_random_stub_seed0,/mnt/165d5ea0-c4bf-423a-a83b-e5fb727cf65f/lw/A/official_stub_p2/official_stub_problem2_solver_allcase_plans/case_044_3core.json,
case_044,4,ok,0.2645599842071533,154407.0,110846,1.3929866661855186,2604544,,,,,,,,,,,,,4,1,,,,,,,official_random_stub_seed0,/mnt/165d5ea0-c4bf-423a-a83b-e5fb727cf65f/lw/A/official_stub_p2/official_stub_problem2_solver_allcase_plans/case_044_4core.json,
case_044,5,ok,0.2533223628997803,154407.0,117545,1.313599047173423,2585728,,,,,,,,,,,,,5,1,,,,,,,official_random_stub_seed0,/mnt/165d5ea0-c4bf-423a-a83b-e5fb727cf65f/lw/A/official_stub_p2/official_stub_problem2_solver_allcase_plans/case_044_5core.json,
case_045,1,ok,0.6930503845214844,125614,167938,0.7479784206076052,6692864,,,,,,,,,,,,,1,1,,,,,,,official_random_stub_seed0,/mnt/165d5ea0-c4bf-423a-a83b-e5fb727cf65f/lw/A/official_stub_p2/official_stub_problem2_solver_allcase_plans/case_045_1core.json,
case_045,2,ok,0.43030238151550293,125614.0,181653,0.6915052325037296,8540160,,,,,,,,,,,,,2,1,,,,,,,official_random_stub_seed0,/mnt/165d5ea0-c4bf-423a-a83b-e5fb727cf65f/lw/A/official_stub_p2/official_stub_problem2_solver_allcase_plans/case_045_2core.json,
case_045,3,ok,0.477489709854126,125614.0,181655,0.6914976191131541,9179136,,,,,,,,,,,,,3,1,,,,,,,official_random_stub_seed0,/mnt/165d5ea0-c4bf-423a-a83b-e5fb727cf65f/lw/A/official_stub_p2/official_stub_problem2_solver_allcase_plans/case_045_3core.json,
case_045,4,ok,0.47077488899230957,125614.0,185979,0.6754203431570232,9408512,,,,,,,,,,,,,4,1,,,,,,,official_random_stub_seed0,/mnt/165d5ea0-c4bf-423a-a83b-e5fb727cf65f/lw/A/official_stub_p2/official_stub_problem2_solver_allcase_plans/case_045_4core.json,
case_045,5,ok,0.4723548889160156,125614.0,183867,0.683178601924217,9887744,,,,,,,,,,,,,5,1,,,,,,,official_random_stub_seed0,/mnt/165d5ea0-c4bf-423a-a83b-e5fb727cf65f/lw/A/official_stub_p2/official_stub_problem2_solver_allcase_plans/case_045_5core.json,
case_046,1,ok,0.3497955799102783,276455,225986,1.2233279937695256,747520,,,,,,,,,,,,,1,1,,,,,,,official_random_stub_seed0,/mnt/165d5ea0-c4bf-423a-a83b-e5fb727cf65f/lw/A/official_stub_p2/official_stub_problem2_solver_allcase_plans/case_046_1core.json,
case_046,2,ok,0.18777036666870117,276455.0,219009,1.2622997228424402,1890560,,,,,,,,,,,,,2,1,,,,,,,official_random_stub_seed0,/mnt/165d5ea0-c4bf-423a-a83b-e5fb727cf65f/lw/A/official_stub_p2/official_stub_problem2_solver_allcase_plans/case_046_2core.json,
case_046,3,ok,0.17649006843566895,276455.0,220221,1.2553525776379182,2326016,,,,,,,,,,,,,3,1,,,,,,,official_random_stub_seed0,/mnt/165d5ea0-c4bf-423a-a83b-e5fb727cf65f/lw/A/official_stub_p2/official_stub_problem2_solver_allcase_plans/case_046_3core.json,
case_046,4,ok,0.17591404914855957,276455.0,220251,1.2551815882788273,2056448,,,,,,,,,,,,,4,1,,,,,,,official_random_stub_seed0,/mnt/165d5ea0-c4bf-423a-a83b-e5fb727cf65f/lw/A/official_stub_p2/official_stub_problem2_solver_allcase_plans/case_046_4core.json,
case_046,5,ok,0.17842483520507812,276455.0,220251,1.2551815882788273,2056448,,,,,,,,,,,,,4,1,,,,,,,official_random_stub_seed0,/mnt/165d5ea0-c4bf-423a-a83b-e5fb727cf65f/lw/A/official_stub_p2/official_stub_problem2_solver_allcase_plans/case_046_5core.json,
case_047,1,ok,29.59622836112976,326508,322425,1.012663410095371,0,,,,,,,,,,,,,1,1,,,,,,,official_random_stub_seed0,/mnt/165d5ea0-c4bf-423a-a83b-e5fb727cf65f/lw/A/official_stub_p2/official_stub_problem2_solver_allcase_plans/case_047_1core.json,
case_047,2,ok,4.860548496246338,326508.0,354705,0.9205057724024189,2481574,,,,,,,,,,,,,2,1,,,,,,,official_random_stub_seed0,/mnt/165d5ea0-c4bf-423a-a83b-e5fb727cf65f/lw/A/official_stub_p2/official_stub_problem2_solver_allcase_plans/case_047_2core.json,
case_047,3,ok,5.405377388000488,326508.0,370588,0.8810538927326304,4009290,,,,,,,,,,,,,3,1,,,,,,,official_random_stub_seed0,/mnt/165d5ea0-c4bf-423a-a83b-e5fb727cf65f/lw/A/official_stub_p2/official_stub_problem2_solver_allcase_plans/case_047_3core.json,
case_047,4,ok,5.157641649246216,326508.0,363027,0.8994041765488517,4280526,,,,,,,,,,,,,4,1,,,,,,,official_random_stub_seed0,/mnt/165d5ea0-c4bf-423a-a83b-e5fb727cf65f/lw/A/official_stub_p2/official_stub_problem2_solver_allcase_plans/case_047_4core.json,
case_047,5,ok,5.420785903930664,326508.0,366974,0.8897306076179784,4792818,,,,,,,,,,,,,5,1,,,,,,,official_random_stub_seed0,/mnt/165d5ea0-c4bf-423a-a83b-e5fb727cf65f/lw/A/official_stub_p2/official_stub_problem2_solver_allcase_plans/case_047_5core.json,
case_048,1,ok,0.7125370502471924,222220,227699,0.9759375315657952,0,,,,,,,,,,,,,1,1,,,,,,,official_random_stub_seed0,/mnt/165d5ea0-c4bf-423a-a83b-e5fb727cf65f/lw/A/official_stub_p2/official_stub_problem2_solver_allcase_plans/case_048_1core.json,
case_048,2,ok,0.2745082378387451,222220.0,225955,0.9834701599876081,368580,,,,,,,,,,,,,2,1,,,,,,,official_random_stub_seed0,/mnt/165d5ea0-c4bf-423a-a83b-e5fb727cf65f/lw/A/official_stub_p2/official_stub_problem2_solver_allcase_plans/case_048_2core.json,
case_048,3,ok,0.27727627754211426,222220.0,224873,0.9882022297029879,491464,,,,,,,,,,,,,3,1,,,,,,,official_random_stub_seed0,/mnt/165d5ea0-c4bf-423a-a83b-e5fb727cf65f/lw/A/official_stub_p2/official_stub_problem2_solver_allcase_plans/case_048_3core.json,
case_048,4,ok,0.283527135848999,222220.0,222594,0.9983198109562702,547852,,,,,,,,,,,,,4,1,,,,,,,official_random_stub_seed0,/mnt/165d5ea0-c4bf-423a-a83b-e5fb727cf65f/lw/A/official_stub_p2/official_stub_problem2_solver_allcase_plans/case_048_4core.json,
case_048,5,ok,0.287689208984375,222220.0,228112,0.9741705828715719,599024,,,,,,,,,,,,,5,1,,,,,,,official_random_stub_seed0,/mnt/165d5ea0-c4bf-423a-a83b-e5fb727cf65f/lw/A/official_stub_p2/official_stub_problem2_solver_allcase_plans/case_048_5core.json,
case_049,1,ok,2.8688666820526123,196276,194205,1.0106639890837001,1216,,,,,,,,,,,,,1,1,,,,,,,official_random_stub_seed0,/mnt/165d5ea0-c4bf-423a-a83b-e5fb727cf65f/lw/A/official_stub_p2/official_stub_problem2_solver_allcase_plans/case_049_1core.json,
case_049,2,ok,1.0057249069213867,196276.0,207129,0.9476027016979757,1952528,,,,,,,,,,,,,2,1,,,,,,,official_random_stub_seed0,/mnt/165d5ea0-c4bf-423a-a83b-e5fb727cf65f/lw/A/official_stub_p2/official_stub_problem2_solver_allcase_plans/case_049_2core.json,
case_049,3,ok,1.0912549495697021,196276.0,213485,0.9193901210857905,3118170,,,,,,,,,,,,,3,1,,,,,,,official_random_stub_seed0,/mnt/165d5ea0-c4bf-423a-a83b-e5fb727cf65f/lw/A/official_stub_p2/official_stub_problem2_solver_allcase_plans/case_049_3core.json,
case_049,4,ok,1.074709415435791,196276.0,205423,0.9554723667748987,3031586,,,,,,,,,,,,,4,1,,,,,,,official_random_stub_seed0,/mnt/165d5ea0-c4bf-423a-a83b-e5fb727cf65f/lw/A/official_stub_p2/official_stub_problem2_solver_allcase_plans/case_049_4core.json,
case_049,5,ok,1.0791411399841309,196276.0,203723,0.9634454627116231,3438878,,,,,,,,,,,,,5,1,,,,,,,official_random_stub_seed0,/mnt/165d5ea0-c4bf-423a-a83b-e5fb727cf65f/lw/A/official_stub_p2/official_stub_problem2_solver_allcase_plans/case_049_5core.json,
case_050,1,ok,3.276691198348999,149690,149236,1.0030421614087754,584722,,,,,,,,,,,,,1,1,,,,,,,official_random_stub_seed0,/mnt/165d5ea0-c4bf-423a-a83b-e5fb727cf65f/lw/A/official_stub_p2/official_stub_problem2_solver_allcase_plans/case_050_1core.json,
case_050,2,ok,1.1142802238464355,149690.0,161879,0.9247030189215402,2423470,,,,,,,,,,,,,2,1,,,,,,,official_random_stub_seed0,/mnt/165d5ea0-c4bf-423a-a83b-e5fb727cf65f/lw/A/official_stub_p2/official_stub_problem2_solver_allcase_plans/case_050_2core.json,
case_050,3,ok,1.1965174674987793,149690.0,160758,0.9311511713258438,3305934,,,,,,,,,,,,,3,1,,,,,,,official_random_stub_seed0,/mnt/165d5ea0-c4bf-423a-a83b-e5fb727cf65f/lw/A/official_stub_p2/official_stub_problem2_solver_allcase_plans/case_050_3core.json,
case_050,4,ok,1.2105786800384521,149690.0,160925,0.9301848687276681,3128000,,,,,,,,,,,,,4,1,,,,,,,official_random_stub_seed0,/mnt/165d5ea0-c4bf-423a-a83b-e5fb727cf65f/lw/A/official_stub_p2/official_stub_problem2_solver_allcase_plans/case_050_4core.json,
case_050,5,ok,1.2070422172546387,149690.0,160998,0.9297631026472378,3558018,,,,,,,,,,,,,5,1,,,,,,,official_random_stub_seed0,/mnt/165d5ea0-c4bf-423a-a83b-e5fb727cf65f/lw/A/official_stub_p2/official_stub_problem2_solver_allcase_plans/case_050_5core.json,
case_051,1,ok,0.4316551685333252,607628,616624,0.9854108824826798,5701676,,,,,,,,,,,,,1,1,,,,,,,official_random_stub_seed0,/mnt/165d5ea0-c4bf-423a-a83b-e5fb727cf65f/lw/A/official_stub_p2/official_stub_problem2_solver_allcase_plans/case_051_1core.json,
case_051,2,ok,0.2028195858001709,607628.0,623337,0.9747985439657841,6946992,,,,,,,,,,,,,2,1,,,,,,,official_random_stub_seed0,/mnt/165d5ea0-c4bf-423a-a83b-e5fb727cf65f/lw/A/official_stub_p2/official_stub_problem2_solver_allcase_plans/case_051_2core.json,
case_051,3,ok,0.20293116569519043,607628.0,634206,0.9580924809919805,7667904,,,,,,,,,,,,,3,1,,,,,,,official_random_stub_seed0,/mnt/165d5ea0-c4bf-423a-a83b-e5fb727cf65f/lw/A/official_stub_p2/official_stub_problem2_solver_allcase_plans/case_051_3core.json,
case_051,4,ok,0.20575261116027832,607628.0,630857,0.9631786601400951,8257744,,,,,,,,,,,,,4,1,,,,,,,official_random_stub_seed0,/mnt/165d5ea0-c4bf-423a-a83b-e5fb727cf65f/lw/A/official_stub_p2/official_stub_problem2_solver_allcase_plans/case_051_4core.json,
case_051,5,ok,0.21816205978393555,607628.0,631790,0.961756279776508,8978668,,,,,,,,,,,,,5,1,,,,,,,official_random_stub_seed0,/mnt/165d5ea0-c4bf-423a-a83b-e5fb727cf65f/lw/A/official_stub_p2/official_stub_problem2_solver_allcase_plans/case_051_5core.json,
case_052,1,ok,0.409595251083374,180301,169002,1.066857196956249,268946,,,,,,,,,,,,,1,1,,,,,,,official_random_stub_seed0,/mnt/165d5ea0-c4bf-423a-a83b-e5fb727cf65f/lw/A/official_stub_p2/official_stub_problem2_solver_allcase_plans/case_052_1core.json,
case_052,2,ok,0.23794245719909668,180301.0,162065,1.112522753216302,1640166,,,,,,,,,,,,,2,1,,,,,,,official_random_stub_seed0,/mnt/165d5ea0-c4bf-423a-a83b-e5fb727cf65f/lw/A/official_stub_p2/official_stub_problem2_solver_allcase_plans/case_052_2core.json,
case_052,3,ok,0.26378870010375977,180301.0,164380,1.096854848521718,2273784,,,,,,,,,,,,,3,1,,,,,,,official_random_stub_seed0,/mnt/165d5ea0-c4bf-423a-a83b-e5fb727cf65f/lw/A/official_stub_p2/official_stub_problem2_solver_allcase_plans/case_052_3core.json,
case_052,4,ok,0.2627527713775635,180301.0,147655,1.2210964748907926,2661226,,,,,,,,,,,,,4,1,,,,,,,official_random_stub_seed0,/mnt/165d5ea0-c4bf-423a-a83b-e5fb727cf65f/lw/A/official_stub_p2/official_stub_problem2_solver_allcase_plans/case_052_4core.json,
case_052,5,ok,0.2806670665740967,180301.0,142599,1.2643917559029165,3010310,,,,,,,,,,,,,5,1,,,,,,,official_random_stub_seed0,/mnt/165d5ea0-c4bf-423a-a83b-e5fb727cf65f/lw/A/official_stub_p2/official_stub_problem2_solver_allcase_plans/case_052_5core.json,
case_053,1,ok,21.961376190185547,1472686,1372493,1.0730007366157788,1707218,,,,,,,,,,,,,1,1,,,,,,,official_random_stub_seed0,/mnt/165d5ea0-c4bf-423a-a83b-e5fb727cf65f/lw/A/official_stub_p2/official_stub_problem2_solver_allcase_plans/case_053_1core.json,
case_053,2,ok,4.336930751800537,1472686.0,1369557,1.0753009914884886,9868530,,,,,,,,,,,,,2,1,,,,,,,official_random_stub_seed0,/mnt/165d5ea0-c4bf-423a-a83b-e5fb727cf65f/lw/A/official_stub_p2/official_stub_problem2_solver_allcase_plans/case_053_2core.json,
case_053,3,ok,4.8978307247161865,1472686.0,1363930,1.0797372299164913,14084156,,,,,,,,,,,,,3,1,,,,,,,official_random_stub_seed0,/mnt/165d5ea0-c4bf-423a-a83b-e5fb727cf65f/lw/A/official_stub_p2/official_stub_problem2_solver_allcase_plans/case_053_3core.json,
case_053,4,ok,4.9063074588775635,1472686.0,1350801,1.090231647740859,16941852,,,,,,,,,,,,,4,1,,,,,,,official_random_stub_seed0,/mnt/165d5ea0-c4bf-423a-a83b-e5fb727cf65f/lw/A/official_stub_p2/official_stub_problem2_solver_allcase_plans/case_053_4core.json,
case_053,5,ok,5.115346908569336,1472686.0,1332809,1.1049490212025879,18708892,,,,,,,,,,,,,5,1,,,,,,,official_random_stub_seed0,/mnt/165d5ea0-c4bf-423a-a83b-e5fb727cf65f/lw/A/official_stub_p2/official_stub_problem2_solver_allcase_plans/case_053_5core.json,
case_054,1,ok,40.249534606933594,815051,822364,0.9911073441930823,1376216,,,,,,,,,,,,,1,1,,,,,,,official_random_stub_seed0,/mnt/165d5ea0-c4bf-423a-a83b-e5fb727cf65f/lw/A/official_stub_p2/official_stub_problem2_solver_allcase_plans/case_054_1core.json,
case_054,2,ok,6.41234016418457,815051.0,803578,1.0142773943537529,8364334,,,,,,,,,,,,,2,1,,,,,,,official_random_stub_seed0,/mnt/165d5ea0-c4bf-423a-a83b-e5fb727cf65f/lw/A/official_stub_p2/official_stub_problem2_solver_allcase_plans/case_054_2core.json,
case_054,3,ok,7.189886808395386,815051.0,796899,1.0227782943635266,11736244,,,,,,,,,,,,,3,1,,,,,,,official_random_stub_seed0,/mnt/165d5ea0-c4bf-423a-a83b-e5fb727cf65f/lw/A/official_stub_p2/official_stub_problem2_solver_allcase_plans/case_054_3core.json,
case_054,4,ok,7.641429901123047,815051.0,809899,1.0063612870246783,13656862,,,,,,,,,,,,,4,1,,,,,,,official_random_stub_seed0,/mnt/165d5ea0-c4bf-423a-a83b-e5fb727cf65f/lw/A/official_stub_p2/official_stub_problem2_solver_allcase_plans/case_054_4core.json,
case_054,5,ok,8.026497840881348,815051.0,803646,1.0141915719110155,14922530,,,,,,,,,,,,,5,1,,,,,,,official_random_stub_seed0,/mnt/165d5ea0-c4bf-423a-a83b-e5fb727cf65f/lw/A/official_stub_p2/official_stub_problem2_solver_allcase_plans/case_054_5core.json,
case_055,1,ok,0.46219873428344727,118835,113624,1.0458617897627263,707776,,,,,,,,,,,,,1,1,,,,,,,official_random_stub_seed0,/mnt/165d5ea0-c4bf-423a-a83b-e5fb727cf65f/lw/A/official_stub_p2/official_stub_problem2_solver_allcase_plans/case_055_1core.json,
case_055,2,ok,0.25373268127441406,118835.0,107372,1.1067596766382297,1435594,,,,,,,,,,,,,2,1,,,,,,,official_random_stub_seed0,/mnt/165d5ea0-c4bf-423a-a83b-e5fb727cf65f/lw/A/official_stub_p2/official_stub_problem2_solver_allcase_plans/case_055_2core.json,
case_055,3,ok,0.2774977684020996,118835.0,97323,1.2210371649044933,2005746,,,,,,,,,,,,,3,1,,,,,,,official_random_stub_seed0,/mnt/165d5ea0-c4bf-423a-a83b-e5fb727cf65f/lw/A/official_stub_p2/official_stub_problem2_solver_allcase_plans/case_055_3core.json,
case_055,4,ok,0.29485249519348145,118835.0,101545,1.170269338716825,2354798,,,,,,,,,,,,,4,1,,,,,,,official_random_stub_seed0,/mnt/165d5ea0-c4bf-423a-a83b-e5fb727cf65f/lw/A/official_stub_p2/official_stub_problem2_solver_allcase_plans/case_055_4core.json,
case_055,5,ok,0.3177061080932617,118835.0,96831,1.2272412760376326,2920226,,,,,,,,,,,,,5,1,,,,,,,official_random_stub_seed0,/mnt/165d5ea0-c4bf-423a-a83b-e5fb727cf65f/lw/A/official_stub_p2/official_stub_problem2_solver_allcase_plans/case_055_5core.json,
case_056,1,ok,8.955691814422607,277285,277625,0.9987753264295363,72898,,,,,,,,,,,,,1,1,,,,,,,official_random_stub_seed0,/mnt/165d5ea0-c4bf-423a-a83b-e5fb727cf65f/lw/A/official_stub_p2/official_stub_problem2_solver_allcase_plans/case_056_1core.json,
case_056,2,ok,2.1956191062927246,277285.0,296546,0.9350488625710682,3484964,,,,,,,,,,,,,2,1,,,,,,,official_random_stub_seed0,/mnt/165d5ea0-c4bf-423a-a83b-e5fb727cf65f/lw/A/official_stub_p2/official_stub_problem2_solver_allcase_plans/case_056_2core.json,
case_056,3,ok,2.2439143657684326,277285.0,303024,0.9150595332382914,4463732,,,,,,,,,,,,,3,1,,,,,,,official_random_stub_seed0,/mnt/165d5ea0-c4bf-423a-a83b-e5fb727cf65f/lw/A/official_stub_p2/official_stub_problem2_solver_allcase_plans/case_056_3core.json,
case_056,4,ok,2.374211072921753,277285.0,305203,0.9085264561619644,5591194,,,,,,,,,,,,,4,1,,,,,,,official_random_stub_seed0,/mnt/165d5ea0-c4bf-423a-a83b-e5fb727cf65f/lw/A/official_stub_p2/official_stub_problem2_solver_allcase_plans/case_056_4core.json,
case_056,5,ok,2.348226308822632,277285.0,306651,0.9042364120775735,5441886,,,,,,,,,,,,,5,1,,,,,,,official_random_stub_seed0,/mnt/165d5ea0-c4bf-423a-a83b-e5fb727cf65f/lw/A/official_stub_p2/official_stub_problem2_solver_allcase_plans/case_056_5core.json,
case_057,1,ok,0.3023207187652588,59726,57910,1.031359005353134,387192,,,,,,,,,,,,,1,1,,,,,,,official_random_stub_seed0,/mnt/165d5ea0-c4bf-423a-a83b-e5fb727cf65f/lw/A/official_stub_p2/official_stub_problem2_solver_allcase_plans/case_057_1core.json,
case_057,2,ok,0.18570351600646973,59726.0,54059,1.1048299080634123,783444,,,,,,,,,,,,,2,1,,,,,,,official_random_stub_seed0,/mnt/165d5ea0-c4bf-423a-a83b-e5fb727cf65f/lw/A/official_stub_p2/official_stub_problem2_solver_allcase_plans/case_057_2core.json,
case_057,3,ok,0.20792531967163086,59726.0,50877,1.1739292804214085,1278886,,,,,,,,,,,,,3,1,,,,,,,official_random_stub_seed0,/mnt/165d5ea0-c4bf-423a-a83b-e5fb727cf65f/lw/A/official_stub_p2/official_stub_problem2_solver_allcase_plans/case_057_3core.json,
case_057,4,ok,0.20080208778381348,59726.0,51097,1.168874885022604,1202908,,,,,,,,,,,,,4,1,,,,,,,official_random_stub_seed0,/mnt/165d5ea0-c4bf-423a-a83b-e5fb727cf65f/lw/A/official_stub_p2/official_stub_problem2_solver_allcase_plans/case_057_4core.json,
case_057,5,ok,0.20656895637512207,59726.0,53092,1.1249529119264672,1237964,,,,,,,,,,,,,4,1,,,,,,,official_random_stub_seed0,/mnt/165d5ea0-c4bf-423a-a83b-e5fb727cf65f/lw/A/official_stub_p2/official_stub_problem2_solver_allcase_plans/case_057_5core.json,
case_058,1,ok,166.81100606918335,4539717,5379682,0.8438634476907743,174387200,,,,,,,,,,,,,1,1,,,,,,,official_random_stub_seed0,/mnt/165d5ea0-c4bf-423a-a83b-e5fb727cf65f/lw/A/official_stub_p2/official_stub_problem2_solver_allcase_plans/case_058_1core.json,
case_058,2,ok,14.008994579315186,4539717.0,4334213,1.047414374881899,180076544,,,,,,,,,,,,,2,1,,,,,,,official_random_stub_seed0,/mnt/165d5ea0-c4bf-423a-a83b-e5fb727cf65f/lw/A/official_stub_p2/official_stub_problem2_solver_allcase_plans/case_058_2core.json,
case_058,3,ok,13.248556137084961,4539717.0,3629542,1.2507685542693816,181620736,,,,,,,,,,,,,3,1,,,,,,,official_random_stub_seed0,/mnt/165d5ea0-c4bf-423a-a83b-e5fb727cf65f/lw/A/official_stub_p2/official_stub_problem2_solver_allcase_plans/case_058_3core.json,
case_058,4,ok,12.64440655708313,4539717.0,3563088,1.2740962333795853,183734272,,,,,,,,,,,,,4,1,,,,,,,official_random_stub_seed0,/mnt/165d5ea0-c4bf-423a-a83b-e5fb727cf65f/lw/A/official_stub_p2/official_stub_problem2_solver_allcase_plans/case_058_4core.json,
case_058,5,ok,12.079483985900879,4539717.0,3396797,1.3364699156293414,184426496,,,,,,,,,,,,,5,1,,,,,,,official_random_stub_seed0,/mnt/165d5ea0-c4bf-423a-a83b-e5fb727cf65f/lw/A/official_stub_p2/official_stub_problem2_solver_allcase_plans/case_058_5core.json,
case_059,1,ok,2.0698201656341553,829473,832123,0.9968153746501419,12079104,,,,,,,,,,,,,1,1,,,,,,,official_random_stub_seed0,/mnt/165d5ea0-c4bf-423a-a83b-e5fb727cf65f/lw/A/official_stub_p2/official_stub_problem2_solver_allcase_plans/case_059_1core.json,
case_059,2,ok,0.95961594581604,829473.0,619594,1.338736333792774,15175680,,,,,,,,,,,,,2,1,,,,,,,official_random_stub_seed0,/mnt/165d5ea0-c4bf-423a-a83b-e5fb727cf65f/lw/A/official_stub_p2/official_stub_problem2_solver_allcase_plans/case_059_2core.json,
case_059,3,ok,0.9567835330963135,829473.0,559849,1.4816012889189765,16080896,,,,,,,,,,,,,3,1,,,,,,,official_random_stub_seed0,/mnt/165d5ea0-c4bf-423a-a83b-e5fb727cf65f/lw/A/official_stub_p2/official_stub_problem2_solver_allcase_plans/case_059_3core.json,
case_059,4,ok,1.046609878540039,829473.0,555219,1.4939564388106314,17661952,,,,,,,,,,,,,4,1,,,,,,,official_random_stub_seed0,/mnt/165d5ea0-c4bf-423a-a83b-e5fb727cf65f/lw/A/official_stub_p2/official_stub_problem2_solver_allcase_plans/case_059_4core.json,
case_059,5,ok,0.9875431060791016,829473.0,483069,1.7170901051402594,17491968,,,,,,,,,,,,,5,1,,,,,,,official_random_stub_seed0,/mnt/165d5ea0-c4bf-423a-a83b-e5fb727cf65f/lw/A/official_stub_p2/official_stub_problem2_solver_allcase_plans/case_059_5core.json,
case_060,1,ok,8.048326015472412,888789,976419,0.910253692318564,20810090,,,,,,,,,,,,,1,1,,,,,,,official_random_stub_seed0,/mnt/165d5ea0-c4bf-423a-a83b-e5fb727cf65f/lw/A/official_stub_p2/official_stub_problem2_solver_allcase_plans/case_060_1core.json,
case_060,2,ok,2.4429337978363037,888789.0,795426,1.1173748406514246,24066238,,,,,,,,,,,,,2,1,,,,,,,official_random_stub_seed0,/mnt/165d5ea0-c4bf-423a-a83b-e5fb727cf65f/lw/A/official_stub_p2/official_stub_problem2_solver_allcase_plans/case_060_2core.json,
case_060,3,ok,2.472076892852783,888789.0,704698,1.2612338902622116,26610904,,,,,,,,,,,,,3,1,,,,,,,official_random_stub_seed0,/mnt/165d5ea0-c4bf-423a-a83b-e5fb727cf65f/lw/A/official_stub_p2/official_stub_problem2_solver_allcase_plans/case_060_3core.json,
case_060,4,ok,2.4684553146362305,888789.0,672875,1.3208827791194502,27953616,,,,,,,,,,,,,4,1,,,,,,,official_random_stub_seed0,/mnt/165d5ea0-c4bf-423a-a83b-e5fb727cf65f/lw/A/official_stub_p2/official_stub_problem2_solver_allcase_plans/case_060_4core.json,
case_060,5,ok,2.5409812927246094,888789.0,711211,1.2496839897020715,29528598,,,,,,,,,,,,,5,1,,,,,,,official_random_stub_seed0,/mnt/165d5ea0-c4bf-423a-a83b-e5fb727cf65f/lw/A/official_stub_p2/official_stub_problem2_solver_allcase_plans/case_060_5core.json,
case_061,1,ok,0.41240978240966797,77191,87276,0.8844470415692745,0,,,,,,,,,,,,,1,1,,,,,,,official_random_stub_seed0,/mnt/165d5ea0-c4bf-423a-a83b-e5fb727cf65f/lw/A/official_stub_p2/official_stub_problem2_solver_allcase_plans/case_061_1core.json,
case_061,2,ok,0.2564539909362793,77191.0,81940,0.942042958262143,934254,,,,,,,,,,,,,2,1,,,,,,,official_random_stub_seed0,/mnt/165d5ea0-c4bf-423a-a83b-e5fb727cf65f/lw/A/official_stub_p2/official_stub_problem2_solver_allcase_plans/case_061_2core.json,
case_061,3,ok,0.25953030586242676,77191.0,76564,1.0081892273130975,1197998,,,,,,,,,,,,,3,1,,,,,,,official_random_stub_seed0,/mnt/165d5ea0-c4bf-423a-a83b-e5fb727cf65f/lw/A/official_stub_p2/official_stub_problem2_solver_allcase_plans/case_061_3core.json,
case_061,4,ok,0.27996158599853516,77191.0,79242,0.9741172610484339,1400064,,,,,,,,,,,,,4,1,,,,,,,official_random_stub_seed0,/mnt/165d5ea0-c4bf-423a-a83b-e5fb727cf65f/lw/A/official_stub_p2/official_stub_problem2_solver_allcase_plans/case_061_4core.json,
case_061,5,ok,0.3078610897064209,77191.0,80092,0.9637791539729311,1581760,,,,,,,,,,,,,5,1,,,,,,,official_random_stub_seed0,/mnt/165d5ea0-c4bf-423a-a83b-e5fb727cf65f/lw/A/official_stub_p2/official_stub_problem2_solver_allcase_plans/case_061_5core.json,
case_062,1,ok,135.49585127830505,2854809,2742692,1.0408784508067257,56742912,,,,,,,,,,,,,1,1,,,,,,,official_random_stub_seed0,/mnt/165d5ea0-c4bf-423a-a83b-e5fb727cf65f/lw/A/official_stub_p2/official_stub_problem2_solver_allcase_plans/case_062_1core.json,
case_062,2,ok,14.907413959503174,2854809.0,2157036,1.3234869515390564,61441536,,,,,,,,,,,,,2,1,,,,,,,official_random_stub_seed0,/mnt/165d5ea0-c4bf-423a-a83b-e5fb727cf65f/lw/A/official_stub_p2/official_stub_problem2_solver_allcase_plans/case_062_2core.json,
case_062,3,ok,14.210278034210205,2854809.0,1814024,1.573743787292781,64637952,,,,,,,,,,,,,3,1,,,,,,,official_random_stub_seed0,/mnt/165d5ea0-c4bf-423a-a83b-e5fb727cf65f/lw/A/official_stub_p2/official_stub_problem2_solver_allcase_plans/case_062_3core.json,
case_062,4,ok,14.009989023208618,2854809.0,1779949,1.603871234512899,67706880,,,,,,,,,,,,,4,1,,,,,,,official_random_stub_seed0,/mnt/165d5ea0-c4bf-423a-a83b-e5fb727cf65f/lw/A/official_stub_p2/official_stub_problem2_solver_allcase_plans/case_062_4core.json,
case_062,5,ok,14.438376426696777,2854809.0,1607728,1.7756790949712886,69674496,,,,,,,,,,,,,5,1,,,,,,,official_random_stub_seed0,/mnt/165d5ea0-c4bf-423a-a83b-e5fb727cf65f/lw/A/official_stub_p2/official_stub_problem2_solver_allcase_plans/case_062_5core.json,
case_063,1,ok,13.632813930511475,1070397,1011775,1.057939759333844,15223296,,,,,,,,,,,,,1,1,,,,,,,official_random_stub_seed0,/mnt/165d5ea0-c4bf-423a-a83b-e5fb727cf65f/lw/A/official_stub_p2/official_stub_problem2_solver_allcase_plans/case_063_1core.json,
case_063,2,ok,3.517237663269043,1070397.0,850693,1.2582647324005252,18539520,,,,,,,,,,,,,2,1,,,,,,,official_random_stub_seed0,/mnt/165d5ea0-c4bf-423a-a83b-e5fb727cf65f/lw/A/official_stub_p2/official_stub_problem2_solver_allcase_plans/case_063_2core.json,
case_063,3,ok,3.776667356491089,1070397.0,750995,1.4253050952403146,21129216,,,,,,,,,,,,,3,1,,,,,,,official_random_stub_seed0,/mnt/165d5ea0-c4bf-423a-a83b-e5fb727cf65f/lw/A/official_stub_p2/official_stub_problem2_solver_allcase_plans/case_063_3core.json,
case_063,4,ok,3.800670623779297,1070397.0,703929,1.5206036404239631,23115264,,,,,,,,,,,,,4,1,,,,,,,official_random_stub_seed0,/mnt/165d5ea0-c4bf-423a-a83b-e5fb727cf65f/lw/A/official_stub_p2/official_stub_problem2_solver_allcase_plans/case_063_4core.json,
case_063,5,ok,3.8061177730560303,1070397.0,718135,1.4905233695614335,24654336,,,,,,,,,,,,,5,1,,,,,,,official_random_stub_seed0,/mnt/165d5ea0-c4bf-423a-a83b-e5fb727cf65f/lw/A/official_stub_p2/official_stub_problem2_solver_allcase_plans/case_063_5core.json,
case_064,1,ok,0.247039794921875,19116,19225,0.9943302990897269,0,,,,,,,,,,,,,1,1,,,,,,,official_random_stub_seed0,/mnt/165d5ea0-c4bf-423a-a83b-e5fb727cf65f/lw/A/official_stub_p2/official_stub_problem2_solver_allcase_plans/case_064_1core.json,
case_064,2,ok,0.13407015800476074,19116.0,20714,0.9228541083325287,49060,,,,,,,,,,,,,2,1,,,,,,,official_random_stub_seed0,/mnt/165d5ea0-c4bf-423a-a83b-e5fb727cf65f/lw/A/official_stub_p2/official_stub_problem2_solver_allcase_plans/case_064_2core.json,
case_064,3,ok,0.14714837074279785,19116.0,21881,0.8736346602074859,94472,,,,,,,,,,,,,3,1,,,,,,,official_random_stub_seed0,/mnt/165d5ea0-c4bf-423a-a83b-e5fb727cf65f/lw/A/official_stub_p2/official_stub_problem2_solver_allcase_plans/case_064_3core.json,
case_064,4,ok,0.1482677459716797,19116.0,21828,0.8757559098405717,89802,,,,,,,,,,,,,4,1,,,,,,,official_random_stub_seed0,/mnt/165d5ea0-c4bf-423a-a83b-e5fb727cf65f/lw/A/official_stub_p2/official_stub_problem2_solver_allcase_plans/case_064_4core.json,
case_064,5,ok,0.15175557136535645,19116.0,21622,0.8840995282582554,103884,,,,,,,,,,,,,4,1,,,,,,,official_random_stub_seed0,/mnt/165d5ea0-c4bf-423a-a83b-e5fb727cf65f/lw/A/official_stub_p2/official_stub_problem2_solver_allcase_plans/case_064_5core.json,
case_065,1,ok,0.2337195873260498,53068,48084,1.1036519424340736,0,,,,,,,,,,,,,1,1,,,,,,,official_random_stub_seed0,/mnt/165d5ea0-c4bf-423a-a83b-e5fb727cf65f/lw/A/official_stub_p2/official_stub_problem2_solver_allcase_plans/case_065_1core.json,
case_065,2,ok,0.15563607215881348,53068.0,48674,1.0902740682910794,462852,,,,,,,,,,,,,2,1,,,,,,,official_random_stub_seed0,/mnt/165d5ea0-c4bf-423a-a83b-e5fb727cf65f/lw/A/official_stub_p2/official_stub_problem2_solver_allcase_plans/case_065_2core.json,
case_065,3,ok,0.16854166984558105,53068.0,50549,1.049832835466577,783052,,,,,,,,,,,,,3,1,,,,,,,official_random_stub_seed0,/mnt/165d5ea0-c4bf-423a-a83b-e5fb727cf65f/lw/A/official_stub_p2/official_stub_problem2_solver_allcase_plans/case_065_3core.json,
case_065,4,ok,0.17209243774414062,53068.0,45211,1.1737851407843225,787164,,,,,,,,,,,,,4,1,,,,,,,official_random_stub_seed0,/mnt/165d5ea0-c4bf-423a-a83b-e5fb727cf65f/lw/A/official_stub_p2/official_stub_problem2_solver_allcase_plans/case_065_4core.json,
case_065,5,ok,0.17685604095458984,53068.0,50702,1.0466648258451343,943236,,,,,,,,,,,,,5,1,,,,,,,official_random_stub_seed0,/mnt/165d5ea0-c4bf-423a-a83b-e5fb727cf65f/lw/A/official_stub_p2/official_stub_problem2_solver_allcase_plans/case_065_5core.json,
case_066,1,ok,5.5981245040893555,359070,354111,1.014004083465354,116206,,,,,,,,,,,,,1,1,,,,,,,official_random_stub_seed0,/mnt/165d5ea0-c4bf-423a-a83b-e5fb727cf65f/lw/A/official_stub_p2/official_stub_problem2_solver_allcase_plans/case_066_1core.json,
case_066,2,ok,1.7679152488708496,359070.0,360738,0.9953761455682517,3539528,,,,,,,,,,,,,2,1,,,,,,,official_random_stub_seed0,/mnt/165d5ea0-c4bf-423a-a83b-e5fb727cf65f/lw/A/official_stub_p2/official_stub_problem2_solver_allcase_plans/case_066_2core.json,
case_066,3,ok,1.8583731651306152,359070.0,366231,0.9804467672043055,4817532,,,,,,,,,,,,,3,1,,,,,,,official_random_stub_seed0,/mnt/165d5ea0-c4bf-423a-a83b-e5fb727cf65f/lw/A/official_stub_p2/official_stub_problem2_solver_allcase_plans/case_066_3core.json,
case_066,4,ok,2.049081325531006,359070.0,367121,0.9780699006594556,5834752,,,,,,,,,,,,,4,1,,,,,,,official_random_stub_seed0,/mnt/165d5ea0-c4bf-423a-a83b-e5fb727cf65f/lw/A/official_stub_p2/official_stub_problem2_solver_allcase_plans/case_066_4core.json,
case_066,5,ok,2.0484111309051514,359070.0,367131,0.978043259762864,6134862,,,,,,,,,,,,,5,1,,,,,,,official_random_stub_seed0,/mnt/165d5ea0-c4bf-423a-a83b-e5fb727cf65f/lw/A/official_stub_p2/official_stub_problem2_solver_allcase_plans/case_066_5core.json,
case_067,1,ok,27.000799894332886,63834834,61962653,1.0302146681808475,225596800,,,,,,,,,,,,,1,1,,,,,,,official_random_stub_seed0,/mnt/165d5ea0-c4bf-423a-a83b-e5fb727cf65f/lw/A/official_stub_p2/official_stub_problem2_solver_allcase_plans/case_067_1core.json,
case_067,2,ok,4.114731550216675,63834834.0,57080020,1.1183393768958034,244556416,,,,,,,,,,,,,2,1,,,,,,,official_random_stub_seed0,/mnt/165d5ea0-c4bf-423a-a83b-e5fb727cf65f/lw/A/official_stub_p2/official_stub_problem2_solver_allcase_plans/case_067_2core.json,
case_067,3,ok,4.025164365768433,63834834.0,54904428,1.1626536570055879,259484032,,,,,,,,,,,,,3,1,,,,,,,official_random_stub_seed0,/mnt/165d5ea0-c4bf-423a-a83b-e5fb727cf65f/lw/A/official_stub_p2/official_stub_problem2_solver_allcase_plans/case_067_3core.json,
case_067,4,ok,3.9858672618865967,63834834.0,53083736,1.2025309220888296,266131968,,,,,,,,,,,,,4,1,,,,,,,official_random_stub_seed0,/mnt/165d5ea0-c4bf-423a-a83b-e5fb727cf65f/lw/A/official_stub_p2/official_stub_problem2_solver_allcase_plans/case_067_4core.json,
case_067,5,ok,3.9428210258483887,63834834.0,52245555,1.221823253672011,272611072,,,,,,,,,,,,,5,1,,,,,,,official_random_stub_seed0,/mnt/165d5ea0-c4bf-423a-a83b-e5fb727cf65f/lw/A/official_stub_p2/official_stub_problem2_solver_allcase_plans/case_067_5core.json,
case_068,1,ok,4.690766334533691,362095,355493,1.0185713924043511,451676,,,,,,,,,,,,,1,1,,,,,,,official_random_stub_seed0,/mnt/165d5ea0-c4bf-423a-a83b-e5fb727cf65f/lw/A/official_stub_p2/official_stub_problem2_solver_allcase_plans/case_068_1core.json,
case_068,2,ok,1.5646998882293701,362095.0,365824,0.9898065736529041,2870576,,,,,,,,,,,,,2,1,,,,,,,official_random_stub_seed0,/mnt/165d5ea0-c4bf-423a-a83b-e5fb727cf65f/lw/A/official_stub_p2/official_stub_problem2_solver_allcase_plans/case_068_2core.json,
case_068,3,ok,1.5728938579559326,362095.0,367009,0.986610682571817,3945438,,,,,,,,,,,,,3,1,,,,,,,official_random_stub_seed0,/mnt/165d5ea0-c4bf-423a-a83b-e5fb727cf65f/lw/A/official_stub_p2/official_stub_problem2_solver_allcase_plans/case_068_3core.json,
case_068,4,ok,1.5970563888549805,362095.0,357459,1.012969319558327,4428544,,,,,,,,,,,,,4,1,,,,,,,official_random_stub_seed0,/mnt/165d5ea0-c4bf-423a-a83b-e5fb727cf65f/lw/A/official_stub_p2/official_stub_problem2_solver_allcase_plans/case_068_4core.json,
case_068,5,ok,1.626753568649292,362095.0,369128,0.9809469885784877,4464930,,,,,,,,,,,,,5,1,,,,,,,official_random_stub_seed0,/mnt/165d5ea0-c4bf-423a-a83b-e5fb727cf65f/lw/A/official_stub_p2/official_stub_problem2_solver_allcase_plans/case_068_5core.json,
case_069,1,ok,0.2979137897491455,25144,25193,0.9980550152820228,0,,,,,,,,,,,,,1,1,,,,,,,official_random_stub_seed0,/mnt/165d5ea0-c4bf-423a-a83b-e5fb727cf65f/lw/A/official_stub_p2/official_stub_problem2_solver_allcase_plans/case_069_1core.json,
case_069,2,ok,0.1864769458770752,25144.0,28500,0.8822456140350877,308452,,,,,,,,,,,,,2,1,,,,,,,official_random_stub_seed0,/mnt/165d5ea0-c4bf-423a-a83b-e5fb727cf65f/lw/A/official_stub_p2/official_stub_problem2_solver_allcase_plans/case_069_2core.json,
case_069,3,ok,0.20596027374267578,25144.0,29106,0.8638768638768639,509190,,,,,,,,,,,,,3,1,,,,,,,official_random_stub_seed0,/mnt/165d5ea0-c4bf-423a-a83b-e5fb727cf65f/lw/A/official_stub_p2/official_stub_problem2_solver_allcase_plans/case_069_3core.json,
case_069,4,ok,0.21316766738891602,25144.0,30360,0.8281949934123847,535944,,,,,,,,,,,,,4,1,,,,,,,official_random_stub_seed0,/mnt/165d5ea0-c4bf-423a-a83b-e5fb727cf65f/lw/A/official_stub_p2/official_stub_problem2_solver_allcase_plans/case_069_4core.json,
case_069,5,ok,0.23341870307922363,25144.0,32018,0.7853082641014429,681702,,,,,,,,,,,,,5,1,,,,,,,official_random_stub_seed0,/mnt/165d5ea0-c4bf-423a-a83b-e5fb727cf65f/lw/A/official_stub_p2/official_stub_problem2_solver_allcase_plans/case_069_5core.json,
case_070,1,ok,0.42537784576416016,117300,110491,1.0616249287272266,137284,,,,,,,,,,,,,1,1,,,,,,,official_random_stub_seed0,/mnt/165d5ea0-c4bf-423a-a83b-e5fb727cf65f/lw/A/official_stub_p2/official_stub_problem2_solver_allcase_plans/case_070_1core.json,
case_070,2,ok,0.25103044509887695,117300.0,102860,1.1403849893058526,1235816,,,,,,,,,,,,,2,1,,,,,,,official_random_stub_seed0,/mnt/165d5ea0-c4bf-423a-a83b-e5fb727cf65f/lw/A/official_stub_p2/official_stub_problem2_solver_allcase_plans/case_070_2core.json,
case_070,3,ok,0.2715458869934082,117300.0,99591,1.1778172726451186,1805030,,,,,,,,,,,,,3,1,,,,,,,official_random_stub_seed0,/mnt/165d5ea0-c4bf-423a-a83b-e5fb727cf65f/lw/A/official_stub_p2/official_stub_problem2_solver_allcase_plans/case_070_3core.json,
case_070,4,ok,0.28847169876098633,117300.0,104384,1.1237354383813611,2014792,,,,,,,,,,,,,4,1,,,,,,,official_random_stub_seed0,/mnt/165d5ea0-c4bf-423a-a83b-e5fb727cf65f/lw/A/official_stub_p2/official_stub_problem2_solver_allcase_plans/case_070_4core.json,
case_070,5,ok,0.2902069091796875,117300.0,105473,1.1121329629383823,2089474,,,,,,,,,,,,,5,1,,,,,,,official_random_stub_seed0,/mnt/165d5ea0-c4bf-423a-a83b-e5fb727cf65f/lw/A/official_stub_p2/official_stub_problem2_solver_allcase_plans/case_070_5core.json,
case_071,1,ok,0.19965243339538574,18919,18415,1.02736899266902,0,,,,,,,,,,,,,1,1,,,,,,,official_random_stub_seed0,/mnt/165d5ea0-c4bf-423a-a83b-e5fb727cf65f/lw/A/official_stub_p2/official_stub_problem2_solver_allcase_plans/case_071_1core.json,
case_071,2,ok,0.14571380615234375,18919.0,21597,0.8760012964763625,227714,,,,,,,,,,,,,2,1,,,,,,,official_random_stub_seed0,/mnt/165d5ea0-c4bf-423a-a83b-e5fb727cf65f/lw/A/official_stub_p2/official_stub_problem2_solver_allcase_plans/case_071_2core.json,
case_071,3,ok,0.16353416442871094,18919.0,23152,0.8171648237733241,426212,,,,,,,,,,,,,3,1,,,,,,,official_random_stub_seed0,/mnt/165d5ea0-c4bf-423a-a83b-e5fb727cf65f/lw/A/official_stub_p2/official_stub_problem2_solver_allcase_plans/case_071_3core.json,
case_071,4,ok,0.16357064247131348,18919.0,23423,0.8077103701489988,439206,,,,,,,,,,,,,4,1,,,,,,,official_random_stub_seed0,/mnt/165d5ea0-c4bf-423a-a83b-e5fb727cf65f/lw/A/official_stub_p2/official_stub_problem2_solver_allcase_plans/case_071_4core.json,
case_071,5,ok,0.17346858978271484,18919.0,23354,0.8100967714310182,479270,,,,,,,,,,,,,5,1,,,,,,,official_random_stub_seed0,/mnt/165d5ea0-c4bf-423a-a83b-e5fb727cf65f/lw/A/official_stub_p2/official_stub_problem2_solver_allcase_plans/case_071_5core.json,
case_072,1,ok,475.74432158470154,23897828,26305339,0.908478237060545,423942464,,,,,,,,,,,,,1,1,,,,,,,official_random_stub_seed0,/mnt/165d5ea0-c4bf-423a-a83b-e5fb727cf65f/lw/A/official_stub_p2/official_stub_problem2_solver_allcase_plans/case_072_1core.json,
case_072,2,ok,24.209127187728882,23897828.0,17087598,1.3985481165930986,434422006,,,,,,,,,,,,,2,1,,,,,,,official_random_stub_seed0,/mnt/165d5ea0-c4bf-423a-a83b-e5fb727cf65f/lw/A/official_stub_p2/official_stub_problem2_solver_allcase_plans/case_072_2core.json,
case_072,3,ok,22.624404668807983,23897828.0,13668727,1.748357985348599,440923720,,,,,,,,,,,,,3,1,,,,,,,official_random_stub_seed0,/mnt/165d5ea0-c4bf-423a-a83b-e5fb727cf65f/lw/A/official_stub_p2/official_stub_problem2_solver_allcase_plans/case_072_3core.json,
case_072,4,ok,21.634016275405884,23897828.0,12769744,1.871441432185328,446165906,,,,,,,,,,,,,4,1,,,,,,,official_random_stub_seed0,/mnt/165d5ea0-c4bf-423a-a83b-e5fb727cf65f/lw/A/official_stub_p2/official_stub_problem2_solver_allcase_plans/case_072_4core.json,
case_072,5,ok,21.027141571044922,23897828.0,11683101,2.0455038435429085,449015200,,,,,,,,,,,,,5,1,,,,,,,official_random_stub_seed0,/mnt/165d5ea0-c4bf-423a-a83b-e5fb727cf65f/lw/A/official_stub_p2/official_stub_problem2_solver_allcase_plans/case_072_5core.json,
case_073,1,ok,7.831707715988159,10081626,9506157,1.0605364502185268,110978816,,,,,,,,,,,,,1,1,,,,,,,official_random_stub_seed0,/mnt/165d5ea0-c4bf-423a-a83b-e5fb727cf65f/lw/A/official_stub_p2/official_stub_problem2_solver_allcase_plans/case_073_1core.json,
case_073,2,ok,1.633495569229126,10081626.0,8843736,1.1399736491455648,115152384,,,,,,,,,,,,,2,1,,,,,,,official_random_stub_seed0,/mnt/165d5ea0-c4bf-423a-a83b-e5fb727cf65f/lw/A/official_stub_p2/official_stub_problem2_solver_allcase_plans/case_073_2core.json,
case_073,3,ok,1.6071786880493164,10081626.0,8670000,1.1628173010380622,120532864,,,,,,,,,,,,,3,1,,,,,,,official_random_stub_seed0,/mnt/165d5ea0-c4bf-423a-a83b-e5fb727cf65f/lw/A/official_stub_p2/official_stub_problem2_solver_allcase_plans/case_073_3core.json,
case_073,4,ok,1.6052756309509277,10081626.0,8603010,1.17187193784501,119841024,,,,,,,,,,,,,4,1,,,,,,,official_random_stub_seed0,/mnt/165d5ea0-c4bf-423a-a83b-e5fb727cf65f/lw/A/official_stub_p2/official_stub_problem2_solver_allcase_plans/case_073_4core.json,
case_073,5,ok,1.6256067752838135,10081626.0,8505180,1.1853512800434558,125737984,,,,,,,,,,,,,5,1,,,,,,,official_random_stub_seed0,/mnt/165d5ea0-c4bf-423a-a83b-e5fb727cf65f/lw/A/official_stub_p2/official_stub_problem2_solver_allcase_plans/case_073_5core.json,
case_074,1,ok,4.214817523956299,1682239,1769792,0.9505292147325788,19767970,,,,,,,,,,,,,1,1,,,,,,,official_random_stub_seed0,/mnt/165d5ea0-c4bf-423a-a83b-e5fb727cf65f/lw/A/official_stub_p2/official_stub_problem2_solver_allcase_plans/case_074_1core.json,
case_074,2,ok,1.4050216674804688,1682239.0,1475838,1.1398534256469883,24692522,,,,,,,,,,,,,2,1,,,,,,,official_random_stub_seed0,/mnt/165d5ea0-c4bf-423a-a83b-e5fb727cf65f/lw/A/official_stub_p2/official_stub_problem2_solver_allcase_plans/case_074_2core.json,
case_074,3,ok,1.3853917121887207,1682239.0,1302206,1.2918378505397763,26109834,,,,,,,,,,,,,3,1,,,,,,,official_random_stub_seed0,/mnt/165d5ea0-c4bf-423a-a83b-e5fb727cf65f/lw/A/official_stub_p2/official_stub_problem2_solver_allcase_plans/case_074_3core.json,
case_074,4,ok,1.4010565280914307,1682239.0,938600,1.7922853185595569,27708158,,,,,,,,,,,,,4,1,,,,,,,official_random_stub_seed0,/mnt/165d5ea0-c4bf-423a-a83b-e5fb727cf65f/lw/A/official_stub_p2/official_stub_problem2_solver_allcase_plans/case_074_4core.json,
case_074,5,ok,1.4157655239105225,1682239.0,963408,1.7461335176789066,29008428,,,,,,,,,,,,,5,1,,,,,,,official_random_stub_seed0,/mnt/165d5ea0-c4bf-423a-a83b-e5fb727cf65f/lw/A/official_stub_p2/official_stub_problem2_solver_allcase_plans/case_074_5core.json,
case_075,1,ok,8.574428081512451,1441809,1434397,1.0051673281525269,0,,,,,,,,,,,,,1,1,,,,,,,official_random_stub_seed0,/mnt/165d5ea0-c4bf-423a-a83b-e5fb727cf65f/lw/A/official_stub_p2/official_stub_problem2_solver_allcase_plans/case_075_1core.json,
case_075,2,ok,1.940593957901001,1441809.0,1415564,1.0185403132602977,3881222,,,,,,,,,,,,,2,1,,,,,,,official_random_stub_seed0,/mnt/165d5ea0-c4bf-423a-a83b-e5fb727cf65f/lw/A/official_stub_p2/official_stub_problem2_solver_allcase_plans/case_075_2core.json,
case_075,3,ok,2.071991205215454,1441809.0,1398139,1.0312343765534042,5877962,,,,,,,,,,,,,3,1,,,,,,,official_random_stub_seed0,/mnt/165d5ea0-c4bf-423a-a83b-e5fb727cf65f/lw/A/official_stub_p2/official_stub_problem2_solver_allcase_plans/case_075_3core.json,
case_075,4,ok,2.053788423538208,1441809.0,1380644,1.044301789599636,6555568,,,,,,,,,,,,,4,1,,,,,,,official_random_stub_seed0,/mnt/165d5ea0-c4bf-423a-a83b-e5fb727cf65f/lw/A/official_stub_p2/official_stub_problem2_solver_allcase_plans/case_075_4core.json,
case_075,5,ok,2.0746326446533203,1441809.0,1381918,1.043339040377215,7242836,,,,,,,,,,,,,5,1,,,,,,,official_random_stub_seed0,/mnt/165d5ea0-c4bf-423a-a83b-e5fb727cf65f/lw/A/official_stub_p2/official_stub_problem2_solver_allcase_plans/case_075_5core.json,
case_076,1,ok,535.8821449279785,6185113,7281736,0.849400884624216,192326656,,,,,,,,,,,,,1,1,,,,,,,official_random_stub_seed0,/mnt/165d5ea0-c4bf-423a-a83b-e5fb727cf65f/lw/A/official_stub_p2/official_stub_problem2_solver_allcase_plans/case_076_1core.json,
case_076,2,ok,32.09054780006409,6185113.0,5173964,1.1954302349223922,196968640,,,,,,,,,,,,,2,1,,,,,,,official_random_stub_seed0,/mnt/165d5ea0-c4bf-423a-a83b-e5fb727cf65f/lw/A/official_stub_p2/official_stub_problem2_solver_allcase_plans/case_076_2core.json,
case_076,3,ok,28.644502639770508,6185113.0,4456252,1.3879630236351086,200116756,,,,,,,,,,,,,3,1,,,,,,,official_random_stub_seed0,/mnt/165d5ea0-c4bf-423a-a83b-e5fb727cf65f/lw/A/official_stub_p2/official_stub_problem2_solver_allcase_plans/case_076_3core.json,
case_076,4,ok,27.399079084396362,6185113.0,4141629,1.4934010265043054,202835244,,,,,,,,,,,,,4,1,,,,,,,official_random_stub_seed0,/mnt/165d5ea0-c4bf-423a-a83b-e5fb727cf65f/lw/A/official_stub_p2/official_stub_problem2_solver_allcase_plans/case_076_4core.json,
case_076,5,ok,26.437908172607422,6185113.0,3949399,1.5660896759228429,205382484,,,,,,,,,,,,,5,1,,,,,,,official_random_stub_seed0,/mnt/165d5ea0-c4bf-423a-a83b-e5fb727cf65f/lw/A/official_stub_p2/official_stub_problem2_solver_allcase_plans/case_076_5core.json,
case_077,1,ok,3.4705545902252197,495320,502893,0.9849411306182428,1376298,,,,,,,,,,,,,1,1,,,,,,,official_random_stub_seed0,/mnt/165d5ea0-c4bf-423a-a83b-e5fb727cf65f/lw/A/official_stub_p2/official_stub_problem2_solver_allcase_plans/case_077_1core.json,
case_077,2,ok,1.2209787368774414,495320.0,450914,1.0984799762260653,3962716,,,,,,,,,,,,,2,1,,,,,,,official_random_stub_seed0,/mnt/165d5ea0-c4bf-423a-a83b-e5fb727cf65f/lw/A/official_stub_p2/official_stub_problem2_solver_allcase_plans/case_077_2core.json,
case_077,3,ok,1.2999210357666016,495320.0,448135,1.1052919321186696,5270394,,,,,,,,,,,,,3,1,,,,,,,official_random_stub_seed0,/mnt/165d5ea0-c4bf-423a-a83b-e5fb727cf65f/lw/A/official_stub_p2/official_stub_problem2_solver_allcase_plans/case_077_3core.json,
case_077,4,ok,1.3316221237182617,495320.0,427711,1.158071688593466,6327474,,,,,,,,,,,,,4,1,,,,,,,official_random_stub_seed0,/mnt/165d5ea0-c4bf-423a-a83b-e5fb727cf65f/lw/A/official_stub_p2/official_stub_problem2_solver_allcase_plans/case_077_4core.json,
case_077,5,ok,1.3175060749053955,495320.0,423488,1.1696199183920206,6770962,,,,,,,,,,,,,5,1,,,,,,,official_random_stub_seed0,/mnt/165d5ea0-c4bf-423a-a83b-e5fb727cf65f/lw/A/official_stub_p2/official_stub_problem2_solver_allcase_plans/case_077_5core.json,
case_078,1,ok,0.4231574535369873,2296143,2196395,1.0454144177163034,8147520,,,,,,,,,,,,,1,1,,,,,,,official_random_stub_seed0,/mnt/165d5ea0-c4bf-423a-a83b-e5fb727cf65f/lw/A/official_stub_p2/official_stub_problem2_solver_allcase_plans/case_078_1core.json,
case_078,2,ok,0.20000314712524414,2296143.0,1925393,1.192558090737839,9340200,,,,,,,,,,,,,2,1,,,,,,,official_random_stub_seed0,/mnt/165d5ea0-c4bf-423a-a83b-e5fb727cf65f/lw/A/official_stub_p2/official_stub_problem2_solver_allcase_plans/case_078_2core.json,
case_078,3,ok,0.1951127052307129,2296143.0,1952518,1.1759906950921835,9376080,,,,,,,,,,,,,3,1,,,,,,,official_random_stub_seed0,/mnt/165d5ea0-c4bf-423a-a83b-e5fb727cf65f/lw/A/official_stub_p2/official_stub_problem2_solver_allcase_plans/case_078_3core.json,
case_078,4,ok,0.18927597999572754,2296143.0,1848875,1.24191359610574,9382392,,,,,,,,,,,,,4,1,,,,,,,official_random_stub_seed0,/mnt/165d5ea0-c4bf-423a-a83b-e5fb727cf65f/lw/A/official_stub_p2/official_stub_problem2_solver_allcase_plans/case_078_4core.json,
case_078,5,ok,0.19239091873168945,2296143.0,1848875,1.24191359610574,9386928,,,,,,,,,,,,,5,1,,,,,,,official_random_stub_seed0,/mnt/165d5ea0-c4bf-423a-a83b-e5fb727cf65f/lw/A/official_stub_p2/official_stub_problem2_solver_allcase_plans/case_078_5core.json,
case_079,1,ok,204.7439112663269,31052251,33587283,0.9245240527493694,460224512,,,,,,,,,,,,,1,1,,,,,,,official_random_stub_seed0,/mnt/165d5ea0-c4bf-423a-a83b-e5fb727cf65f/lw/A/official_stub_p2/official_stub_problem2_solver_allcase_plans/case_079_1core.json,
case_079,2,ok,16.732420206069946,31052251.0,22689434,1.368577594311079,465375232,,,,,,,,,,,,,2,1,,,,,,,official_random_stub_seed0,/mnt/165d5ea0-c4bf-423a-a83b-e5fb727cf65f/lw/A/official_stub_p2/official_stub_problem2_solver_allcase_plans/case_079_2core.json,
case_079,3,ok,15.606884717941284,31052251.0,18140651,1.7117495397491522,469129216,,,,,,,,,,,,,3,1,,,,,,,official_random_stub_seed0,/mnt/165d5ea0-c4bf-423a-a83b-e5fb727cf65f/lw/A/official_stub_p2/official_stub_problem2_solver_allcase_plans/case_079_3core.json,
case_079,4,ok,14.731393575668335,31052251.0,15826478,1.9620443032240023,471611392,,,,,,,,,,,,,4,1,,,,,,,official_random_stub_seed0,/mnt/165d5ea0-c4bf-423a-a83b-e5fb727cf65f/lw/A/official_stub_p2/official_stub_problem2_solver_allcase_plans/case_079_4core.json,
case_079,5,ok,14.596896171569824,31052251.0,14361026,2.1622585322246475,471879680,,,,,,,,,,,,,5,1,,,,,,,official_random_stub_seed0,/mnt/165d5ea0-c4bf-423a-a83b-e5fb727cf65f/lw/A/official_stub_p2/official_stub_problem2_solver_allcase_plans/case_079_5core.json,
case_080,1,ok,0.563709020614624,292138,316294,0.9236280169715518,5316608,,,,,,,,,,,,,1,1,,,,,,,official_random_stub_seed0,/mnt/165d5ea0-c4bf-423a-a83b-e5fb727cf65f/lw/A/official_stub_p2/official_stub_problem2_solver_allcase_plans/case_080_1core.json,
case_080,2,ok,0.35815000534057617,292138.0,256859,1.1373477277416792,7032832,,,,,,,,,,,,,2,1,,,,,,,official_random_stub_seed0,/mnt/165d5ea0-c4bf-423a-a83b-e5fb727cf65f/lw/A/official_stub_p2/official_stub_problem2_solver_allcase_plans/case_080_2core.json,
case_080,3,ok,0.390383243560791,292138.0,289730,1.0083111862768785,8146944,,,,,,,,,,,,,3,1,,,,,,,official_random_stub_seed0,/mnt/165d5ea0-c4bf-423a-a83b-e5fb727cf65f/lw/A/official_stub_p2/official_stub_problem2_solver_allcase_plans/case_080_3core.json,
case_080,4,ok,0.39286136627197266,292138.0,265897,1.0986885899427221,8540160,,,,,,,,,,,,,4,1,,,,,,,official_random_stub_seed0,/mnt/165d5ea0-c4bf-423a-a83b-e5fb727cf65f/lw/A/official_stub_p2/official_stub_problem2_solver_allcase_plans/case_080_4core.json,
case_080,5,ok,0.39014577865600586,292138.0,251779,1.1602953383721437,8523776,,,,,,,,,,,,,5,1,,,,,,,official_random_stub_seed0,/mnt/165d5ea0-c4bf-423a-a83b-e5fb727cf65f/lw/A/official_stub_p2/official_stub_problem2_solver_allcase_plans/case_080_5core.json,
case_081,1,ok,3.3179142475128174,151795,159828,0.9497397201992142,3442444,,,,,,,,,,,,,1,1,,,,,,,official_random_stub_seed0,/mnt/165d5ea0-c4bf-423a-a83b-e5fb727cf65f/lw/A/official_stub_p2/official_stub_problem2_solver_allcase_plans/case_081_1core.json,
case_081,2,ok,1.320638656616211,151795.0,152667,0.9942882220781177,4220956,,,,,,,,,,,,,2,1,,,,,,,official_random_stub_seed0,/mnt/165d5ea0-c4bf-423a-a83b-e5fb727cf65f/lw/A/official_stub_p2/official_stub_problem2_solver_allcase_plans/case_081_2core.json,
case_081,3,ok,1.310518741607666,151795.0,150240,1.0103501064962725,4395796,,,,,,,,,,,,,3,1,,,,,,,official_random_stub_seed0,/mnt/165d5ea0-c4bf-423a-a83b-e5fb727cf65f/lw/A/official_stub_p2/official_stub_problem2_solver_allcase_plans/case_081_3core.json,
case_081,4,ok,1.3730216026306152,151795.0,144300,1.051940401940402,4998526,,,,,,,,,,,,,4,1,,,,,,,official_random_stub_seed0,/mnt/165d5ea0-c4bf-423a-a83b-e5fb727cf65f/lw/A/official_stub_p2/official_stub_problem2_solver_allcase_plans/case_081_4core.json,
case_081,5,ok,1.4135420322418213,151795.0,145983,1.0398128549214634,5496788,,,,,,,,,,,,,5,1,,,,,,,official_random_stub_seed0,/mnt/165d5ea0-c4bf-423a-a83b-e5fb727cf65f/lw/A/official_stub_p2/official_stub_problem2_solver_allcase_plans/case_081_5core.json,
case_082,1,ok,2.75036883354187,721041,725587,0.9937347278823904,313866,,,,,,,,,,,,,1,1,,,,,,,official_random_stub_seed0,/mnt/165d5ea0-c4bf-423a-a83b-e5fb727cf65f/lw/A/official_stub_p2/official_stub_problem2_solver_allcase_plans/case_082_1core.json,
case_082,2,ok,0.9908859729766846,721041.0,698262,1.0326224253933338,2918342,,,,,,,,,,,,,2,1,,,,,,,official_random_stub_seed0,/mnt/165d5ea0-c4bf-423a-a83b-e5fb727cf65f/lw/A/official_stub_p2/official_stub_problem2_solver_allcase_plans/case_082_2core.json,
case_082,3,ok,1.0603137016296387,721041.0,724843,0.9947547261958797,4042442,,,,,,,,,,,,,3,1,,,,,,,official_random_stub_seed0,/mnt/165d5ea0-c4bf-423a-a83b-e5fb727cf65f/lw/A/official_stub_p2/official_stub_problem2_solver_allcase_plans/case_082_3core.json,
case_082,4,ok,1.1045808792114258,721041.0,715468,1.0077893071388238,4834030,,,,,,,,,,,,,4,1,,,,,,,official_random_stub_seed0,/mnt/165d5ea0-c4bf-423a-a83b-e5fb727cf65f/lw/A/official_stub_p2/official_stub_problem2_solver_allcase_plans/case_082_4core.json,
case_082,5,ok,1.1375453472137451,721041.0,701454,1.027923427623194,5487922,,,,,,,,,,,,,5,1,,,,,,,official_random_stub_seed0,/mnt/165d5ea0-c4bf-423a-a83b-e5fb727cf65f/lw/A/official_stub_p2/official_stub_problem2_solver_allcase_plans/case_082_5core.json,
case_083,1,ok,3.6294190883636475,1057993,862902,1.2260870875255823,2938368,,,,,,,,,,,,,1,1,,,,,,,official_random_stub_seed0,/mnt/165d5ea0-c4bf-423a-a83b-e5fb727cf65f/lw/A/official_stub_p2/official_stub_problem2_solver_allcase_plans/case_083_1core.json,
case_083,2,ok,0.9440715312957764,1057993.0,848483,1.2469230379394756,7679072,,,,,,,,,,,,,2,1,,,,,,,official_random_stub_seed0,/mnt/165d5ea0-c4bf-423a-a83b-e5fb727cf65f/lw/A/official_stub_p2/official_stub_problem2_solver_allcase_plans/case_083_2core.json,
case_083,3,ok,1.047084093093872,1057993.0,793176,1.3338691538826188,11744160,,,,,,,,,,,,,3,1,,,,,,,official_random_stub_seed0,/mnt/165d5ea0-c4bf-423a-a83b-e5fb727cf65f/lw/A/official_stub_p2/official_stub_problem2_solver_allcase_plans/case_083_3core.json,
case_083,4,ok,1.0565118789672852,1057993.0,816544,1.2956962515185955,12726784,,,,,,,,,,,,,4,1,,,,,,,official_random_stub_seed0,/mnt/165d5ea0-c4bf-423a-a83b-e5fb727cf65f/lw/A/official_stub_p2/official_stub_problem2_solver_allcase_plans/case_083_4core.json,
case_083,5,ok,1.0875067710876465,1057993.0,820215,1.2898971611101968,14018432,,,,,,,,,,,,,5,1,,,,,,,official_random_stub_seed0,/mnt/165d5ea0-c4bf-423a-a83b-e5fb727cf65f/lw/A/official_stub_p2/official_stub_problem2_solver_allcase_plans/case_083_5core.json,
case_084,1,ok,35.681363582611084,2507412,1962209,1.277851645772698,41274816,,,,,,,,,,,,,1,1,,,,,,,official_random_stub_seed0,/mnt/165d5ea0-c4bf-423a-a83b-e5fb727cf65f/lw/A/official_stub_p2/official_stub_problem2_solver_allcase_plans/case_084_1core.json,
case_084,2,ok,5.974584102630615,2507412.0,1690297,1.4834150448116514,47904384,,,,,,,,,,,,,2,1,,,,,,,official_random_stub_seed0,/mnt/165d5ea0-c4bf-423a-a83b-e5fb727cf65f/lw/A/official_stub_p2/official_stub_problem2_solver_allcase_plans/case_084_2core.json,
case_084,3,ok,6.167882680892944,2507412.0,1582701,1.5842613355270516,51550656,,,,,,,,,,,,,3,1,,,,,,,official_random_stub_seed0,/mnt/165d5ea0-c4bf-423a-a83b-e5fb727cf65f/lw/A/official_stub_p2/official_stub_problem2_solver_allcase_plans/case_084_3core.json,
case_084,4,ok,6.150190114974976,2507412.0,1495830,1.6762680251098052,52597248,,,,,,,,,,,,,4,1,,,,,,,official_random_stub_seed0,/mnt/165d5ea0-c4bf-423a-a83b-e5fb727cf65f/lw/A/official_stub_p2/official_stub_problem2_solver_allcase_plans/case_084_4core.json,
case_084,5,ok,6.12885046005249,2507412.0,1406091,1.783250159484699,54221952,,,,,,,,,,,,,5,1,,,,,,,official_random_stub_seed0,/mnt/165d5ea0-c4bf-423a-a83b-e5fb727cf65f/lw/A/official_stub_p2/official_stub_problem2_solver_allcase_plans/case_084_5core.json,
case_085,1,ok,73.94635891914368,3187899,3250345,0.9807878855936831,3390972,,,,,,,,,,,,,1,1,,,,,,,official_random_stub_seed0,/mnt/165d5ea0-c4bf-423a-a83b-e5fb727cf65f/lw/A/official_stub_p2/official_stub_problem2_solver_allcase_plans/case_085_1core.json,
case_085,2,ok,9.222218751907349,3187899.0,3226735,0.9879643044749569,16197092,,,,,,,,,,,,,2,1,,,,,,,official_random_stub_seed0,/mnt/165d5ea0-c4bf-423a-a83b-e5fb727cf65f/lw/A/official_stub_p2/official_stub_problem2_solver_allcase_plans/case_085_2core.json,
case_085,3,ok,9.997934103012085,3187899.0,3199059,0.9965114741553688,23460526,,,,,,,,,,,,,3,1,,,,,,,official_random_stub_seed0,/mnt/165d5ea0-c4bf-423a-a83b-e5fb727cf65f/lw/A/official_stub_p2/official_stub_problem2_solver_allcase_plans/case_085_3core.json,
case_085,4,ok,10.298197984695435,3187899.0,3139756,1.0153333571143746,26262064,,,,,,,,,,,,,4,1,,,,,,,official_random_stub_seed0,/mnt/165d5ea0-c4bf-423a-a83b-e5fb727cf65f/lw/A/official_stub_p2/official_stub_problem2_solver_allcase_plans/case_085_4core.json,
case_085,5,ok,10.608676671981812,3187899.0,3133219,1.0174517006312038,29953140,,,,,,,,,,,,,5,1,,,,,,,official_random_stub_seed0,/mnt/165d5ea0-c4bf-423a-a83b-e5fb727cf65f/lw/A/official_stub_p2/official_stub_problem2_solver_allcase_plans/case_085_5core.json,
case_086,1,ok,3.971069097518921,118403,121831,0.971862662212409,56454,,,,,,,,,,,,,1,1,,,,,,,official_random_stub_seed0,/mnt/165d5ea0-c4bf-423a-a83b-e5fb727cf65f/lw/A/official_stub_p2/official_stub_problem2_solver_allcase_plans/case_086_1core.json,
case_086,2,ok,1.6046113967895508,118403.0,137190,0.8630585319629711,2774820,,,,,,,,,,,,,2,1,,,,,,,official_random_stub_seed0,/mnt/165d5ea0-c4bf-423a-a83b-e5fb727cf65f/lw/A/official_stub_p2/official_stub_problem2_solver_allcase_plans/case_086_2core.json,
case_086,3,ok,1.5944304466247559,118403.0,144974,0.8167188599335053,3729386,,,,,,,,,,,,,3,1,,,,,,,official_random_stub_seed0,/mnt/165d5ea0-c4bf-423a-a83b-e5fb727cf65f/lw/A/official_stub_p2/official_stub_problem2_solver_allcase_plans/case_086_3core.json,
case_086,4,ok,1.6905722618103027,118403.0,145274,0.8150322838222944,4121710,,,,,,,,,,,,,4,1,,,,,,,official_random_stub_seed0,/mnt/165d5ea0-c4bf-423a-a83b-e5fb727cf65f/lw/A/official_stub_p2/official_stub_problem2_solver_allcase_plans/case_086_4core.json,
case_086,5,ok,1.6601085662841797,118403.0,151047,0.7838818381033718,4505682,,,,,,,,,,,,,5,1,,,,,,,official_random_stub_seed0,/mnt/165d5ea0-c4bf-423a-a83b-e5fb727cf65f/lw/A/official_stub_p2/official_stub_problem2_solver_allcase_plans/case_086_5core.json,
case_087,1,ok,199.84494876861572,3974071,4171878,0.9525856221107137,43093932,,,,,,,,,,,,,1,1,,,,,,,official_random_stub_seed0,/mnt/165d5ea0-c4bf-423a-a83b-e5fb727cf65f/lw/A/official_stub_p2/official_stub_problem2_solver_allcase_plans/case_087_1core.json,
case_087,2,ok,16.803749084472656,3974071.0,3439019,1.1555827403105363,62589000,,,,,,,,,,,,,2,1,,,,,,,official_random_stub_seed0,/mnt/165d5ea0-c4bf-423a-a83b-e5fb727cf65f/lw/A/official_stub_p2/official_stub_problem2_solver_allcase_plans/case_087_2core.json,
case_087,3,ok,17.16213583946228,3974071.0,3052871,1.3017487473266967,70336396,,,,,,,,,,,,,3,1,,,,,,,official_random_stub_seed0,/mnt/165d5ea0-c4bf-423a-a83b-e5fb727cf65f/lw/A/official_stub_p2/official_stub_problem2_solver_allcase_plans/case_087_3core.json,
case_087,4,ok,17.49032974243164,3974071.0,3034741,1.309525590486964,76864548,,,,,,,,,,,,,4,1,,,,,,,official_random_stub_seed0,/mnt/165d5ea0-c4bf-423a-a83b-e5fb727cf65f/lw/A/official_stub_p2/official_stub_problem2_solver_allcase_plans/case_087_4core.json,
case_087,5,ok,17.579559087753296,3974071.0,2947450,1.3483081986123597,79993640,,,,,,,,,,,,,5,1,,,,,,,official_random_stub_seed0,/mnt/165d5ea0-c4bf-423a-a83b-e5fb727cf65f/lw/A/official_stub_p2/official_stub_problem2_solver_allcase_plans/case_087_5core.json,
case_088,1,ok,1.6703152656555176,243623,242469,1.0047593713010736,264902,,,,,,,,,,,,,1,1,,,,,,,official_random_stub_seed0,/mnt/165d5ea0-c4bf-423a-a83b-e5fb727cf65f/lw/A/official_stub_p2/official_stub_problem2_solver_allcase_plans/case_088_1core.json,
case_088,2,ok,0.7889938354492188,243623.0,240225,1.0141450723280259,2233694,,,,,,,,,,,,,2,1,,,,,,,official_random_stub_seed0,/mnt/165d5ea0-c4bf-423a-a83b-e5fb727cf65f/lw/A/official_stub_p2/official_stub_problem2_solver_allcase_plans/case_088_2core.json,
case_088,3,ok,0.8175156116485596,243623.0,248055,0.9821329946987564,2650416,,,,,,,,,,,,,3,1,,,,,,,official_random_stub_seed0,/mnt/165d5ea0-c4bf-423a-a83b-e5fb727cf65f/lw/A/official_stub_p2/official_stub_problem2_solver_allcase_plans/case_088_3core.json,
case_088,4,ok,0.8390908241271973,243623.0,243239,1.00157869420611,3216638,,,,,,,,,,,,,4,1,,,,,,,official_random_stub_seed0,/mnt/165d5ea0-c4bf-423a-a83b-e5fb727cf65f/lw/A/official_stub_p2/official_stub_problem2_solver_allcase_plans/case_088_4core.json,
case_088,5,ok,0.863300085067749,243623.0,246524,0.9882323830539825,3111142,,,,,,,,,,,,,5,1,,,,,,,official_random_stub_seed0,/mnt/165d5ea0-c4bf-423a-a83b-e5fb727cf65f/lw/A/official_stub_p2/official_stub_problem2_solver_allcase_plans/case_088_5core.json,
case_089,1,ok,4.212899684906006,693092,642808,1.0782255354631554,20480,,,,,,,,,,,,,1,1,,,,,,,official_random_stub_seed0,/mnt/165d5ea0-c4bf-423a-a83b-e5fb727cf65f/lw/A/official_stub_p2/official_stub_problem2_solver_allcase_plans/case_089_1core.json,
case_089,2,ok,1.4086284637451172,693092.0,621137,1.1158440086486556,4797568,,,,,,,,,,,,,2,1,,,,,,,official_random_stub_seed0,/mnt/165d5ea0-c4bf-423a-a83b-e5fb727cf65f/lw/A/official_stub_p2/official_stub_problem2_solver_allcase_plans/case_089_2core.json,
case_089,3,ok,1.4760117530822754,693092.0,600929,1.1533675359318656,6305392,,,,,,,,,,,,,3,1,,,,,,,official_random_stub_seed0,/mnt/165d5ea0-c4bf-423a-a83b-e5fb727cf65f/lw/A/official_stub_p2/official_stub_problem2_solver_allcase_plans/case_089_3core.json,
case_089,4,ok,1.5124266147613525,693092.0,594456,1.1659264941391794,7785528,,,,,,,,,,,,,4,1,,,,,,,official_random_stub_seed0,/mnt/165d5ea0-c4bf-423a-a83b-e5fb727cf65f/lw/A/official_stub_p2/official_stub_problem2_solver_allcase_plans/case_089_4core.json,
case_089,5,ok,1.5125901699066162,693092.0,604983,1.1456388030738054,8273408,,,,,,,,,,,,,5,1,,,,,,,official_random_stub_seed0,/mnt/165d5ea0-c4bf-423a-a83b-e5fb727cf65f/lw/A/official_stub_p2/official_stub_problem2_solver_allcase_plans/case_089_5core.json,
case_090,1,ok,0.8904223442077637,1178363,986868,1.1940431749737555,12043968,,,,,,,,,,,,,1,1,,,,,,,official_random_stub_seed0,/mnt/165d5ea0-c4bf-423a-a83b-e5fb727cf65f/lw/A/official_stub_p2/official_stub_problem2_solver_allcase_plans/case_090_1core.json,
case_090,2,ok,0.34075307846069336,1178363.0,964821,1.2213281012747443,12364896,,,,,,,,,,,,,2,1,,,,,,,official_random_stub_seed0,/mnt/165d5ea0-c4bf-423a-a83b-e5fb727cf65f/lw/A/official_stub_p2/official_stub_problem2_solver_allcase_plans/case_090_2core.json,
case_090,3,ok,0.3220202922821045,1178363.0,981223,1.2009125346633742,14175096,,,,,,,,,,,,,3,1,,,,,,,official_random_stub_seed0,/mnt/165d5ea0-c4bf-423a-a83b-e5fb727cf65f/lw/A/official_stub_p2/official_stub_problem2_solver_allcase_plans/case_090_3core.json,
case_090,4,ok,0.33589982986450195,1178363.0,931505,1.2650098496519073,13474344,,,,,,,,,,,,,4,1,,,,,,,official_random_stub_seed0,/mnt/165d5ea0-c4bf-423a-a83b-e5fb727cf65f/lw/A/official_stub_p2/official_stub_problem2_solver_allcase_plans/case_090_4core.json,
case_090,5,ok,0.3300173282623291,1178363.0,903285,1.3045306852211649,13576824,,,,,,,,,,,,,5,1,,,,,,,official_random_stub_seed0,/mnt/165d5ea0-c4bf-423a-a83b-e5fb727cf65f/lw/A/official_stub_p2/official_stub_problem2_solver_allcase_plans/case_090_5core.json,
case_091,1,ok,560.4634077548981,9186769,10190360,0.9015156481223431,218694912,,,,,,,,,,,,,1,1,,,,,,,official_random_stub_seed0,/mnt/165d5ea0-c4bf-423a-a83b-e5fb727cf65f/lw/A/official_stub_p2/official_stub_problem2_solver_allcase_plans/case_091_1core.json,
case_091,2,ok,30.324044466018677,9186769.0,7055289,1.3021109411676828,223406940,,,,,,,,,,,,,2,1,,,,,,,official_random_stub_seed0,/mnt/165d5ea0-c4bf-423a-a83b-e5fb727cf65f/lw/A/official_stub_p2/official_stub_problem2_solver_allcase_plans/case_091_2core.json,
case_091,3,ok,27.630879878997803,9186769.0,5803365,1.5830072725048312,225855748,,,,,,,,,,,,,3,1,,,,,,,official_random_stub_seed0,/mnt/165d5ea0-c4bf-423a-a83b-e5fb727cf65f/lw/A/official_stub_p2/official_stub_problem2_solver_allcase_plans/case_091_3core.json,
case_091,4,ok,26.29350471496582,9186769.0,5374679,1.70926840468054,229834936,,,,,,,,,,,,,4,1,,,,,,,official_random_stub_seed0,/mnt/165d5ea0-c4bf-423a-a83b-e5fb727cf65f/lw/A/official_stub_p2/official_stub_problem2_solver_allcase_plans/case_091_4core.json,
case_091,5,ok,24.34871816635132,9186769.0,5225379,1.75810577567675,231652792,,,,,,,,,,,,,5,1,,,,,,,official_random_stub_seed0,/mnt/165d5ea0-c4bf-423a-a83b-e5fb727cf65f/lw/A/official_stub_p2/official_stub_problem2_solver_allcase_plans/case_091_5core.json,
case_092,1,ok,115.97382926940918,4815554,3878718,1.2415323826068303,42235552,,,,,,,,,,,,,1,1,,,,,,,official_random_stub_seed0,/mnt/165d5ea0-c4bf-423a-a83b-e5fb727cf65f/lw/A/official_stub_p2/official_stub_problem2_solver_allcase_plans/case_092_1core.json,
case_092,2,ok,10.641663074493408,4815554.0,3593436,1.3400973330261066,67323968,,,,,,,,,,,,,2,1,,,,,,,official_random_stub_seed0,/mnt/165d5ea0-c4bf-423a-a83b-e5fb727cf65f/lw/A/official_stub_p2/official_stub_problem2_solver_allcase_plans/case_092_2core.json,
case_092,3,ok,11.179991722106934,4815554.0,3405522,1.414042839834833,80755904,,,,,,,,,,,,,3,1,,,,,,,official_random_stub_seed0,/mnt/165d5ea0-c4bf-423a-a83b-e5fb727cf65f/lw/A/official_stub_p2/official_stub_problem2_solver_allcase_plans/case_092_3core.json,
case_092,4,ok,10.727894067764282,4815554.0,3292013,1.462799205227926,88936224,,,,,,,,,,,,,4,1,,,,,,,official_random_stub_seed0,/mnt/165d5ea0-c4bf-423a-a83b-e5fb727cf65f/lw/A/official_stub_p2/official_stub_problem2_solver_allcase_plans/case_092_4core.json,
case_092,5,ok,10.712947130203247,4815554.0,3206155,1.5019716763537634,95718784,,,,,,,,,,,,,5,1,,,,,,,official_random_stub_seed0,/mnt/165d5ea0-c4bf-423a-a83b-e5fb727cf65f/lw/A/official_stub_p2/official_stub_problem2_solver_allcase_plans/case_092_5core.json,
case_093,1,ok,0.22930121421813965,74205,78485,0.9454672867426896,0,,,,,,,,,,,,,1,1,,,,,,,official_random_stub_seed0,/mnt/165d5ea0-c4bf-423a-a83b-e5fb727cf65f/lw/A/official_stub_p2/official_stub_problem2_solver_allcase_plans/case_093_1core.json,
case_093,2,ok,0.17587757110595703,74205.0,66647,1.1134034540189355,786432,,,,,,,,,,,,,2,1,,,,,,,official_random_stub_seed0,/mnt/165d5ea0-c4bf-423a-a83b-e5fb727cf65f/lw/A/official_stub_p2/official_stub_problem2_solver_allcase_plans/case_093_2core.json,
case_093,3,ok,0.1659102439880371,74205.0,70215,1.0568254646443067,1093632,,,,,,,,,,,,,3,1,,,,,,,official_random_stub_seed0,/mnt/165d5ea0-c4bf-423a-a83b-e5fb727cf65f/lw/A/official_stub_p2/official_stub_problem2_solver_allcase_plans/case_093_3core.json,
case_093,4,ok,0.18501758575439453,74205.0,66453,1.1166538756715272,1040384,,,,,,,,,,,,,4,1,,,,,,,official_random_stub_seed0,/mnt/165d5ea0-c4bf-423a-a83b-e5fb727cf65f/lw/A/official_stub_p2/official_stub_problem2_solver_allcase_plans/case_093_4core.json,
case_093,5,ok,0.16806721687316895,74205.0,66453,1.1166538756715272,1040384,,,,,,,,,,,,,4,1,,,,,,,official_random_stub_seed0,/mnt/165d5ea0-c4bf-423a-a83b-e5fb727cf65f/lw/A/official_stub_p2/official_stub_problem2_solver_allcase_plans/case_093_5core.json,
case_094,1,ok,0.21261882781982422,94892,94778,1.0012028107788726,163840,,,,,,,,,,,,,1,1,,,,,,,official_random_stub_seed0,/mnt/165d5ea0-c4bf-423a-a83b-e5fb727cf65f/lw/A/official_stub_p2/official_stub_problem2_solver_allcase_plans/case_094_1core.json,
case_094,2,ok,0.15470576286315918,94892.0,89255,1.0631561257072433,1139692,,,,,,,,,,,,,2,1,,,,,,,official_random_stub_seed0,/mnt/165d5ea0-c4bf-423a-a83b-e5fb727cf65f/lw/A/official_stub_p2/official_stub_problem2_solver_allcase_plans/case_094_2core.json,
case_094,3,ok,0.1545395851135254,94892.0,90130,1.0528347941861755,1564604,,,,,,,,,,,,,3,1,,,,,,,official_random_stub_seed0,/mnt/165d5ea0-c4bf-423a-a83b-e5fb727cf65f/lw/A/official_stub_p2/official_stub_problem2_solver_allcase_plans/case_094_3core.json,
case_094,4,ok,0.15809988975524902,94892.0,88772,1.0689406569639075,1588844,,,,,,,,,,,,,4,1,,,,,,,official_random_stub_seed0,/mnt/165d5ea0-c4bf-423a-a83b-e5fb727cf65f/lw/A/official_stub_p2/official_stub_problem2_solver_allcase_plans/case_094_4core.json,
case_094,5,ok,0.1593611240386963,94892.0,89691,1.0579879809568407,1667000,,,,,,,,,,,,,5,1,,,,,,,official_random_stub_seed0,/mnt/165d5ea0-c4bf-423a-a83b-e5fb727cf65f/lw/A/official_stub_p2/official_stub_problem2_solver_allcase_plans/case_094_5core.json,
case_095,1,ok,6.264325857162476,2084853,2453014,0.849914839458723,79639680,,,,,,,,,,,,,1,1,,,,,,,official_random_stub_seed0,/mnt/165d5ea0-c4bf-423a-a83b-e5fb727cf65f/lw/A/official_stub_p2/official_stub_problem2_solver_allcase_plans/case_095_1core.json,
case_095,2,ok,2.088529586791992,2084853.0,2205066,0.9454832644465063,91069824,,,,,,,,,,,,,2,1,,,,,,,official_random_stub_seed0,/mnt/165d5ea0-c4bf-423a-a83b-e5fb727cf65f/lw/A/official_stub_p2/official_stub_problem2_solver_allcase_plans/case_095_2core.json,
case_095,3,ok,2.0820369720458984,2084853.0,2085687,0.9996001317551483,95428608,,,,,,,,,,,,,3,1,,,,,,,official_random_stub_seed0,/mnt/165d5ea0-c4bf-423a-a83b-e5fb727cf65f/lw/A/official_stub_p2/official_stub_problem2_solver_allcase_plans/case_095_3core.json,
case_095,4,ok,1.9853770732879639,2084853.0,2134476,0.9767516711361477,97953408,,,,,,,,,,,,,4,1,,,,,,,official_random_stub_seed0,/mnt/165d5ea0-c4bf-423a-a83b-e5fb727cf65f/lw/A/official_stub_p2/official_stub_problem2_solver_allcase_plans/case_095_4core.json,
case_095,5,ok,2.019057035446167,2084853.0,2113838,0.9862879747643859,97695360,,,,,,,,,,,,,5,1,,,,,,,official_random_stub_seed0,/mnt/165d5ea0-c4bf-423a-a83b-e5fb727cf65f/lw/A/official_stub_p2/official_stub_problem2_solver_allcase_plans/case_095_5core.json,
case_096,1,ok,0.3809370994567871,84194,78934,1.066637950692984,49228,,,,,,,,,,,,,1,1,,,,,,,official_random_stub_seed0,/mnt/165d5ea0-c4bf-423a-a83b-e5fb727cf65f/lw/A/official_stub_p2/official_stub_problem2_solver_allcase_plans/case_096_1core.json,
case_096,2,ok,0.23375248908996582,84194.0,76302,1.1034311027233887,1360468,,,,,,,,,,,,,2,1,,,,,,,official_random_stub_seed0,/mnt/165d5ea0-c4bf-423a-a83b-e5fb727cf65f/lw/A/official_stub_p2/official_stub_problem2_solver_allcase_plans/case_096_2core.json,
case_096,3,ok,0.2371501922607422,84194.0,73975,1.1381412639405204,1601352,,,,,,,,,,,,,3,1,,,,,,,official_random_stub_seed0,/mnt/165d5ea0-c4bf-423a-a83b-e5fb727cf65f/lw/A/official_stub_p2/official_stub_problem2_solver_allcase_plans/case_096_3core.json,
case_096,4,ok,0.2567563056945801,84194.0,74906,1.1239954075774972,1920480,,,,,,,,,,,,,4,1,,,,,,,official_random_stub_seed0,/mnt/165d5ea0-c4bf-423a-a83b-e5fb727cf65f/lw/A/official_stub_p2/official_stub_problem2_solver_allcase_plans/case_096_4core.json,
case_096,5,ok,0.2651805877685547,84194.0,69004,1.2201321662512319,1882340,,,,,,,,,,,,,5,1,,,,,,,official_random_stub_seed0,/mnt/165d5ea0-c4bf-423a-a83b-e5fb727cf65f/lw/A/official_stub_p2/official_stub_problem2_solver_allcase_plans/case_096_5core.json,
case_097,1,ok,17.039508819580078,11491509,11894904,0.966086737648324,108283904,,,,,,,,,,,,,1,1,,,,,,,official_random_stub_seed0,/mnt/165d5ea0-c4bf-423a-a83b-e5fb727cf65f/lw/A/official_stub_p2/official_stub_problem2_solver_allcase_plans/case_097_1core.json,
case_097,2,ok,3.689488410949707,11491509.0,8329912,1.3795474670080548,123654144,,,,,,,,,,,,,2,1,,,,,,,official_random_stub_seed0,/mnt/165d5ea0-c4bf-423a-a83b-e5fb727cf65f/lw/A/official_stub_p2/official_stub_problem2_solver_allcase_plans/case_097_2core.json,
case_097,3,ok,3.8213202953338623,11491509.0,5781122,1.9877644858558599,130363392,,,,,,,,,,,,,3,1,,,,,,,official_random_stub_seed0,/mnt/165d5ea0-c4bf-423a-a83b-e5fb727cf65f/lw/A/official_stub_p2/official_stub_problem2_solver_allcase_plans/case_097_3core.json,
case_097,4,ok,3.891768217086792,11491509.0,6326210,1.8164918647974064,134096896,,,,,,,,,,,,,4,1,,,,,,,official_random_stub_seed0,/mnt/165d5ea0-c4bf-423a-a83b-e5fb727cf65f/lw/A/official_stub_p2/official_stub_problem2_solver_allcase_plans/case_097_4core.json,
case_097,5,ok,3.7948453426361084,11491509.0,5032209,2.2835913611696177,135987200,,,,,,,,,,,,,5,1,,,,,,,official_random_stub_seed0,/mnt/165d5ea0-c4bf-423a-a83b-e5fb727cf65f/lw/A/official_stub_p2/official_stub_problem2_solver_allcase_plans/case_097_5core.json,
case_098,1,ok,0.5199213027954102,177430,184750,0.9603788903924222,2478788,,,,,,,,,,,,,1,1,,,,,,,official_random_stub_seed0,/mnt/165d5ea0-c4bf-423a-a83b-e5fb727cf65f/lw/A/official_stub_p2/official_stub_problem2_solver_allcase_plans/case_098_1core.json,
case_098,2,ok,0.28520750999450684,177430.0,181133,0.9795564585139097,3971950,,,,,,,,,,,,,2,1,,,,,,,official_random_stub_seed0,/mnt/165d5ea0-c4bf-423a-a83b-e5fb727cf65f/lw/A/official_stub_p2/official_stub_problem2_solver_allcase_plans/case_098_2core.json,
case_098,3,ok,0.29306840896606445,177430.0,179864,0.9864675532624649,4452946,,,,,,,,,,,,,3,1,,,,,,,official_random_stub_seed0,/mnt/165d5ea0-c4bf-423a-a83b-e5fb727cf65f/lw/A/official_stub_p2/official_stub_problem2_solver_allcase_plans/case_098_3core.json,
case_098,4,ok,0.318403959274292,177430.0,171847,1.0324882017143155,5220340,,,,,,,,,,,,,4,1,,,,,,,official_random_stub_seed0,/mnt/165d5ea0-c4bf-423a-a83b-e5fb727cf65f/lw/A/official_stub_p2/official_stub_problem2_solver_allcase_plans/case_098_4core.json,
case_098,5,ok,0.32421278953552246,177430.0,168540,1.052747122344844,5566568,,,,,,,,,,,,,5,1,,,,,,,official_random_stub_seed0,/mnt/165d5ea0-c4bf-423a-a83b-e5fb727cf65f/lw/A/official_stub_p2/official_stub_problem2_solver_allcase_plans/case_098_5core.json,
case_099,1,ok,12.113925218582153,1622999,1704624,0.9521155398492571,21587712,,,,,,,,,,,,,1,1,,,,,,,official_random_stub_seed0,/mnt/165d5ea0-c4bf-423a-a83b-e5fb727cf65f/lw/A/official_stub_p2/official_stub_problem2_solver_allcase_plans/case_099_1core.json,
case_099,2,ok,3.2394776344299316,1622999.0,1288217,1.2598801288913282,25282036,,,,,,,,,,,,,2,1,,,,,,,official_random_stub_seed0,/mnt/165d5ea0-c4bf-423a-a83b-e5fb727cf65f/lw/A/official_stub_p2/official_stub_problem2_solver_allcase_plans/case_099_2core.json,
case_099,3,ok,3.238112211227417,1622999.0,1193606,1.3597443377462914,26915120,,,,,,,,,,,,,3,1,,,,,,,official_random_stub_seed0,/mnt/165d5ea0-c4bf-423a-a83b-e5fb727cf65f/lw/A/official_stub_p2/official_stub_problem2_solver_allcase_plans/case_099_3core.json,
case_099,4,ok,3.3450727462768555,1622999.0,920283,1.7635868531745127,28385340,,,,,,,,,,,,,4,1,,,,,,,official_random_stub_seed0,/mnt/165d5ea0-c4bf-423a-a83b-e5fb727cf65f/lw/A/official_stub_p2/official_stub_problem2_solver_allcase_plans/case_099_4core.json,
case_099,5,ok,3.2679293155670166,1622999.0,982230,1.6523614632010832,28756384,,,,,,,,,,,,,5,1,,,,,,,official_random_stub_seed0,/mnt/165d5ea0-c4bf-423a-a83b-e5fb727cf65f/lw/A/official_stub_p2/official_stub_problem2_solver_allcase_plans/case_099_5core.json,
case_100,1,ok,0.5471372604370117,151223,145510,1.0392619063981856,924028,,,,,,,,,,,,,1,1,,,,,,,official_random_stub_seed0,/mnt/165d5ea0-c4bf-423a-a83b-e5fb727cf65f/lw/A/official_stub_p2/official_stub_problem2_solver_allcase_plans/case_100_1core.json,
case_100,2,ok,0.29941725730895996,151223.0,148383,1.0191396588557988,2296604,,,,,,,,,,,,,2,1,,,,,,,official_random_stub_seed0,/mnt/165d5ea0-c4bf-423a-a83b-e5fb727cf65f/lw/A/official_stub_p2/official_stub_problem2_solver_allcase_plans/case_100_2core.json,
case_100,3,ok,0.3366363048553467,151223.0,146040,1.035490276636538,3110842,,,,,,,,,,,,,3,1,,,,,,,official_random_stub_seed0,/mnt/165d5ea0-c4bf-423a-a83b-e5fb727cf65f/lw/A/official_stub_p2/official_stub_problem2_solver_allcase_plans/case_100_3core.json,
case_100,4,ok,0.3616459369659424,151223.0,152991,0.9884437646658953,3793364,,,,,,,,,,,,,4,1,,,,,,,official_random_stub_seed0,/mnt/165d5ea0-c4bf-423a-a83b-e5fb727cf65f/lw/A/official_stub_p2/official_stub_problem2_solver_allcase_plans/case_100_4core.json,
case_100,5,ok,0.39260125160217285,151223.0,144143,1.049117889873251,4098478,,,,,,,,,,,,,5,1,,,,,,,official_random_stub_seed0,/mnt/165d5ea0-c4bf-423a-a83b-e5fb727cf65f/lw/A/official_stub_p2/official_stub_problem2_solver_allcase_plans/case_100_5core.json,
