case,cores,status,seconds,single,makespan,speedup,added_copy_bytes,hit_rate_bytes,hit_rate_accesses,hit_bytes,miss_bytes,compulsory_miss,overlap_miss,capacity_miss,oversize_miss,problem2_plan_makespan_with_cache,regressed_vs_problem2_plan,cache_capacity_bytes,cache_bandwidth_bytes_per_cycle,used_cores,official_evaluations,search_seconds,origin,budget_factor,reuse_fraction,ddr_utilization,refine_cycles,selected,plan,error
case_001,1,ok,1.9927496910095215,233110,233110,1.0,0,,,,,,,,,,,,,1,1,,,,,,,seed_plan,/mnt/165d5ea0-c4bf-423a-a83b-e5fb727cf65f/lw/A/V14_cluster_all/V14_cluster_allcase_plans/case_001_1core.json,
case_001,2,ok,0.18576335906982422,233110,116868,1.9946435294520313,1152,,,,,,,,,,,,,2,1,,,,,,,seed_plan,/mnt/165d5ea0-c4bf-423a-a83b-e5fb727cf65f/lw/A/V14_cluster_all/V14_cluster_allcase_plans/case_001_2core.json,
case_001,3,ok,0.17910432815551758,233110,78545,2.9678528232223567,2304,,,,,,,,,,,,,3,1,,,,,,,seed_plan,/mnt/165d5ea0-c4bf-423a-a83b-e5fb727cf65f/lw/A/V14_cluster_all/V14_cluster_allcase_plans/case_001_3core.json,
case_001,4,ok,0.1596078872680664,233110,58984,3.952088702020887,3456,,,,,,,,,,,,,4,1,,,,,,,seed_plan,/mnt/165d5ea0-c4bf-423a-a83b-e5fb727cf65f/lw/A/V14_cluster_all/V14_cluster_allcase_plans/case_001_4core.json,
case_001,5,ok,0.15648818016052246,233110,47502,4.9073723211654245,4608,,,,,,,,,,,,,5,1,,,,,,,seed_plan,/mnt/165d5ea0-c4bf-423a-a83b-e5fb727cf65f/lw/A/V14_cluster_all/V14_cluster_allcase_plans/case_001_5core.json,
case_002,1,ok,10.525058031082153,261945,261945,1.0,0,,,,,,,,,,,,,1,1,,,,,,,seed_plan,/mnt/165d5ea0-c4bf-423a-a83b-e5fb727cf65f/lw/A/V14_cluster_all/V14_cluster_allcase_plans/case_002_1core.json,
case_002,2,ok,0.41304731369018555,261945,138549,1.890630751575255,608256,,,,,,,,,,,,,2,1,,,,,,,seed_plan,/mnt/165d5ea0-c4bf-423a-a83b-e5fb727cf65f/lw/A/V14_cluster_all/V14_cluster_allcase_plans/case_002_2core.json,
case_002,3,ok,0.414811372756958,261945,94580,2.7695601607105096,608256,,,,,,,,,,,,,3,1,,,,,,,seed_plan,/mnt/165d5ea0-c4bf-423a-a83b-e5fb727cf65f/lw/A/V14_cluster_all/V14_cluster_allcase_plans/case_002_3core.json,
case_002,4,ok,0.40307068824768066,261945,74231,3.5287817758079507,608256,,,,,,,,,,,,,4,1,,,,,,,seed_plan,/mnt/165d5ea0-c4bf-423a-a83b-e5fb727cf65f/lw/A/V14_cluster_all/V14_cluster_allcase_plans/case_002_4core.json,
case_002,5,ok,0.3989849090576172,261945,60598,4.322667414766164,608256,,,,,,,,,,,,,5,1,,,,,,,seed_plan,/mnt/165d5ea0-c4bf-423a-a83b-e5fb727cf65f/lw/A/V14_cluster_all/V14_cluster_allcase_plans/case_002_5core.json,
case_003,1,ok,424.0938744544983,602212,602212,1.0,0,,,,,,,,,,,,,1,1,,,,,,,seed_plan,/mnt/165d5ea0-c4bf-423a-a83b-e5fb727cf65f/lw/A/V14_cluster_all/V14_cluster_allcase_plans/case_003_1core.json,
case_003,2,ok,5.357322931289673,602212,371987,1.6189060370389288,7819412,,,,,,,,,,,,,2,1,,,,,,,seed_plan,/mnt/165d5ea0-c4bf-423a-a83b-e5fb727cf65f/lw/A/V14_cluster_all/V14_cluster_allcase_plans/case_003_2core.json,
case_003,3,ok,5.438554763793945,602212,261921,2.2992123579247177,7597876,,,,,,,,,,,,,3,1,,,,,,,seed_plan,/mnt/165d5ea0-c4bf-423a-a83b-e5fb727cf65f/lw/A/V14_cluster_all/V14_cluster_allcase_plans/case_003_3core.json,
case_003,4,ok,5.499067068099976,602212,214613,2.806036912954947,7597876,,,,,,,,,,,,,4,1,,,,,,,seed_plan,/mnt/165d5ea0-c4bf-423a-a83b-e5fb727cf65f/lw/A/V14_cluster_all/V14_cluster_allcase_plans/case_003_4core.json,
case_003,5,ok,5.775149822235107,602212,186695,3.225646107287287,7597876,,,,,,,,,,,,,5,1,,,,,,,seed_plan,/mnt/165d5ea0-c4bf-423a-a83b-e5fb727cf65f/lw/A/V14_cluster_all/V14_cluster_allcase_plans/case_003_5core.json,
case_004,1,ok,2.7308387756347656,392357,392357,1.0,0,,,,,,,,,,,,,1,1,,,,,,,seed_plan,/mnt/165d5ea0-c4bf-423a-a83b-e5fb727cf65f/lw/A/V14_cluster_all/V14_cluster_allcase_plans/case_004_1core.json,
case_004,2,ok,0.19408845901489258,392357,199074,1.9709103147573264,110592,,,,,,,,,,,,,2,1,,,,,,,seed_plan,/mnt/165d5ea0-c4bf-423a-a83b-e5fb727cf65f/lw/A/V14_cluster_all/V14_cluster_allcase_plans/case_004_2core.json,
case_004,3,ok,0.20745015144348145,392357,134043,2.927098020784375,221184,,,,,,,,,,,,,3,1,,,,,,,seed_plan,/mnt/165d5ea0-c4bf-423a-a83b-e5fb727cf65f/lw/A/V14_cluster_all/V14_cluster_allcase_plans/case_004_3core.json,
case_004,4,ok,0.19701862335205078,392357,104188,3.765855952700887,331776,,,,,,,,,,,,,4,1,,,,,,,seed_plan,/mnt/165d5ea0-c4bf-423a-a83b-e5fb727cf65f/lw/A/V14_cluster_all/V14_cluster_allcase_plans/case_004_4core.json,
case_004,5,ok,0.16205692291259766,392357,88341,4.441391879195391,442368,,,,,,,,,,,,,5,1,,,,,,,seed_plan,/mnt/165d5ea0-c4bf-423a-a83b-e5fb727cf65f/lw/A/V14_cluster_all/V14_cluster_allcase_plans/case_004_5core.json,
case_005,1,ok,61.894160985946655,95618,95618,1.0,0,,,,,,,,,,,,,1,1,,,,,,,seed_plan,/mnt/165d5ea0-c4bf-423a-a83b-e5fb727cf65f/lw/A/V14_cluster_all/V14_cluster_allcase_plans/case_005_1core.json,
case_005,2,ok,3.244356870651245,95618,73246,1.305436474346722,2042150,,,,,,,,,,,,,2,3,,,,,,,seed_plan,/mnt/165d5ea0-c4bf-423a-a83b-e5fb727cf65f/lw/A/V14_cluster_all/V14_cluster_allcase_plans/case_005_2core.json,
case_005,3,ok,3.289242744445801,95618,58418,1.6367900304700607,2042150,,,,,,,,,,,,,3,3,,,,,,,seed_plan,/mnt/165d5ea0-c4bf-423a-a83b-e5fb727cf65f/lw/A/V14_cluster_all/V14_cluster_allcase_plans/case_005_3core.json,
case_005,4,ok,2.412726879119873,95618,50485,1.893988313360404,2042150,,,,,,,,,,,,,4,2,,,,,,,seed_plan,/mnt/165d5ea0-c4bf-423a-a83b-e5fb727cf65f/lw/A/V14_cluster_all/V14_cluster_allcase_plans/case_005_4core.json,
case_005,5,ok,3.5129897594451904,95618,49976,1.9132783736193373,2028130,,,,,,,,,,,,,5,3,,,,,,,v14_communication,/mnt/165d5ea0-c4bf-423a-a83b-e5fb727cf65f/lw/A/V14_cluster_all/V14_cluster_allcase_plans/case_005_5core.json,
case_006,1,ok,4.349173307418823,82837,82837,1.0,16400,,,,,,,,,,,,,1,1,,,,,,,seed_plan,/mnt/165d5ea0-c4bf-423a-a83b-e5fb727cf65f/lw/A/V14_cluster_all/V14_cluster_allcase_plans/case_006_1core.json,
case_006,2,ok,0.25951480865478516,82837,42131,1.966176924354988,91264,,,,,,,,,,,,,2,2,,,,,,,seed_plan,/mnt/165d5ea0-c4bf-423a-a83b-e5fb727cf65f/lw/A/V14_cluster_all/V14_cluster_allcase_plans/case_006_2core.json,
case_006,3,ok,0.27675771713256836,82837,29395,2.81806429664909,222344,,,,,,,,,,,,,3,2,,,,,,,seed_plan,/mnt/165d5ea0-c4bf-423a-a83b-e5fb727cf65f/lw/A/V14_cluster_all/V14_cluster_allcase_plans/case_006_3core.json,
case_006,4,ok,0.28455066680908203,82837,23834,3.4755811026264998,271500,,,,,,,,,,,,,4,2,,,,,,,seed_plan,/mnt/165d5ea0-c4bf-423a-a83b-e5fb727cf65f/lw/A/V14_cluster_all/V14_cluster_allcase_plans/case_006_4core.json,
case_006,5,ok,0.2858572006225586,82837,24019,3.448811357675174,271516,,,,,,,,,,,,,5,2,,,,,,,seed_plan,/mnt/165d5ea0-c4bf-423a-a83b-e5fb727cf65f/lw/A/V14_cluster_all/V14_cluster_allcase_plans/case_006_5core.json,
case_007,1,ok,26.046697854995728,1012562,1012562,1.0,0,,,,,,,,,,,,,1,1,,,,,,,seed_plan,/mnt/165d5ea0-c4bf-423a-a83b-e5fb727cf65f/lw/A/V14_cluster_all/V14_cluster_allcase_plans/case_007_1core.json,
case_007,2,ok,1.9242019653320312,1012562,507494,1.9952196479170197,27648,,,,,,,,,,,,,2,1,,,,,,,seed_plan,/mnt/165d5ea0-c4bf-423a-a83b-e5fb727cf65f/lw/A/V14_cluster_all/V14_cluster_allcase_plans/case_007_2core.json,
case_007,3,ok,1.1734144687652588,1012562,338094,2.994912657426633,55296,,,,,,,,,,,,,3,1,,,,,,,seed_plan,/mnt/165d5ea0-c4bf-423a-a83b-e5fb727cf65f/lw/A/V14_cluster_all/V14_cluster_allcase_plans/case_007_3core.json,
case_007,4,ok,0.9940462112426758,1012562,254398,3.980227831979811,82944,,,,,,,,,,,,,4,1,,,,,,,seed_plan,/mnt/165d5ea0-c4bf-423a-a83b-e5fb727cf65f/lw/A/V14_cluster_all/V14_cluster_allcase_plans/case_007_4core.json,
case_007,5,ok,0.896683931350708,1012562,203834,4.967581463347626,110592,,,,,,,,,,,,,5,1,,,,,,,seed_plan,/mnt/165d5ea0-c4bf-423a-a83b-e5fb727cf65f/lw/A/V14_cluster_all/V14_cluster_allcase_plans/case_007_5core.json,
case_008,1,ok,4.250702142715454,487605,456928,1.067137492121297,11123712,,,,,,,,,,,,,1,2,,,,,,,v14_conservative,/mnt/165d5ea0-c4bf-423a-a83b-e5fb727cf65f/lw/A/V14_cluster_all/V14_cluster_allcase_plans/case_008_1core.json,
case_008,2,ok,0.2824971675872803,487605,244266,1.9962049568912579,0,,,,,,,,,,,,,2,1,,,,,,,seed_plan,/mnt/165d5ea0-c4bf-423a-a83b-e5fb727cf65f/lw/A/V14_cluster_all/V14_cluster_allcase_plans/case_008_2core.json,
case_008,3,ok,0.24836969375610352,487605,163359,2.984867684057811,0,,,,,,,,,,,,,3,1,,,,,,,seed_plan,/mnt/165d5ea0-c4bf-423a-a83b-e5fb727cf65f/lw/A/V14_cluster_all/V14_cluster_allcase_plans/case_008_3core.json,
case_008,4,ok,0.23150634765625,487605,123060,3.962335446123842,0,,,,,,,,,,,,,4,1,,,,,,,seed_plan,/mnt/165d5ea0-c4bf-423a-a83b-e5fb727cf65f/lw/A/V14_cluster_all/V14_cluster_allcase_plans/case_008_4core.json,
case_008,5,ok,0.22424530982971191,487605,100603,4.846823653370178,0,,,,,,,,,,,,,5,1,,,,,,,seed_plan,/mnt/165d5ea0-c4bf-423a-a83b-e5fb727cf65f/lw/A/V14_cluster_all/V14_cluster_allcase_plans/case_008_5core.json,
case_009,1,ok,125.10257172584534,153261,153261,1.0,0,,,,,,,,,,,,,1,1,,,,,,,seed_plan,/mnt/165d5ea0-c4bf-423a-a83b-e5fb727cf65f/lw/A/V14_cluster_all/V14_cluster_allcase_plans/case_009_1core.json,
case_009,2,ok,4.4039435386657715,153261,92198,1.66230286991041,0,,,,,,,,,,,,,2,1,,,,,,,seed_plan,/mnt/165d5ea0-c4bf-423a-a83b-e5fb727cf65f/lw/A/V14_cluster_all/V14_cluster_allcase_plans/case_009_2core.json,
case_009,3,ok,3.330594778060913,153261,65962,2.323474121463873,961350,,,,,,,,,,,,,3,3,,,,,,,seed_plan,/mnt/165d5ea0-c4bf-423a-a83b-e5fb727cf65f/lw/A/V14_cluster_all/V14_cluster_allcase_plans/case_009_3core.json,
case_009,4,ok,3.498584032058716,153261,55640,2.754511143062545,961350,,,,,,,,,,,,,4,3,,,,,,,seed_plan,/mnt/165d5ea0-c4bf-423a-a83b-e5fb727cf65f/lw/A/V14_cluster_all/V14_cluster_allcase_plans/case_009_4core.json,
case_009,5,ok,3.6732544898986816,153261,48343,3.170283184742362,961350,,,,,,,,,,,,,5,3,,,,,,,seed_plan,/mnt/165d5ea0-c4bf-423a-a83b-e5fb727cf65f/lw/A/V14_cluster_all/V14_cluster_allcase_plans/case_009_5core.json,
case_010,1,ok,3.957078695297241,86969,86969,1.0,0,,,,,,,,,,,,,1,1,,,,,,,seed_plan,/mnt/165d5ea0-c4bf-423a-a83b-e5fb727cf65f/lw/A/V14_cluster_all/V14_cluster_allcase_plans/case_010_1core.json,
case_010,2,ok,0.185805082321167,86969,45272,1.9210328679978794,48384,,,,,,,,,,,,,2,1,,,,,,,seed_plan,/mnt/165d5ea0-c4bf-423a-a83b-e5fb727cf65f/lw/A/V14_cluster_all/V14_cluster_allcase_plans/case_010_2core.json,
case_010,3,ok,0.20601367950439453,86969,30856,2.8185442053409386,48384,,,,,,,,,,,,,3,1,,,,,,,seed_plan,/mnt/165d5ea0-c4bf-423a-a83b-e5fb727cf65f/lw/A/V14_cluster_all/V14_cluster_allcase_plans/case_010_3core.json,
case_010,4,ok,0.2645883560180664,86969,26214,3.317654688334478,528392,,,,,,,,,,,,,4,2,,,,,,,seed_plan,/mnt/165d5ea0-c4bf-423a-a83b-e5fb727cf65f/lw/A/V14_cluster_all/V14_cluster_allcase_plans/case_010_4core.json,
case_010,5,ok,0.4432790279388428,86969,24978,3.4818240051245097,556150,,,,,,,,,,,,,5,3,,,,,,,seed_plan,/mnt/165d5ea0-c4bf-423a-a83b-e5fb727cf65f/lw/A/V14_cluster_all/V14_cluster_allcase_plans/case_010_5core.json,
case_011,1,ok,3.1656172275543213,184697,184697,1.0,0,,,,,,,,,,,,,1,1,,,,,,,seed_plan,/mnt/165d5ea0-c4bf-423a-a83b-e5fb727cf65f/lw/A/V14_cluster_all/V14_cluster_allcase_plans/case_011_1core.json,
case_011,2,ok,0.19423747062683105,184697,92646,1.9935777043801135,180224,,,,,,,,,,,,,2,1,,,,,,,seed_plan,/mnt/165d5ea0-c4bf-423a-a83b-e5fb727cf65f/lw/A/V14_cluster_all/V14_cluster_allcase_plans/case_011_2core.json,
case_011,3,ok,0.34679198265075684,184697,68138,2.710631365757727,1343488,,,,,,,,,,,,,3,2,,,,,,,v14_conservative,/mnt/165d5ea0-c4bf-423a-a83b-e5fb727cf65f/lw/A/V14_cluster_all/V14_cluster_allcase_plans/case_011_3core.json,
case_011,4,ok,0.17960786819458008,184697,46880,3.9397824232081913,540672,,,,,,,,,,,,,4,1,,,,,,,seed_plan,/mnt/165d5ea0-c4bf-423a-a83b-e5fb727cf65f/lw/A/V14_cluster_all/V14_cluster_allcase_plans/case_011_4core.json,
case_011,5,ok,0.3491654396057129,184697,42962,4.2990782552022715,1343488,,,,,,,,,,,,,5,2,,,,,,,v14_conservative,/mnt/165d5ea0-c4bf-423a-a83b-e5fb727cf65f/lw/A/V14_cluster_all/V14_cluster_allcase_plans/case_011_5core.json,
case_012,1,ok,7.236306190490723,59088,59088,1.0,0,,,,,,,,,,,,,1,1,,,,,,,seed_plan,/mnt/165d5ea0-c4bf-423a-a83b-e5fb727cf65f/lw/A/V14_cluster_all/V14_cluster_allcase_plans/case_012_1core.json,
case_012,2,ok,0.30136609077453613,59088,30094,1.9634478633614674,28800,,,,,,,,,,,,,2,1,,,,,,,seed_plan,/mnt/165d5ea0-c4bf-423a-a83b-e5fb727cf65f/lw/A/V14_cluster_all/V14_cluster_allcase_plans/case_012_2core.json,
case_012,3,ok,0.2794160842895508,59088,20084,2.942043417645887,29376,,,,,,,,,,,,,3,1,,,,,,,seed_plan,/mnt/165d5ea0-c4bf-423a-a83b-e5fb727cf65f/lw/A/V14_cluster_all/V14_cluster_allcase_plans/case_012_3core.json,
case_012,4,ok,0.21940946578979492,59088,17021,3.471476411491687,84096,,,,,,,,,,,,,4,1,,,,,,,seed_plan,/mnt/165d5ea0-c4bf-423a-a83b-e5fb727cf65f/lw/A/V14_cluster_all/V14_cluster_allcase_plans/case_012_4core.json,
case_012,5,ok,0.29288196563720703,59088,14300,4.132027972027972,49536,,,,,,,,,,,,,5,1,,,,,,,seed_plan,/mnt/165d5ea0-c4bf-423a-a83b-e5fb727cf65f/lw/A/V14_cluster_all/V14_cluster_allcase_plans/case_012_5core.json,
case_013,1,ok,14.169948101043701,263949,263949,1.0,0,,,,,,,,,,,,,1,1,,,,,,,seed_plan,/mnt/165d5ea0-c4bf-423a-a83b-e5fb727cf65f/lw/A/V14_cluster_all/V14_cluster_allcase_plans/case_013_1core.json,
case_013,2,ok,0.6949355602264404,263949,132198,1.9966187083011846,8192,,,,,,,,,,,,,2,1,,,,,,,seed_plan,/mnt/165d5ea0-c4bf-423a-a83b-e5fb727cf65f/lw/A/V14_cluster_all/V14_cluster_allcase_plans/case_013_2core.json,
case_013,3,ok,0.5719985961914062,263949,88351,2.98750438591527,16384,,,,,,,,,,,,,3,1,,,,,,,seed_plan,/mnt/165d5ea0-c4bf-423a-a83b-e5fb727cf65f/lw/A/V14_cluster_all/V14_cluster_allcase_plans/case_013_3core.json,
case_013,4,ok,0.513073205947876,263949,66982,3.9405959810098237,24576,,,,,,,,,,,,,4,1,,,,,,,seed_plan,/mnt/165d5ea0-c4bf-423a-a83b-e5fb727cf65f/lw/A/V14_cluster_all/V14_cluster_allcase_plans/case_013_4core.json,
case_013,5,ok,0.48316216468811035,263949,54363,4.855305998565201,32768,,,,,,,,,,,,,5,1,,,,,,,seed_plan,/mnt/165d5ea0-c4bf-423a-a83b-e5fb727cf65f/lw/A/V14_cluster_all/V14_cluster_allcase_plans/case_013_5core.json,
case_014,1,ok,2376.8351192474365,17698626,17358098,1.0196178175742527,124052664,,,,,,,,,,,,,1,1,,,,,,,seed_plan,/mnt/165d5ea0-c4bf-423a-a83b-e5fb727cf65f/lw/A/V14_cluster_all/V14_cluster_allcase_plans/case_014_1core.json,
case_014,2,ok,33.13631248474121,17698626,8714185,2.031013342039445,124052664,,,,,,,,,,,,,2,1,,,,,,,seed_plan,/mnt/165d5ea0-c4bf-423a-a83b-e5fb727cf65f/lw/A/V14_cluster_all/V14_cluster_allcase_plans/case_014_2core.json,
case_014,3,ok,46.81054425239563,17698626,5826073,3.037831142864156,125782968,,,,,,,,,,,,,3,1,,,,,,,seed_plan,/mnt/165d5ea0-c4bf-423a-a83b-e5fb727cf65f/lw/A/V14_cluster_all/V14_cluster_allcase_plans/case_014_3core.json,
case_014,4,ok,39.9016535282135,17698626,4479067,3.9514090769349957,139665340,,,,,,,,,,,,,4,1,,,,,,,seed_plan,/mnt/165d5ea0-c4bf-423a-a83b-e5fb727cf65f/lw/A/V14_cluster_all/V14_cluster_allcase_plans/case_014_4core.json,
case_014,5,ok,48.62327218055725,17698626,3625533,4.881661813587133,139665340,,,,,,,,,,,,,5,1,,,,,,,seed_plan,/mnt/165d5ea0-c4bf-423a-a83b-e5fb727cf65f/lw/A/V14_cluster_all/V14_cluster_allcase_plans/case_014_5core.json,
case_015,1,ok,7.4878387451171875,177362,177362,1.0,180256,,,,,,,,,,,,,1,1,,,,,,,seed_plan,/mnt/165d5ea0-c4bf-423a-a83b-e5fb727cf65f/lw/A/V14_cluster_all/V14_cluster_allcase_plans/case_015_1core.json,
case_015,2,ok,0.392683744430542,177362,90823,1.9528313312707133,897024,,,,,,,,,,,,,2,2,,,,,,,seed_plan,/mnt/165d5ea0-c4bf-423a-a83b-e5fb727cf65f/lw/A/V14_cluster_all/V14_cluster_allcase_plans/case_015_2core.json,
case_015,3,ok,0.2888669967651367,177362,60807,2.916802341835644,306448,,,,,,,,,,,,,3,1,,,,,,,seed_plan,/mnt/165d5ea0-c4bf-423a-a83b-e5fb727cf65f/lw/A/V14_cluster_all/V14_cluster_allcase_plans/case_015_3core.json,
case_015,4,ok,0.3924405574798584,177362,47971,3.6972754372433343,897024,,,,,,,,,,,,,4,2,,,,,,,seed_plan,/mnt/165d5ea0-c4bf-423a-a83b-e5fb727cf65f/lw/A/V14_cluster_all/V14_cluster_allcase_plans/case_015_4core.json,
case_015,5,ok,0.40755200386047363,177362,42141,4.20877530196246,823296,,,,,,,,,,,,,5,2,,,,,,,seed_plan,/mnt/165d5ea0-c4bf-423a-a83b-e5fb727cf65f/lw/A/V14_cluster_all/V14_cluster_allcase_plans/case_015_5core.json,
case_016,1,ok,512.1065199375153,7715523,7715523,1.0,0,,,,,,,,,,,,,1,1,,,,,,,seed_plan,/mnt/165d5ea0-c4bf-423a-a83b-e5fb727cf65f/lw/A/V14_cluster_all/V14_cluster_allcase_plans/case_016_1core.json,
case_016,2,ok,50.671067237854004,7715523,5187530,1.4873211335645289,119569976,,,,,,,,,,,,,2,1,,,,,,,seed_plan,/mnt/165d5ea0-c4bf-423a-a83b-e5fb727cf65f/lw/A/V14_cluster_all/V14_cluster_allcase_plans/case_016_2core.json,
case_016,3,ok,52.674850940704346,7715523,4034783,1.9122522822169123,119571192,,,,,,,,,,,,,3,1,,,,,,,seed_plan,/mnt/165d5ea0-c4bf-423a-a83b-e5fb727cf65f/lw/A/V14_cluster_all/V14_cluster_allcase_plans/case_016_3core.json,
case_016,4,ok,42.12289381027222,7715523,3740482,2.0627082285117266,119569976,,,,,,,,,,,,,4,1,,,,,,,seed_plan,/mnt/165d5ea0-c4bf-423a-a83b-e5fb727cf65f/lw/A/V14_cluster_all/V14_cluster_allcase_plans/case_016_4core.json,
case_016,5,ok,39.419731855392456,7715523,3293532,2.3426288252247134,119569976,,,,,,,,,,,,,5,1,,,,,,,seed_plan,/mnt/165d5ea0-c4bf-423a-a83b-e5fb727cf65f/lw/A/V14_cluster_all/V14_cluster_allcase_plans/case_016_5core.json,
case_017,1,ok,12.404670238494873,162810,157850,1.0314222363002852,426632,,,,,,,,,,,,,1,2,,,,,,,v14_conservative,/mnt/165d5ea0-c4bf-423a-a83b-e5fb727cf65f/lw/A/V14_cluster_all/V14_cluster_allcase_plans/case_017_1core.json,
case_017,2,ok,0.4534602165222168,162810,80744,2.016372733577727,576392,,,,,,,,,,,,,2,2,,,,,,,seed_plan,/mnt/165d5ea0-c4bf-423a-a83b-e5fb727cf65f/lw/A/V14_cluster_all/V14_cluster_allcase_plans/case_017_2core.json,
case_017,3,ok,0.6782350540161133,162810,54172,3.005427157941372,426632,,,,,,,,,,,,,3,3,,,,,,,v14_conservative,/mnt/165d5ea0-c4bf-423a-a83b-e5fb727cf65f/lw/A/V14_cluster_all/V14_cluster_allcase_plans/case_017_3core.json,
case_017,4,ok,0.5239424705505371,162810,42257,3.852852781787633,576392,,,,,,,,,,,,,4,2,,,,,,,seed_plan,/mnt/165d5ea0-c4bf-423a-a83b-e5fb727cf65f/lw/A/V14_cluster_all/V14_cluster_allcase_plans/case_017_4core.json,
case_017,5,ok,0.4156651496887207,162810,35496,4.586713995943205,340992,,,,,,,,,,,,,5,1,,,,,,,seed_plan,/mnt/165d5ea0-c4bf-423a-a83b-e5fb727cf65f/lw/A/V14_cluster_all/V14_cluster_allcase_plans/case_017_5core.json,
case_018,1,ok,38.64648652076721,1004367,991113,1.0133728444687942,8328960,,,,,,,,,,,,,1,2,,,,,,,v14_conservative,/mnt/165d5ea0-c4bf-423a-a83b-e5fb727cf65f/lw/A/V14_cluster_all/V14_cluster_allcase_plans/case_018_1core.json,
case_018,2,ok,1.9751901626586914,1004367,498153,2.016181775478618,9359104,,,,,,,,,,,,,2,3,,,,,,,seed_plan,/mnt/165d5ea0-c4bf-423a-a83b-e5fb727cf65f/lw/A/V14_cluster_all/V14_cluster_allcase_plans/case_018_2core.json,
case_018,3,ok,1.405646800994873,1004367,338272,2.969110656513102,3867008,,,,,,,,,,,,,3,1,,,,,,,seed_plan,/mnt/165d5ea0-c4bf-423a-a83b-e5fb727cf65f/lw/A/V14_cluster_all/V14_cluster_allcase_plans/case_018_3core.json,
case_018,4,ok,2.2238268852233887,1004367,255266,3.934589800443459,9359104,,,,,,,,,,,,,4,3,,,,,,,seed_plan,/mnt/165d5ea0-c4bf-423a-a83b-e5fb727cf65f/lw/A/V14_cluster_all/V14_cluster_allcase_plans/case_018_4core.json,
case_018,5,ok,2.417083501815796,1004367,202471,4.960547436422994,9359104,,,,,,,,,,,,,5,3,,,,,,,seed_plan,/mnt/165d5ea0-c4bf-423a-a83b-e5fb727cf65f/lw/A/V14_cluster_all/V14_cluster_allcase_plans/case_018_5core.json,
case_019,1,ok,3.6042540073394775,81144,81144,1.0,0,,,,,,,,,,,,,1,1,,,,,,,seed_plan,/mnt/165d5ea0-c4bf-423a-a83b-e5fb727cf65f/lw/A/V14_cluster_all/V14_cluster_allcase_plans/case_019_1core.json,
case_019,2,ok,0.17345738410949707,81144,41810,1.940779717770868,64564,,,,,,,,,,,,,2,1,,,,,,,seed_plan,/mnt/165d5ea0-c4bf-423a-a83b-e5fb727cf65f/lw/A/V14_cluster_all/V14_cluster_allcase_plans/case_019_2core.json,
case_019,3,ok,0.22835040092468262,81144,28312,2.8660638598474146,160896,,,,,,,,,,,,,3,2,,,,,,,v14_conservative,/mnt/165d5ea0-c4bf-423a-a83b-e5fb727cf65f/lw/A/V14_cluster_all/V14_cluster_allcase_plans/case_019_3core.json,
case_019,4,ok,0.3071427345275879,81144,22095,3.6725050916496946,262272,,,,,,,,,,,,,4,3,,,,,,,seed_plan,/mnt/165d5ea0-c4bf-423a-a83b-e5fb727cf65f/lw/A/V14_cluster_all/V14_cluster_allcase_plans/case_019_4core.json,
case_019,5,ok,0.3119242191314697,81144,19307,4.202827989848242,219264,,,,,,,,,,,,,5,3,,,,,,,seed_plan,/mnt/165d5ea0-c4bf-423a-a83b-e5fb727cf65f/lw/A/V14_cluster_all/V14_cluster_allcase_plans/case_019_5core.json,
case_020,1,ok,55.338677644729614,532746,532746,1.0,0,,,,,,,,,,,,,1,1,,,,,,,seed_plan,/mnt/165d5ea0-c4bf-423a-a83b-e5fb727cf65f/lw/A/V14_cluster_all/V14_cluster_allcase_plans/case_020_1core.json,
case_020,2,ok,3.82018780708313,532746,266580,1.9984469952734638,0,,,,,,,,,,,,,2,1,,,,,,,seed_plan,/mnt/165d5ea0-c4bf-423a-a83b-e5fb727cf65f/lw/A/V14_cluster_all/V14_cluster_allcase_plans/case_020_2core.json,
case_020,3,ok,2.4408161640167236,532746,177950,2.993796010115201,0,,,,,,,,,,,,,3,1,,,,,,,seed_plan,/mnt/165d5ea0-c4bf-423a-a83b-e5fb727cf65f/lw/A/V14_cluster_all/V14_cluster_allcase_plans/case_020_3core.json,
case_020,4,ok,1.7104418277740479,532746,133704,3.984518039849219,0,,,,,,,,,,,,,4,1,,,,,,,seed_plan,/mnt/165d5ea0-c4bf-423a-a83b-e5fb727cf65f/lw/A/V14_cluster_all/V14_cluster_allcase_plans/case_020_4core.json,
case_020,5,ok,1.5832791328430176,532746,107650,4.948871342313051,0,,,,,,,,,,,,,5,1,,,,,,,seed_plan,/mnt/165d5ea0-c4bf-423a-a83b-e5fb727cf65f/lw/A/V14_cluster_all/V14_cluster_allcase_plans/case_020_5core.json,
case_021,1,ok,52.600523471832275,6567937,6207416,1.058079078315357,22405120,,,,,,,,,,,,,1,1,,,,,,,seed_plan,/mnt/165d5ea0-c4bf-423a-a83b-e5fb727cf65f/lw/A/V14_cluster_all/V14_cluster_allcase_plans/case_021_1core.json,
case_021,2,ok,1.1723902225494385,6567937,3100548,2.118314891432095,9400320,,,,,,,,,,,,,2,1,,,,,,,seed_plan,/mnt/165d5ea0-c4bf-423a-a83b-e5fb727cf65f/lw/A/V14_cluster_all/V14_cluster_allcase_plans/case_021_2core.json,
case_021,3,ok,1.2263569831848145,6567937,2084168,3.151347204256087,22405120,,,,,,,,,,,,,3,1,,,,,,,seed_plan,/mnt/165d5ea0-c4bf-423a-a83b-e5fb727cf65f/lw/A/V14_cluster_all/V14_cluster_allcase_plans/case_021_3core.json,
case_021,4,ok,1.0437276363372803,6567937,1550324,4.236493145948847,4608000,,,,,,,,,,,,,4,1,,,,,,,seed_plan,/mnt/165d5ea0-c4bf-423a-a83b-e5fb727cf65f/lw/A/V14_cluster_all/V14_cluster_allcase_plans/case_021_4core.json,
case_021,5,ok,1.2574231624603271,6567937,1245210,5.274561720513006,17285120,,,,,,,,,,,,,5,1,,,,,,,seed_plan,/mnt/165d5ea0-c4bf-423a-a83b-e5fb727cf65f/lw/A/V14_cluster_all/V14_cluster_allcase_plans/case_021_5core.json,
case_022,1,ok,9.79553747177124,56780,56780,1.0,0,,,,,,,,,,,,,1,1,,,,,,,seed_plan,/mnt/165d5ea0-c4bf-423a-a83b-e5fb727cf65f/lw/A/V14_cluster_all/V14_cluster_allcase_plans/case_022_1core.json,
case_022,2,ok,0.35151243209838867,56780,28333,2.004023576747962,6912,,,,,,,,,,,,,2,1,,,,,,,seed_plan,/mnt/165d5ea0-c4bf-423a-a83b-e5fb727cf65f/lw/A/V14_cluster_all/V14_cluster_allcase_plans/case_022_2core.json,
case_022,3,ok,0.3501424789428711,56780,19128,2.968423253868674,13824,,,,,,,,,,,,,3,1,,,,,,,seed_plan,/mnt/165d5ea0-c4bf-423a-a83b-e5fb727cf65f/lw/A/V14_cluster_all/V14_cluster_allcase_plans/case_022_3core.json,
case_022,4,ok,0.34351158142089844,56780,14654,3.874709976798144,13824,,,,,,,,,,,,,4,1,,,,,,,seed_plan,/mnt/165d5ea0-c4bf-423a-a83b-e5fb727cf65f/lw/A/V14_cluster_all/V14_cluster_allcase_plans/case_022_4core.json,
case_022,5,ok,0.36525726318359375,56780,11828,4.800473452823808,20736,,,,,,,,,,,,,5,1,,,,,,,seed_plan,/mnt/165d5ea0-c4bf-423a-a83b-e5fb727cf65f/lw/A/V14_cluster_all/V14_cluster_allcase_plans/case_022_5core.json,
case_023,1,ok,7.186739683151245,122614,115773,1.0590897704991664,429024,,,,,,,,,,,,,1,2,,,,,,,seed_plan,/mnt/165d5ea0-c4bf-423a-a83b-e5fb727cf65f/lw/A/V14_cluster_all/V14_cluster_allcase_plans/case_023_1core.json,
case_023,2,ok,0.40633487701416016,122614,58568,2.0935323043300094,429024,,,,,,,,,,,,,2,3,,,,,,,seed_plan,/mnt/165d5ea0-c4bf-423a-a83b-e5fb727cf65f/lw/A/V14_cluster_all/V14_cluster_allcase_plans/case_023_2core.json,
case_023,3,ok,0.3464179039001465,122614,39614,3.0952188620184784,429024,,,,,,,,,,,,,3,2,,,,,,,seed_plan,/mnt/165d5ea0-c4bf-423a-a83b-e5fb727cf65f/lw/A/V14_cluster_all/V14_cluster_allcase_plans/case_023_3core.json,
case_023,4,ok,0.3656895160675049,122614,30712,3.9923808283407136,429024,,,,,,,,,,,,,4,2,,,,,,,seed_plan,/mnt/165d5ea0-c4bf-423a-a83b-e5fb727cf65f/lw/A/V14_cluster_all/V14_cluster_allcase_plans/case_023_4core.json,
case_023,5,ok,0.25974535942077637,122614,25191,4.867373268230717,280992,,,,,,,,,,,,,5,1,,,,,,,seed_plan,/mnt/165d5ea0-c4bf-423a-a83b-e5fb727cf65f/lw/A/V14_cluster_all/V14_cluster_allcase_plans/case_023_5core.json,
case_024,1,ok,58.711549282073975,2555343,2555343,1.0,0,,,,,,,,,,,,,1,1,,,,,,,seed_plan,/mnt/165d5ea0-c4bf-423a-a83b-e5fb727cf65f/lw/A/V14_cluster_all/V14_cluster_allcase_plans/case_024_1core.json,
case_024,2,ok,5.5298075675964355,2555343,1719530,1.4860706123184824,39332288,,,,,,,,,,,,,2,1,,,,,,,seed_plan,/mnt/165d5ea0-c4bf-423a-a83b-e5fb727cf65f/lw/A/V14_cluster_all/V14_cluster_allcase_plans/case_024_2core.json,
case_024,3,ok,5.935600996017456,2555343,1337495,1.910543964650335,39332688,,,,,,,,,,,,,3,1,,,,,,,seed_plan,/mnt/165d5ea0-c4bf-423a-a83b-e5fb727cf65f/lw/A/V14_cluster_all/V14_cluster_allcase_plans/case_024_3core.json,
case_024,4,ok,5.338238954544067,2555343,1239238,2.062027633110024,39332288,,,,,,,,,,,,,4,1,,,,,,,seed_plan,/mnt/165d5ea0-c4bf-423a-a83b-e5fb727cf65f/lw/A/V14_cluster_all/V14_cluster_allcase_plans/case_024_4core.json,
case_024,5,ok,5.225989103317261,2555343,1091250,2.3416659793814434,39332288,,,,,,,,,,,,,5,1,,,,,,,seed_plan,/mnt/165d5ea0-c4bf-423a-a83b-e5fb727cf65f/lw/A/V14_cluster_all/V14_cluster_allcase_plans/case_024_5core.json,
case_025,1,ok,513.5639085769653,4863026,4863026,1.0,0,,,,,,,,,,,,,1,1,,,,,,,seed_plan,/mnt/165d5ea0-c4bf-423a-a83b-e5fb727cf65f/lw/A/V14_cluster_all/V14_cluster_allcase_plans/case_025_1core.json,
case_025,2,ok,57.30534243583679,4863026,2431840,1.9997310678334101,27648,,,,,,,,,,,,,2,1,,,,,,,seed_plan,/mnt/165d5ea0-c4bf-423a-a83b-e5fb727cf65f/lw/A/V14_cluster_all/V14_cluster_allcase_plans/case_025_2core.json,
case_025,3,ok,34.907288551330566,4863026,1622164,2.9978633479722148,55296,,,,,,,,,,,,,3,1,,,,,,,seed_plan,/mnt/165d5ea0-c4bf-423a-a83b-e5fb727cf65f/lw/A/V14_cluster_all/V14_cluster_allcase_plans/case_025_3core.json,
case_025,4,ok,24.40965437889099,4863026,1217444,3.9944555971362954,82944,,,,,,,,,,,,,4,1,,,,,,,seed_plan,/mnt/165d5ea0-c4bf-423a-a83b-e5fb727cf65f/lw/A/V14_cluster_all/V14_cluster_allcase_plans/case_025_4core.json,
case_025,5,ok,18.748916149139404,4863026,975282,4.986276789687495,110592,,,,,,,,,,,,,5,1,,,,,,,seed_plan,/mnt/165d5ea0-c4bf-423a-a83b-e5fb727cf65f/lw/A/V14_cluster_all/V14_cluster_allcase_plans/case_025_5core.json,
case_026,1,ok,3.9884464740753174,99203,99203,1.0,0,,,,,,,,,,,,,1,1,,,,,,,seed_plan,/mnt/165d5ea0-c4bf-423a-a83b-e5fb727cf65f/lw/A/V14_cluster_all/V14_cluster_allcase_plans/case_026_1core.json,
case_026,2,ok,0.2424015998840332,99203,55254,1.7953994280957035,380568,,,,,,,,,,,,,2,2,,,,,,,seed_plan,/mnt/165d5ea0-c4bf-423a-a83b-e5fb727cf65f/lw/A/V14_cluster_all/V14_cluster_allcase_plans/case_026_2core.json,
case_026,3,ok,0.20078730583190918,99203,41655,2.3815388308726444,95664,,,,,,,,,,,,,3,1,,,,,,,seed_plan,/mnt/165d5ea0-c4bf-423a-a83b-e5fb727cf65f/lw/A/V14_cluster_all/V14_cluster_allcase_plans/case_026_3core.json,
case_026,4,ok,0.17274785041809082,99203,41655,2.3815388308726444,95664,,,,,,,,,,,,,3,1,,,,,,,seed_plan,/mnt/165d5ea0-c4bf-423a-a83b-e5fb727cf65f/lw/A/V14_cluster_all/V14_cluster_allcase_plans/case_026_4core.json,
case_026,5,ok,0.20032119750976562,99203,41655,2.3815388308726444,95664,,,,,,,,,,,,,3,1,,,,,,,seed_plan,/mnt/165d5ea0-c4bf-423a-a83b-e5fb727cf65f/lw/A/V14_cluster_all/V14_cluster_allcase_plans/case_026_5core.json,
case_027,1,ok,11.683580160140991,2363952,2238755,1.0559225998378563,4239360,,,,,,,,,,,,,1,2,,,,,,,v14_conservative,/mnt/165d5ea0-c4bf-423a-a83b-e5fb727cf65f/lw/A/V14_cluster_all/V14_cluster_allcase_plans/case_027_1core.json,
case_027,2,ok,0.40041279792785645,2363952,1120962,2.10886006840553,1744896,,,,,,,,,,,,,2,1,,,,,,,seed_plan,/mnt/165d5ea0-c4bf-423a-a83b-e5fb727cf65f/lw/A/V14_cluster_all/V14_cluster_allcase_plans/case_027_2core.json,
case_027,3,ok,0.6911358833312988,2363952,757279,3.1216394486048076,5922816,,,,,,,,,,,,,3,2,,,,,,,seed_plan,/mnt/165d5ea0-c4bf-423a-a83b-e5fb727cf65f/lw/A/V14_cluster_all/V14_cluster_allcase_plans/case_027_3core.json,
case_027,4,ok,0.35434556007385254,2363952,559196,4.227412213249022,3317760,,,,,,,,,,,,,4,1,,,,,,,seed_plan,/mnt/165d5ea0-c4bf-423a-a83b-e5fb727cf65f/lw/A/V14_cluster_all/V14_cluster_allcase_plans/case_027_4core.json,
case_027,5,ok,0.9232602119445801,2363952,478638,4.938914168954408,5750784,,,,,,,,,,,,,5,3,,,,,,,v14_conservative,/mnt/165d5ea0-c4bf-423a-a83b-e5fb727cf65f/lw/A/V14_cluster_all/V14_cluster_allcase_plans/case_027_5core.json,
case_028,1,ok,589.1750178337097,43836040,40836833,1.073443672774527,58807296,,,,,,,,,,,,,1,1,,,,,,,seed_plan,/mnt/165d5ea0-c4bf-423a-a83b-e5fb727cf65f/lw/A/V14_cluster_all/V14_cluster_allcase_plans/case_028_1core.json,
case_028,2,ok,6.119345664978027,43836040,20487686,2.1396286530357798,69091200,,,,,,,,,,,,,2,1,,,,,,,seed_plan,/mnt/165d5ea0-c4bf-423a-a83b-e5fb727cf65f/lw/A/V14_cluster_all/V14_cluster_allcase_plans/case_028_2core.json,
case_028,3,ok,4.900238990783691,43836040,13753761,3.187203849187142,58807296,,,,,,,,,,,,,3,1,,,,,,,seed_plan,/mnt/165d5ea0-c4bf-423a-a83b-e5fb727cf65f/lw/A/V14_cluster_all/V14_cluster_allcase_plans/case_028_3core.json,
case_028,4,ok,6.892287969589233,43836040,10281930,4.263405800272906,69091200,,,,,,,,,,,,,4,1,,,,,,,seed_plan,/mnt/165d5ea0-c4bf-423a-a83b-e5fb727cf65f/lw/A/V14_cluster_all/V14_cluster_allcase_plans/case_028_4core.json,
case_028,5,ok,7.399733543395996,43836040,8277390,5.295877082027064,73388160,,,,,,,,,,,,,5,1,,,,,,,seed_plan,/mnt/165d5ea0-c4bf-423a-a83b-e5fb727cf65f/lw/A/V14_cluster_all/V14_cluster_allcase_plans/case_028_5core.json,
case_029,1,ok,4.38055157661438,37555,37555,1.0,0,,,,,,,,,,,,,1,1,,,,,,,seed_plan,/mnt/165d5ea0-c4bf-423a-a83b-e5fb727cf65f/lw/A/V14_cluster_all/V14_cluster_allcase_plans/case_029_1core.json,
case_029,2,ok,0.20510601997375488,37555,19740,1.9024822695035462,0,,,,,,,,,,,,,2,1,,,,,,,seed_plan,/mnt/165d5ea0-c4bf-423a-a83b-e5fb727cf65f/lw/A/V14_cluster_all/V14_cluster_allcase_plans/case_029_2core.json,
case_029,3,ok,0.19132637977600098,37555,12743,2.9471082162756024,0,,,,,,,,,,,,,3,1,,,,,,,seed_plan,/mnt/165d5ea0-c4bf-423a-a83b-e5fb727cf65f/lw/A/V14_cluster_all/V14_cluster_allcase_plans/case_029_3core.json,
case_029,4,ok,0.18219304084777832,37555,11028,3.405422560754443,0,,,,,,,,,,,,,4,1,,,,,,,seed_plan,/mnt/165d5ea0-c4bf-423a-a83b-e5fb727cf65f/lw/A/V14_cluster_all/V14_cluster_allcase_plans/case_029_4core.json,
case_029,5,ok,0.17542695999145508,37555,9383,4.002451241607162,0,,,,,,,,,,,,,5,1,,,,,,,seed_plan,/mnt/165d5ea0-c4bf-423a-a83b-e5fb727cf65f/lw/A/V14_cluster_all/V14_cluster_allcase_plans/case_029_5core.json,
case_030,1,ok,235.0166449546814,2808034,2782859,1.0090464518683844,17123328,,,,,,,,,,,,,1,1,,,,,,,seed_plan,/mnt/165d5ea0-c4bf-423a-a83b-e5fb727cf65f/lw/A/V14_cluster_all/V14_cluster_allcase_plans/case_030_1core.json,
case_030,2,ok,5.060062646865845,2808034,1391677,2.0177340000589217,17123328,,,,,,,,,,,,,2,1,,,,,,,seed_plan,/mnt/165d5ea0-c4bf-423a-a83b-e5fb727cf65f/lw/A/V14_cluster_all/V14_cluster_allcase_plans/case_030_2core.json,
case_030,3,ok,5.727511882781982,2808034,928263,3.0250413945185795,17123328,,,,,,,,,,,,,3,1,,,,,,,seed_plan,/mnt/165d5ea0-c4bf-423a-a83b-e5fb727cf65f/lw/A/V14_cluster_all/V14_cluster_allcase_plans/case_030_3core.json,
case_030,4,ok,6.720930099487305,2808034,697930,4.023374837018039,17123328,,,,,,,,,,,,,4,1,,,,,,,seed_plan,/mnt/165d5ea0-c4bf-423a-a83b-e5fb727cf65f/lw/A/V14_cluster_all/V14_cluster_allcase_plans/case_030_4core.json,
case_030,5,ok,6.162919282913208,2808034,560441,5.0104007379902615,15691792,,,,,,,,,,,,,5,1,,,,,,,seed_plan,/mnt/165d5ea0-c4bf-423a-a83b-e5fb727cf65f/lw/A/V14_cluster_all/V14_cluster_allcase_plans/case_030_5core.json,
case_031,1,ok,131.11368107795715,1414369,1399977,1.0102801688884888,10441202,,,,,,,,,,,,,1,3,,,,,,,v14_conservative,/mnt/165d5ea0-c4bf-423a-a83b-e5fb727cf65f/lw/A/V14_cluster_all/V14_cluster_allcase_plans/case_031_1core.json,
case_031,2,ok,4.6568968296051025,1414369,704068,2.0088528380781403,10441206,,,,,,,,,,,,,2,3,,,,,,,v14_communication,/mnt/165d5ea0-c4bf-423a-a83b-e5fb727cf65f/lw/A/V14_cluster_all/V14_cluster_allcase_plans/case_031_2core.json,
case_031,3,ok,5.266374826431274,1414369,476303,2.9694732134796546,10482774,,,,,,,,,,,,,3,3,,,,,,,v14_communication,/mnt/165d5ea0-c4bf-423a-a83b-e5fb727cf65f/lw/A/V14_cluster_all/V14_cluster_allcase_plans/case_031_3core.json,
case_031,4,ok,4.044136047363281,1414369,358136,3.9492511224786115,13498038,,,,,,,,,,,,,4,2,,,,,,,seed_plan,/mnt/165d5ea0-c4bf-423a-a83b-e5fb727cf65f/lw/A/V14_cluster_all/V14_cluster_allcase_plans/case_031_4core.json,
case_031,5,ok,4.753457546234131,1414369,289165,4.891217816817388,12089812,,,,,,,,,,,,,5,2,,,,,,,v14_conservative,/mnt/165d5ea0-c4bf-423a-a83b-e5fb727cf65f/lw/A/V14_cluster_all/V14_cluster_allcase_plans/case_031_5core.json,
case_032,1,ok,5.670478582382202,41443,41443,1.0,0,,,,,,,,,,,,,1,1,,,,,,,seed_plan,/mnt/165d5ea0-c4bf-423a-a83b-e5fb727cf65f/lw/A/V14_cluster_all/V14_cluster_allcase_plans/case_032_1core.json,
case_032,2,ok,0.2320539951324463,41443,21880,1.8941042047531993,6216,,,,,,,,,,,,,2,1,,,,,,,seed_plan,/mnt/165d5ea0-c4bf-423a-a83b-e5fb727cf65f/lw/A/V14_cluster_all/V14_cluster_allcase_plans/case_032_2core.json,
case_032,3,ok,0.2933471202850342,41443,14907,2.7801033071711276,30872,,,,,,,,,,,,,3,2,,,,,,,seed_plan,/mnt/165d5ea0-c4bf-423a-a83b-e5fb727cf65f/lw/A/V14_cluster_all/V14_cluster_allcase_plans/case_032_3core.json,
case_032,4,ok,0.30883121490478516,41443,11615,3.5680585449849334,67740,,,,,,,,,,,,,4,2,,,,,,,seed_plan,/mnt/165d5ea0-c4bf-423a-a83b-e5fb727cf65f/lw/A/V14_cluster_all/V14_cluster_allcase_plans/case_032_4core.json,
case_032,5,ok,0.4430978298187256,41443,10104,4.101642913697545,55368,,,,,,,,,,,,,5,3,,,,,,,v14_conservative,/mnt/165d5ea0-c4bf-423a-a83b-e5fb727cf65f/lw/A/V14_cluster_all/V14_cluster_allcase_plans/case_032_5core.json,
case_033,1,ok,62.29292154312134,1774196,1741499,1.018775204579503,11718816,,,,,,,,,,,,,1,1,,,,,,,seed_plan,/mnt/165d5ea0-c4bf-423a-a83b-e5fb727cf65f/lw/A/V14_cluster_all/V14_cluster_allcase_plans/case_033_1core.json,
case_033,2,ok,1.0613882541656494,1774196,871397,2.0360363875478114,11718816,,,,,,,,,,,,,2,1,,,,,,,seed_plan,/mnt/165d5ea0-c4bf-423a-a83b-e5fb727cf65f/lw/A/V14_cluster_all/V14_cluster_allcase_plans/case_033_2core.json,
case_033,3,ok,1.2759459018707275,1774196,582606,3.0452758811272114,11718816,,,,,,,,,,,,,3,1,,,,,,,seed_plan,/mnt/165d5ea0-c4bf-423a-a83b-e5fb727cf65f/lw/A/V14_cluster_all/V14_cluster_allcase_plans/case_033_3core.json,
case_033,4,ok,1.4870338439941406,1774196,439819,4.0339230456164925,11718816,,,,,,,,,,,,,4,1,,,,,,,seed_plan,/mnt/165d5ea0-c4bf-423a-a83b-e5fb727cf65f/lw/A/V14_cluster_all/V14_cluster_allcase_plans/case_033_4core.json,
case_033,5,ok,2.6126697063446045,1774196,358153,4.953737648435166,11843232,,,,,,,,,,,,,5,2,,,,,,,seed_plan,/mnt/165d5ea0-c4bf-423a-a83b-e5fb727cf65f/lw/A/V14_cluster_all/V14_cluster_allcase_plans/case_033_5core.json,
case_034,1,ok,59.235615253448486,842996,781525,1.078655193371933,5834240,,,,,,,,,,,,,1,2,,,,,,,seed_plan,/mnt/165d5ea0-c4bf-423a-a83b-e5fb727cf65f/lw/A/V14_cluster_all/V14_cluster_allcase_plans/case_034_1core.json,
case_034,2,ok,1.9634859561920166,842996,393832,2.140496455341364,5834240,,,,,,,,,,,,,2,2,,,,,,,seed_plan,/mnt/165d5ea0-c4bf-423a-a83b-e5fb727cf65f/lw/A/V14_cluster_all/V14_cluster_allcase_plans/case_034_2core.json,
case_034,3,ok,2.2002761363983154,842996,267777,3.148126986260956,6641152,,,,,,,,,,,,,3,2,,,,,,,seed_plan,/mnt/165d5ea0-c4bf-423a-a83b-e5fb727cf65f/lw/A/V14_cluster_all/V14_cluster_allcase_plans/case_034_3core.json,
case_034,4,ok,2.578852891921997,842996,204740,4.117397675100127,5834240,,,,,,,,,,,,,4,2,,,,,,,seed_plan,/mnt/165d5ea0-c4bf-423a-a83b-e5fb727cf65f/lw/A/V14_cluster_all/V14_cluster_allcase_plans/case_034_4core.json,
case_034,5,ok,3.6315884590148926,842996,169159,4.983453437298636,6083584,,,,,,,,,,,,,5,3,,,,,,,v14_communication,/mnt/165d5ea0-c4bf-423a-a83b-e5fb727cf65f/lw/A/V14_cluster_all/V14_cluster_allcase_plans/case_034_5core.json,
case_035,1,ok,56.47744083404541,169571,169571,1.0,0,,,,,,,,,,,,,1,1,,,,,,,seed_plan,/mnt/165d5ea0-c4bf-423a-a83b-e5fb727cf65f/lw/A/V14_cluster_all/V14_cluster_allcase_plans/case_035_1core.json,
case_035,2,ok,2.0392539501190186,169571,95406,1.7773620107750037,0,,,,,,,,,,,,,2,1,,,,,,,seed_plan,/mnt/165d5ea0-c4bf-423a-a83b-e5fb727cf65f/lw/A/V14_cluster_all/V14_cluster_allcase_plans/case_035_2core.json,
case_035,3,ok,2.104483127593994,169571,73665,2.3019208579379624,857366,,,,,,,,,,,,,3,3,,,,,,,seed_plan,/mnt/165d5ea0-c4bf-423a-a83b-e5fb727cf65f/lw/A/V14_cluster_all/V14_cluster_allcase_plans/case_035_3core.json,
case_035,4,ok,2.2023870944976807,169571,58512,2.898055099808586,857366,,,,,,,,,,,,,4,3,,,,,,,seed_plan,/mnt/165d5ea0-c4bf-423a-a83b-e5fb727cf65f/lw/A/V14_cluster_all/V14_cluster_allcase_plans/case_035_4core.json,
case_035,5,ok,2.2448062896728516,169571,49667,3.414158294239636,719090,,,,,,,,,,,,,5,3,,,,,,,v14_conservative_measured_reassign,/mnt/165d5ea0-c4bf-423a-a83b-e5fb727cf65f/lw/A/V14_cluster_all/V14_cluster_allcase_plans/case_035_5core.json,
case_036,1,ok,14.128447532653809,931510,931510,1.0,0,,,,,,,,,,,,,1,1,,,,,,,seed_plan,/mnt/165d5ea0-c4bf-423a-a83b-e5fb727cf65f/lw/A/V14_cluster_all/V14_cluster_allcase_plans/case_036_1core.json,
case_036,2,ok,1.0454578399658203,931510,466068,1.998656848356892,1152,,,,,,,,,,,,,2,1,,,,,,,seed_plan,/mnt/165d5ea0-c4bf-423a-a83b-e5fb727cf65f/lw/A/V14_cluster_all/V14_cluster_allcase_plans/case_036_2core.json,
case_036,3,ok,0.7399728298187256,931510,311345,2.991890025534375,2304,,,,,,,,,,,,,3,1,,,,,,,seed_plan,/mnt/165d5ea0-c4bf-423a-a83b-e5fb727cf65f/lw/A/V14_cluster_all/V14_cluster_allcase_plans/case_036_3core.json,
case_036,4,ok,0.6656124591827393,931510,233584,3.987901568600589,3456,,,,,,,,,,,,,4,1,,,,,,,seed_plan,/mnt/165d5ea0-c4bf-423a-a83b-e5fb727cf65f/lw/A/V14_cluster_all/V14_cluster_allcase_plans/case_036_4core.json,
case_036,5,ok,0.6195836067199707,931510,187182,4.976493466252097,4608,,,,,,,,,,,,,5,1,,,,,,,seed_plan,/mnt/165d5ea0-c4bf-423a-a83b-e5fb727cf65f/lw/A/V14_cluster_all/V14_cluster_allcase_plans/case_036_5core.json,
case_037,1,ok,3.8499975204467773,210001,210001,1.0,0,,,,,,,,,,,,,1,1,,,,,,,seed_plan,/mnt/165d5ea0-c4bf-423a-a83b-e5fb727cf65f/lw/A/V14_cluster_all/V14_cluster_allcase_plans/case_037_1core.json,
case_037,2,ok,0.21598577499389648,210001,105374,1.992910964754114,204800,,,,,,,,,,,,,2,1,,,,,,,seed_plan,/mnt/165d5ea0-c4bf-423a-a83b-e5fb727cf65f/lw/A/V14_cluster_all/V14_cluster_allcase_plans/case_037_2core.json,
case_037,3,ok,0.24198484420776367,210001,74038,2.836394824279424,1064960,,,,,,,,,,,,,3,1,,,,,,,seed_plan,/mnt/165d5ea0-c4bf-423a-a83b-e5fb727cf65f/lw/A/V14_cluster_all/V14_cluster_allcase_plans/case_037_3core.json,
case_037,4,ok,0.19615602493286133,210001,53320,3.938503375843961,614400,,,,,,,,,,,,,4,1,,,,,,,seed_plan,/mnt/165d5ea0-c4bf-423a-a83b-e5fb727cf65f/lw/A/V14_cluster_all/V14_cluster_allcase_plans/case_037_4core.json,
case_037,5,ok,0.22705888748168945,210001,43800,4.794543378995434,1925120,,,,,,,,,,,,,5,1,,,,,,,seed_plan,/mnt/165d5ea0-c4bf-423a-a83b-e5fb727cf65f/lw/A/V14_cluster_all/V14_cluster_allcase_plans/case_037_5core.json,
case_038,1,ok,140.26464343070984,1364555,1338138,1.0197416111043853,12853248,,,,,,,,,,,,,1,1,,,,,,,seed_plan,/mnt/165d5ea0-c4bf-423a-a83b-e5fb727cf65f/lw/A/V14_cluster_all/V14_cluster_allcase_plans/case_038_1core.json,
case_038,2,ok,2.3496901988983154,1364555,669789,2.037290848311931,12853248,,,,,,,,,,,,,2,1,,,,,,,seed_plan,/mnt/165d5ea0-c4bf-423a-a83b-e5fb727cf65f/lw/A/V14_cluster_all/V14_cluster_allcase_plans/case_038_2core.json,
case_038,3,ok,2.9354796409606934,1364555,447321,3.0505051182484166,12853248,,,,,,,,,,,,,3,1,,,,,,,seed_plan,/mnt/165d5ea0-c4bf-423a-a83b-e5fb727cf65f/lw/A/V14_cluster_all/V14_cluster_allcase_plans/case_038_3core.json,
case_038,4,ok,3.6197516918182373,1364555,338764,4.028040169557568,12853248,,,,,,,,,,,,,4,1,,,,,,,seed_plan,/mnt/165d5ea0-c4bf-423a-a83b-e5fb727cf65f/lw/A/V14_cluster_all/V14_cluster_allcase_plans/case_038_4core.json,
case_038,5,ok,8.35599136352539,1364555,280919,4.857467811006019,9070080,,,,,,,,,,,,,5,1,,,,,,,seed_plan,/mnt/165d5ea0-c4bf-423a-a83b-e5fb727cf65f/lw/A/V14_cluster_all/V14_cluster_allcase_plans/case_038_5core.json,
case_039,1,ok,106.6236252784729,1435262,1383648,1.037302840028678,28483584,,,,,,,,,,,,,1,1,,,,,,,seed_plan,/mnt/165d5ea0-c4bf-423a-a83b-e5fb727cf65f/lw/A/V14_cluster_all/V14_cluster_allcase_plans/case_039_1core.json,
case_039,2,ok,1.7408862113952637,1435262,693424,2.0698187544705693,28483584,,,,,,,,,,,,,2,1,,,,,,,seed_plan,/mnt/165d5ea0-c4bf-423a-a83b-e5fb727cf65f/lw/A/V14_cluster_all/V14_cluster_allcase_plans/case_039_2core.json,
case_039,3,ok,2.685173749923706,1435262,476080,3.0147496219122836,13271040,,,,,,,,,,,,,3,1,,,,,,,seed_plan,/mnt/165d5ea0-c4bf-423a-a83b-e5fb727cf65f/lw/A/V14_cluster_all/V14_cluster_allcase_plans/case_039_3core.json,
case_039,4,ok,6.647270917892456,1435262,393709,3.645489435090384,17604608,,,,,,,,,,,,,4,1,,,,,,,seed_plan,/mnt/165d5ea0-c4bf-423a-a83b-e5fb727cf65f/lw/A/V14_cluster_all/V14_cluster_allcase_plans/case_039_4core.json,
case_039,5,ok,7.198620319366455,1435262,395323,3.6306058590064327,17604608,,,,,,,,,,,,,4,1,,,,,,,seed_plan,/mnt/165d5ea0-c4bf-423a-a83b-e5fb727cf65f/lw/A/V14_cluster_all/V14_cluster_allcase_plans/case_039_5core.json,
case_040,1,ok,38.703184366226196,253454,253454,1.0,0,,,,,,,,,,,,,1,1,,,,,,,seed_plan,/mnt/165d5ea0-c4bf-423a-a83b-e5fb727cf65f/lw/A/V14_cluster_all/V14_cluster_allcase_plans/case_040_1core.json,
case_040,2,ok,1.132981777191162,253454,136325,1.859189437007152,867086,,,,,,,,,,,,,2,2,,,,,,,seed_plan,/mnt/165d5ea0-c4bf-423a-a83b-e5fb727cf65f/lw/A/V14_cluster_all/V14_cluster_allcase_plans/case_040_2core.json,
case_040,3,ok,1.764876127243042,253454,102246,2.478864698863525,1874142,,,,,,,,,,,,,3,3,,,,,,,seed_plan,/mnt/165d5ea0-c4bf-423a-a83b-e5fb727cf65f/lw/A/V14_cluster_all/V14_cluster_allcase_plans/case_040_3core.json,
case_040,4,ok,1.3124520778656006,253454,86578,2.9274642518884706,1874142,,,,,,,,,,,,,4,2,,,,,,,seed_plan,/mnt/165d5ea0-c4bf-423a-a83b-e5fb727cf65f/lw/A/V14_cluster_all/V14_cluster_allcase_plans/case_040_4core.json,
case_040,5,ok,1.8319759368896484,253454,78582,3.2253442264131733,1758770,,,,,,,,,,,,,5,3,,,,,,,v14_communication,/mnt/165d5ea0-c4bf-423a-a83b-e5fb727cf65f/lw/A/V14_cluster_all/V14_cluster_allcase_plans/case_040_5core.json,
case_041,1,ok,706.615180015564,6003957,5921446,1.0139342653804493,57464872,,,,,,,,,,,,,1,1,,,,,,,seed_plan,/mnt/165d5ea0-c4bf-423a-a83b-e5fb727cf65f/lw/A/V14_cluster_all/V14_cluster_allcase_plans/case_041_1core.json,
case_041,2,ok,8.266865253448486,6003957,2963356,2.026066729748299,57464872,,,,,,,,,,,,,2,1,,,,,,,seed_plan,/mnt/165d5ea0-c4bf-423a-a83b-e5fb727cf65f/lw/A/V14_cluster_all/V14_cluster_allcase_plans/case_041_2core.json,
case_041,3,ok,9.58555269241333,6003957,1977312,3.0364236903432538,57464872,,,,,,,,,,,,,3,1,,,,,,,seed_plan,/mnt/165d5ea0-c4bf-423a-a83b-e5fb727cf65f/lw/A/V14_cluster_all/V14_cluster_allcase_plans/case_041_3core.json,
case_041,4,ok,13.35592269897461,6003957,1484770,4.04369498306135,52463632,,,,,,,,,,,,,4,1,,,,,,,seed_plan,/mnt/165d5ea0-c4bf-423a-a83b-e5fb727cf65f/lw/A/V14_cluster_all/V14_cluster_allcase_plans/case_041_4core.json,
case_041,5,ok,11.469733238220215,6003957,1189466,5.047607077461651,57464872,,,,,,,,,,,,,5,1,,,,,,,seed_plan,/mnt/165d5ea0-c4bf-423a-a83b-e5fb727cf65f/lw/A/V14_cluster_all/V14_cluster_allcase_plans/case_041_5core.json,
case_042,1,ok,103.90924453735352,1686740,1663032,1.0142558892432616,14158244,,,,,,,,,,,,,1,1,,,,,,,seed_plan,/mnt/165d5ea0-c4bf-423a-a83b-e5fb727cf65f/lw/A/V14_cluster_all/V14_cluster_allcase_plans/case_042_1core.json,
case_042,2,ok,1.6865158081054688,1686740,837915,2.0130204137651195,14158244,,,,,,,,,,,,,2,1,,,,,,,seed_plan,/mnt/165d5ea0-c4bf-423a-a83b-e5fb727cf65f/lw/A/V14_cluster_all/V14_cluster_allcase_plans/case_042_2core.json,
case_042,3,ok,1.9751076698303223,1686740,559636,3.0139948109128074,14158244,,,,,,,,,,,,,3,1,,,,,,,seed_plan,/mnt/165d5ea0-c4bf-423a-a83b-e5fb727cf65f/lw/A/V14_cluster_all/V14_cluster_allcase_plans/case_042_3core.json,
case_042,4,ok,2.2744014263153076,1686740,420976,4.0067367260841475,14158244,,,,,,,,,,,,,4,1,,,,,,,seed_plan,/mnt/165d5ea0-c4bf-423a-a83b-e5fb727cf65f/lw/A/V14_cluster_all/V14_cluster_allcase_plans/case_042_4core.json,
case_042,5,ok,3.905229330062866,1686740,346247,4.871493471423579,13159556,,,,,,,,,,,,,5,2,,,,,,,v14_conservative,/mnt/165d5ea0-c4bf-423a-a83b-e5fb727cf65f/lw/A/V14_cluster_all/V14_cluster_allcase_plans/case_042_5core.json,
case_043,1,ok,240.31952333450317,677656,677656,1.0,49160,,,,,,,,,,,,,1,1,,,,,,,seed_plan,/mnt/165d5ea0-c4bf-423a-a83b-e5fb727cf65f/lw/A/V14_cluster_all/V14_cluster_allcase_plans/case_043_1core.json,
case_043,2,ok,13.149657011032104,677656,353177,1.918743293023045,385024,,,,,,,,,,,,,2,1,,,,,,,seed_plan,/mnt/165d5ea0-c4bf-423a-a83b-e5fb727cf65f/lw/A/V14_cluster_all/V14_cluster_allcase_plans/case_043_2core.json,
case_043,3,ok,2.661449909210205,677656,255591,2.6513296634075534,6518540,,,,,,,,,,,,,3,1,,,,,,,seed_plan,/mnt/165d5ea0-c4bf-423a-a83b-e5fb727cf65f/lw/A/V14_cluster_all/V14_cluster_allcase_plans/case_043_3core.json,
case_043,4,ok,2.5799520015716553,677656,197332,3.434090770883587,6356270,,,,,,,,,,,,,4,1,,,,,,,seed_plan,/mnt/165d5ea0-c4bf-423a-a83b-e5fb727cf65f/lw/A/V14_cluster_all/V14_cluster_allcase_plans/case_043_4core.json,
case_043,5,ok,2.942485809326172,677656,175465,3.8620579602769785,6533774,,,,,,,,,,,,,5,1,,,,,,,seed_plan,/mnt/165d5ea0-c4bf-423a-a83b-e5fb727cf65f/lw/A/V14_cluster_all/V14_cluster_allcase_plans/case_043_5core.json,
case_044,1,ok,7.5040905475616455,154407,118887,1.298771101970779,1449792,,,,,,,,,,,,,1,3,,,,,,,v14_conservative,/mnt/165d5ea0-c4bf-423a-a83b-e5fb727cf65f/lw/A/V14_cluster_all/V14_cluster_allcase_plans/case_044_1core.json,
case_044,2,ok,0.6735353469848633,154407,73914,2.089008848120789,1449792,,,,,,,,,,,,,2,3,,,,,,,v14_communication,/mnt/165d5ea0-c4bf-423a-a83b-e5fb727cf65f/lw/A/V14_cluster_all/V14_cluster_allcase_plans/case_044_2core.json,
case_044,3,ok,0.6791081428527832,154407,61829,2.4973232625467015,1449792,,,,,,,,,,,,,3,3,,,,,,,v14_communication,/mnt/165d5ea0-c4bf-423a-a83b-e5fb727cf65f/lw/A/V14_cluster_all/V14_cluster_allcase_plans/case_044_3core.json,
case_044,4,ok,0.7188472747802734,154407,63427,2.434404906427862,1449792,,,,,,,,,,,,,3,3,,,,,,,v14_communication,/mnt/165d5ea0-c4bf-423a-a83b-e5fb727cf65f/lw/A/V14_cluster_all/V14_cluster_allcase_plans/case_044_4core.json,
case_044,5,ok,0.705634355545044,154407,61872,2.495587664856478,1449792,,,,,,,,,,,,,3,3,,,,,,,v14_communication,/mnt/165d5ea0-c4bf-423a-a83b-e5fb727cf65f/lw/A/V14_cluster_all/V14_cluster_allcase_plans/case_044_5core.json,
case_045,1,ok,7.370988607406616,125614,125614,1.0,0,,,,,,,,,,,,,1,1,,,,,,,seed_plan,/mnt/165d5ea0-c4bf-423a-a83b-e5fb727cf65f/lw/A/V14_cluster_all/V14_cluster_allcase_plans/case_045_1core.json,
case_045,2,ok,0.30477309226989746,125614,63059,1.99200748505368,0,,,,,,,,,,,,,2,1,,,,,,,seed_plan,/mnt/165d5ea0-c4bf-423a-a83b-e5fb727cf65f/lw/A/V14_cluster_all/V14_cluster_allcase_plans/case_045_2core.json,
case_045,3,ok,0.27854132652282715,125614,42304,2.9693173222390317,0,,,,,,,,,,,,,3,1,,,,,,,seed_plan,/mnt/165d5ea0-c4bf-423a-a83b-e5fb727cf65f/lw/A/V14_cluster_all/V14_cluster_allcase_plans/case_045_3core.json,
case_045,4,ok,0.2582097053527832,125614,31878,3.940460505677897,0,,,,,,,,,,,,,4,1,,,,,,,seed_plan,/mnt/165d5ea0-c4bf-423a-a83b-e5fb727cf65f/lw/A/V14_cluster_all/V14_cluster_allcase_plans/case_045_4core.json,
case_045,5,ok,0.2659463882446289,125614,26164,4.801024308209754,0,,,,,,,,,,,,,5,1,,,,,,,seed_plan,/mnt/165d5ea0-c4bf-423a-a83b-e5fb727cf65f/lw/A/V14_cluster_all/V14_cluster_allcase_plans/case_045_5core.json,
case_046,1,ok,4.095876932144165,276455,230580,1.1989548096105473,6512800,,,,,,,,,,,,,1,2,,,,,,,seed_plan,/mnt/165d5ea0-c4bf-423a-a83b-e5fb727cf65f/lw/A/V14_cluster_all/V14_cluster_allcase_plans/case_046_1core.json,
case_046,2,ok,0.5175225734710693,276455,138962,1.989428764698263,2038080,,,,,,,,,,,,,2,3,,,,,,,v14_communication,/mnt/165d5ea0-c4bf-423a-a83b-e5fb727cf65f/lw/A/V14_cluster_all/V14_cluster_allcase_plans/case_046_2core.json,
case_046,3,ok,0.5190422534942627,276455,111604,2.477106555320598,2348736,,,,,,,,,,,,,3,3,,,,,,,v14_conservative,/mnt/165d5ea0-c4bf-423a-a83b-e5fb727cf65f/lw/A/V14_cluster_all/V14_cluster_allcase_plans/case_046_3core.json,
case_046,4,ok,0.5597066879272461,276455,110666,2.498102398207218,2329792,,,,,,,,,,,,,3,3,,,,,,,v14_conservative,/mnt/165d5ea0-c4bf-423a-a83b-e5fb727cf65f/lw/A/V14_cluster_all/V14_cluster_allcase_plans/case_046_4core.json,
case_046,5,ok,0.5515906810760498,276455,113635,2.432833193998328,2380992,,,,,,,,,,,,,5,3,,,,,,,seed_plan,/mnt/165d5ea0-c4bf-423a-a83b-e5fb727cf65f/lw/A/V14_cluster_all/V14_cluster_allcase_plans/case_046_5core.json,
case_047,1,ok,552.2633974552155,326508,326508,1.0,0,,,,,,,,,,,,,1,1,,,,,,,seed_plan,/mnt/165d5ea0-c4bf-423a-a83b-e5fb727cf65f/lw/A/V14_cluster_all/V14_cluster_allcase_plans/case_047_1core.json,
case_047,2,ok,7.087366819381714,326508,223631,1.4600301389342265,3037658,,,,,,,,,,,,,2,1,,,,,,,seed_plan,/mnt/165d5ea0-c4bf-423a-a83b-e5fb727cf65f/lw/A/V14_cluster_all/V14_cluster_allcase_plans/case_047_2core.json,
case_047,3,ok,7.0226709842681885,326508,175910,1.856108237166733,3037658,,,,,,,,,,,,,3,1,,,,,,,seed_plan,/mnt/165d5ea0-c4bf-423a-a83b-e5fb727cf65f/lw/A/V14_cluster_all/V14_cluster_allcase_plans/case_047_3core.json,
case_047,4,ok,8.373812675476074,326508,148474,2.1990920969327963,3059566,,,,,,,,,,,,,4,1,,,,,,,seed_plan,/mnt/165d5ea0-c4bf-423a-a83b-e5fb727cf65f/lw/A/V14_cluster_all/V14_cluster_allcase_plans/case_047_4core.json,
case_047,5,ok,8.604769945144653,326508,127261,2.5656564069117795,3059566,,,,,,,,,,,,,5,1,,,,,,,seed_plan,/mnt/165d5ea0-c4bf-423a-a83b-e5fb727cf65f/lw/A/V14_cluster_all/V14_cluster_allcase_plans/case_047_5core.json,
case_048,1,ok,18.88011145591736,222220,222220,1.0,0,,,,,,,,,,,,,1,1,,,,,,,seed_plan,/mnt/165d5ea0-c4bf-423a-a83b-e5fb727cf65f/lw/A/V14_cluster_all/V14_cluster_allcase_plans/case_048_1core.json,
case_048,2,ok,0.7054133415222168,222220,137166,1.6200807780353732,731928,,,,,,,,,,,,,2,2,,,,,,,seed_plan,/mnt/165d5ea0-c4bf-423a-a83b-e5fb727cf65f/lw/A/V14_cluster_all/V14_cluster_allcase_plans/case_048_2core.json,
case_048,3,ok,0.7459006309509277,222220,110768,2.0061750686118733,752694,,,,,,,,,,,,,3,2,,,,,,,seed_plan,/mnt/165d5ea0-c4bf-423a-a83b-e5fb727cf65f/lw/A/V14_cluster_all/V14_cluster_allcase_plans/case_048_3core.json,
case_048,4,ok,0.8051888942718506,222220,110817,2.0052879973289297,752694,,,,,,,,,,,,,4,2,,,,,,,seed_plan,/mnt/165d5ea0-c4bf-423a-a83b-e5fb727cf65f/lw/A/V14_cluster_all/V14_cluster_allcase_plans/case_048_4core.json,
case_048,5,ok,0.7967584133148193,222220,110850,2.0046910239061795,752694,,,,,,,,,,,,,5,2,,,,,,,seed_plan,/mnt/165d5ea0-c4bf-423a-a83b-e5fb727cf65f/lw/A/V14_cluster_all/V14_cluster_allcase_plans/case_048_5core.json,
case_049,1,ok,61.48157525062561,196276,196276,1.0,0,,,,,,,,,,,,,1,1,,,,,,,seed_plan,/mnt/165d5ea0-c4bf-423a-a83b-e5fb727cf65f/lw/A/V14_cluster_all/V14_cluster_allcase_plans/case_049_1core.json,
case_049,2,ok,2.415626287460327,196276,114547,1.7134975163033515,940640,,,,,,,,,,,,,2,3,,,,,,,seed_plan,/mnt/165d5ea0-c4bf-423a-a83b-e5fb727cf65f/lw/A/V14_cluster_all/V14_cluster_allcase_plans/case_049_2core.json,
case_049,3,ok,2.4697999954223633,196276,79754,2.4610176292098203,930136,,,,,,,,,,,,,3,3,,,,,,,v14_conservative_measured_reassign,/mnt/165d5ea0-c4bf-423a-a83b-e5fb727cf65f/lw/A/V14_cluster_all/V14_cluster_allcase_plans/case_049_3core.json,
case_049,4,ok,1.7884583473205566,196276,63378,3.0969105998927073,940640,,,,,,,,,,,,,4,2,,,,,,,seed_plan,/mnt/165d5ea0-c4bf-423a-a83b-e5fb727cf65f/lw/A/V14_cluster_all/V14_cluster_allcase_plans/case_049_4core.json,
case_049,5,ok,1.831315517425537,196276,53152,3.692730282962071,940640,,,,,,,,,,,,,5,2,,,,,,,seed_plan,/mnt/165d5ea0-c4bf-423a-a83b-e5fb727cf65f/lw/A/V14_cluster_all/V14_cluster_allcase_plans/case_049_5core.json,
case_050,1,ok,72.42765831947327,149690,149690,1.0,0,,,,,,,,,,,,,1,1,,,,,,,seed_plan,/mnt/165d5ea0-c4bf-423a-a83b-e5fb727cf65f/lw/A/V14_cluster_all/V14_cluster_allcase_plans/case_050_1core.json,
case_050,2,ok,2.4912643432617188,149690,87488,1.7109775054864667,907112,,,,,,,,,,,,,2,3,,,,,,,v14_conservative,/mnt/165d5ea0-c4bf-423a-a83b-e5fb727cf65f/lw/A/V14_cluster_all/V14_cluster_allcase_plans/case_050_2core.json,
case_050,3,ok,2.5505614280700684,149690,59737,2.505817165240973,866112,,,,,,,,,,,,,3,3,,,,,,,v14_communication,/mnt/165d5ea0-c4bf-423a-a83b-e5fb727cf65f/lw/A/V14_cluster_all/V14_cluster_allcase_plans/case_050_3core.json,
case_050,4,ok,2.686232566833496,149690,47405,3.157683788629891,897696,,,,,,,,,,,,,4,3,,,,,,,v14_conservative,/mnt/165d5ea0-c4bf-423a-a83b-e5fb727cf65f/lw/A/V14_cluster_all/V14_cluster_allcase_plans/case_050_4core.json,
case_050,5,ok,2.736644744873047,149690,40975,3.65320317266626,886016,,,,,,,,,,,,,5,3,,,,,,,v14_communication,/mnt/165d5ea0-c4bf-423a-a83b-e5fb727cf65f/lw/A/V14_cluster_all/V14_cluster_allcase_plans/case_050_5core.json,
case_051,1,ok,6.040731906890869,607628,607628,1.0,0,,,,,,,,,,,,,1,1,,,,,,,seed_plan,/mnt/165d5ea0-c4bf-423a-a83b-e5fb727cf65f/lw/A/V14_cluster_all/V14_cluster_allcase_plans/case_051_1core.json,
case_051,2,ok,1.1327526569366455,607628,408100,1.4889193825042881,9046462,,,,,,,,,,,,,2,2,,,,,,,v14_conservative,/mnt/165d5ea0-c4bf-423a-a83b-e5fb727cf65f/lw/A/V14_cluster_all/V14_cluster_allcase_plans/case_051_2core.json,
case_051,3,ok,1.7318785190582275,607628,317952,1.9110683373590982,9046554,,,,,,,,,,,,,3,3,,,,,,,v14_conservative,/mnt/165d5ea0-c4bf-423a-a83b-e5fb727cf65f/lw/A/V14_cluster_all/V14_cluster_allcase_plans/case_051_3core.json,
case_051,4,ok,1.1103813648223877,607628,294201,2.065349879844052,9046462,,,,,,,,,,,,,4,2,,,,,,,v14_conservative,/mnt/165d5ea0-c4bf-423a-a83b-e5fb727cf65f/lw/A/V14_cluster_all/V14_cluster_allcase_plans/case_051_4core.json,
case_051,5,ok,1.1810827255249023,607628,259622,2.3404333993267135,9046462,,,,,,,,,,,,,5,2,,,,,,,v14_conservative,/mnt/165d5ea0-c4bf-423a-a83b-e5fb727cf65f/lw/A/V14_cluster_all/V14_cluster_allcase_plans/case_051_5core.json,
case_052,1,ok,8.366366863250732,180301,179284,1.005672564199817,714240,,,,,,,,,,,,,1,2,,,,,,,v14_conservative,/mnt/165d5ea0-c4bf-423a-a83b-e5fb727cf65f/lw/A/V14_cluster_all/V14_cluster_allcase_plans/case_052_1core.json,
case_052,2,ok,0.3972949981689453,180301,90336,1.9958931101664896,812544,,,,,,,,,,,,,2,2,,,,,,,seed_plan,/mnt/165d5ea0-c4bf-423a-a83b-e5fb727cf65f/lw/A/V14_cluster_all/V14_cluster_allcase_plans/case_052_2core.json,
case_052,3,ok,0.5818350315093994,180301,60765,2.9671850571875256,714240,,,,,,,,,,,,,3,3,,,,,,,v14_conservative_measured_reassign,/mnt/165d5ea0-c4bf-423a-a83b-e5fb727cf65f/lw/A/V14_cluster_all/V14_cluster_allcase_plans/case_052_3core.json,
case_052,4,ok,0.4573509693145752,180301,47097,3.828290549291887,812544,,,,,,,,,,,,,4,2,,,,,,,seed_plan,/mnt/165d5ea0-c4bf-423a-a83b-e5fb727cf65f/lw/A/V14_cluster_all/V14_cluster_allcase_plans/case_052_4core.json,
case_052,5,ok,0.6076037883758545,180301,37963,4.74938756157311,548352,,,,,,,,,,,,,5,3,,,,,,,v14_conservative,/mnt/165d5ea0-c4bf-423a-a83b-e5fb727cf65f/lw/A/V14_cluster_all/V14_cluster_allcase_plans/case_052_5core.json,
case_053,1,ok,365.5214385986328,1472686,1472686,1.0,5405536,,,,,,,,,,,,,1,1,,,,,,,seed_plan,/mnt/165d5ea0-c4bf-423a-a83b-e5fb727cf65f/lw/A/V14_cluster_all/V14_cluster_allcase_plans/case_053_1core.json,
case_053,2,ok,4.089663028717041,1472686,762751,1.930755908546826,15793260,,,,,,,,,,,,,2,1,,,,,,,seed_plan,/mnt/165d5ea0-c4bf-423a-a83b-e5fb727cf65f/lw/A/V14_cluster_all/V14_cluster_allcase_plans/case_053_2core.json,
case_053,3,ok,4.948965072631836,1472686,532812,2.76398804831723,16997996,,,,,,,,,,,,,3,1,,,,,,,seed_plan,/mnt/165d5ea0-c4bf-423a-a83b-e5fb727cf65f/lw/A/V14_cluster_all/V14_cluster_allcase_plans/case_053_3core.json,
case_053,4,ok,5.159093856811523,1472686,436065,3.377216699345281,16997996,,,,,,,,,,,,,4,1,,,,,,,seed_plan,/mnt/165d5ea0-c4bf-423a-a83b-e5fb727cf65f/lw/A/V14_cluster_all/V14_cluster_allcase_plans/case_053_4core.json,
case_053,5,ok,5.340177536010742,1472686,408851,3.60201149073868,16997996,,,,,,,,,,,,,5,1,,,,,,,seed_plan,/mnt/165d5ea0-c4bf-423a-a83b-e5fb727cf65f/lw/A/V14_cluster_all/V14_cluster_allcase_plans/case_053_5core.json,
case_054,1,ok,617.8341476917267,815051,815051,1.0,0,,,,,,,,,,,,,1,1,,,,,,,seed_plan,/mnt/165d5ea0-c4bf-423a-a83b-e5fb727cf65f/lw/A/V14_cluster_all/V14_cluster_allcase_plans/case_054_1core.json,
case_054,2,ok,7.133220195770264,815051,489565,1.6648473644970536,6404842,,,,,,,,,,,,,2,1,,,,,,,seed_plan,/mnt/165d5ea0-c4bf-423a-a83b-e5fb727cf65f/lw/A/V14_cluster_all/V14_cluster_allcase_plans/case_054_2core.json,
case_054,3,ok,7.012963533401489,815051,350525,2.3252292989087797,6404842,,,,,,,,,,,,,3,1,,,,,,,seed_plan,/mnt/165d5ea0-c4bf-423a-a83b-e5fb727cf65f/lw/A/V14_cluster_all/V14_cluster_allcase_plans/case_054_3core.json,
case_054,4,ok,8.804940700531006,815051,276231,2.950613797872071,6963652,,,,,,,,,,,,,4,1,,,,,,,seed_plan,/mnt/165d5ea0-c4bf-423a-a83b-e5fb727cf65f/lw/A/V14_cluster_all/V14_cluster_allcase_plans/case_054_4core.json,
case_054,5,ok,9.025076627731323,815051,235875,3.4554361420243773,6999896,,,,,,,,,,,,,5,1,,,,,,,seed_plan,/mnt/165d5ea0-c4bf-423a-a83b-e5fb727cf65f/lw/A/V14_cluster_all/V14_cluster_allcase_plans/case_054_5core.json,
case_055,1,ok,8.811133861541748,118835,107133,1.109228715708512,208388,,,,,,,,,,,,,1,2,,,,,,,v14_conservative,/mnt/165d5ea0-c4bf-423a-a83b-e5fb727cf65f/lw/A/V14_cluster_all/V14_cluster_allcase_plans/case_055_1core.json,
case_055,2,ok,0.5639150142669678,118835,54822,2.167651672686148,249860,,,,,,,,,,,,,2,3,,,,,,,seed_plan,/mnt/165d5ea0-c4bf-423a-a83b-e5fb727cf65f/lw/A/V14_cluster_all/V14_cluster_allcase_plans/case_055_2core.json,
case_055,3,ok,0.5485901832580566,118835,37162,3.1977557720251872,231424,,,,,,,,,,,,,3,3,,,,,,,v14_conservative,/mnt/165d5ea0-c4bf-423a-a83b-e5fb727cf65f/lw/A/V14_cluster_all/V14_cluster_allcase_plans/case_055_3core.json,
case_055,4,ok,0.5880577564239502,118835,29828,3.9840083143355236,208388,,,,,,,,,,,,,4,3,,,,,,,v14_communication,/mnt/165d5ea0-c4bf-423a-a83b-e5fb727cf65f/lw/A/V14_cluster_all/V14_cluster_allcase_plans/case_055_4core.json,
case_055,5,ok,0.6562774181365967,118835,25420,4.67486231313926,249860,,,,,,,,,,,,,5,3,,,,,,,seed_plan,/mnt/165d5ea0-c4bf-423a-a83b-e5fb727cf65f/lw/A/V14_cluster_all/V14_cluster_allcase_plans/case_055_5core.json,
case_056,1,ok,175.18804717063904,277285,277285,1.0,0,,,,,,,,,,,,,1,1,,,,,,,seed_plan,/mnt/165d5ea0-c4bf-423a-a83b-e5fb727cf65f/lw/A/V14_cluster_all/V14_cluster_allcase_plans/case_056_1core.json,
case_056,2,ok,1.6252846717834473,277285,165025,1.680260566580821,1634392,,,,,,,,,,,,,2,1,,,,,,,seed_plan,/mnt/165d5ea0-c4bf-423a-a83b-e5fb727cf65f/lw/A/V14_cluster_all/V14_cluster_allcase_plans/case_056_2core.json,
case_056,3,ok,1.648073673248291,277285,116791,2.3741983543252476,1616106,,,,,,,,,,,,,3,1,,,,,,,seed_plan,/mnt/165d5ea0-c4bf-423a-a83b-e5fb727cf65f/lw/A/V14_cluster_all/V14_cluster_allcase_plans/case_056_3core.json,
case_056,4,ok,1.683983325958252,277285,90375,3.0681604426002766,1634392,,,,,,,,,,,,,4,1,,,,,,,seed_plan,/mnt/165d5ea0-c4bf-423a-a83b-e5fb727cf65f/lw/A/V14_cluster_all/V14_cluster_allcase_plans/case_056_4core.json,
case_056,5,ok,1.6721727848052979,277285,77661,3.570453638248284,1634392,,,,,,,,,,,,,5,1,,,,,,,seed_plan,/mnt/165d5ea0-c4bf-423a-a83b-e5fb727cf65f/lw/A/V14_cluster_all/V14_cluster_allcase_plans/case_056_5core.json,
case_057,1,ok,5.308034658432007,59726,59726,1.0,94216,,,,,,,,,,,,,1,1,,,,,,,seed_plan,/mnt/165d5ea0-c4bf-423a-a83b-e5fb727cf65f/lw/A/V14_cluster_all/V14_cluster_allcase_plans/case_057_1core.json,
case_057,2,ok,0.29471659660339355,59726,30958,1.929258996059177,54920,,,,,,,,,,,,,2,2,,,,,,,seed_plan,/mnt/165d5ea0-c4bf-423a-a83b-e5fb727cf65f/lw/A/V14_cluster_all/V14_cluster_allcase_plans/case_057_2core.json,
case_057,3,ok,0.31980395317077637,59726,20914,2.8557903796499953,54920,,,,,,,,,,,,,3,2,,,,,,,seed_plan,/mnt/165d5ea0-c4bf-423a-a83b-e5fb727cf65f/lw/A/V14_cluster_all/V14_cluster_allcase_plans/case_057_3core.json,
case_057,4,ok,0.43645620346069336,59726,16971,3.5192976253609096,84616,,,,,,,,,,,,,4,3,,,,,,,seed_plan,/mnt/165d5ea0-c4bf-423a-a83b-e5fb727cf65f/lw/A/V14_cluster_all/V14_cluster_allcase_plans/case_057_4core.json,
case_057,5,ok,0.33418965339660645,59726,13979,4.272551684669862,56968,,,,,,,,,,,,,5,2,,,,,,,seed_plan,/mnt/165d5ea0-c4bf-423a-a83b-e5fb727cf65f/lw/A/V14_cluster_all/V14_cluster_allcase_plans/case_057_5core.json,
case_058,1,ok,580.2524554729462,4539717,4361462,1.0408704695810718,19636224,,,,,,,,,,,,,1,1,,,,,,,seed_plan,/mnt/165d5ea0-c4bf-423a-a83b-e5fb727cf65f/lw/A/V14_cluster_all/V14_cluster_allcase_plans/case_058_1core.json,
case_058,2,ok,6.765664339065552,4539717,2187195,2.075588596352863,41955328,,,,,,,,,,,,,2,1,,,,,,,seed_plan,/mnt/165d5ea0-c4bf-423a-a83b-e5fb727cf65f/lw/A/V14_cluster_all/V14_cluster_allcase_plans/case_058_2core.json,
case_058,3,ok,12.209295749664307,4539717,1458289,3.11304343652047,19636224,,,,,,,,,,,,,3,1,,,,,,,seed_plan,/mnt/165d5ea0-c4bf-423a-a83b-e5fb727cf65f/lw/A/V14_cluster_all/V14_cluster_allcase_plans/case_058_3core.json,
case_058,4,ok,94.05037021636963,4539717,1154519,3.9321284448328697,42622976,,,,,,,,,,,,,4,1,,,,,,,seed_plan,/mnt/165d5ea0-c4bf-423a-a83b-e5fb727cf65f/lw/A/V14_cluster_all/V14_cluster_allcase_plans/case_058_4core.json,
case_058,5,ok,5.602747440338135,4539717,994965,4.562690144879468,41955328,,,,,,,,,,,,,5,1,,,,,,,seed_plan,/mnt/165d5ea0-c4bf-423a-a83b-e5fb727cf65f/lw/A/V14_cluster_all/V14_cluster_allcase_plans/case_058_5core.json,
case_059,1,ok,24.564987897872925,829473,741531,1.1185951767356994,3649536,,,,,,,,,,,,,1,2,,,,,,,v14_conservative,/mnt/165d5ea0-c4bf-423a-a83b-e5fb727cf65f/lw/A/V14_cluster_all/V14_cluster_allcase_plans/case_059_1core.json,
case_059,2,ok,0.7520856857299805,829473,369318,2.2459587672412393,360448,,,,,,,,,,,,,2,1,,,,,,,seed_plan,/mnt/165d5ea0-c4bf-423a-a83b-e5fb727cf65f/lw/A/V14_cluster_all/V14_cluster_allcase_plans/case_059_2core.json,
case_059,3,ok,1.420243263244629,829473,255392,3.2478425322641273,3649536,,,,,,,,,,,,,3,2,,,,,,,v14_conservative,/mnt/165d5ea0-c4bf-423a-a83b-e5fb727cf65f/lw/A/V14_cluster_all/V14_cluster_allcase_plans/case_059_3core.json,
case_059,4,ok,0.6544320583343506,829473,185216,4.478408992743607,1081344,,,,,,,,,,,,,4,1,,,,,,,seed_plan,/mnt/165d5ea0-c4bf-423a-a83b-e5fb727cf65f/lw/A/V14_cluster_all/V14_cluster_allcase_plans/case_059_4core.json,
case_059,5,ok,1.1453981399536133,829473,150782,5.501140719714555,4325376,,,,,,,,,,,,,5,1,,,,,,,seed_plan,/mnt/165d5ea0-c4bf-423a-a83b-e5fb727cf65f/lw/A/V14_cluster_all/V14_cluster_allcase_plans/case_059_5core.json,
case_060,1,ok,109.35604619979858,888789,764257,1.1629451872864756,7340672,,,,,,,,,,,,,1,2,,,,,,,v14_conservative,/mnt/165d5ea0-c4bf-423a-a83b-e5fb727cf65f/lw/A/V14_cluster_all/V14_cluster_allcase_plans/case_060_1core.json,
case_060,2,ok,2.449103355407715,888789,387568,2.293246604466829,7381636,,,,,,,,,,,,,2,2,,,,,,,seed_plan,/mnt/165d5ea0-c4bf-423a-a83b-e5fb727cf65f/lw/A/V14_cluster_all/V14_cluster_allcase_plans/case_060_2core.json,
case_060,3,ok,2.8578052520751953,888789,262240,3.389219798657718,7381636,,,,,,,,,,,,,3,2,,,,,,,seed_plan,/mnt/165d5ea0-c4bf-423a-a83b-e5fb727cf65f/lw/A/V14_cluster_all/V14_cluster_allcase_plans/case_060_3core.json,
case_060,4,ok,3.9653079509735107,888789,206693,4.300044026648218,7248772,,,,,,,,,,,,,4,2,,,,,,,seed_plan,/mnt/165d5ea0-c4bf-423a-a83b-e5fb727cf65f/lw/A/V14_cluster_all/V14_cluster_allcase_plans/case_060_4core.json,
case_060,5,ok,4.582666635513306,888789,171248,5.19006937307297,7207808,,,,,,,,,,,,,5,2,,,,,,,v14_conservative,/mnt/165d5ea0-c4bf-423a-a83b-e5fb727cf65f/lw/A/V14_cluster_all/V14_cluster_allcase_plans/case_060_5core.json,
case_061,1,ok,8.319125413894653,77191,77191,1.0,0,,,,,,,,,,,,,1,1,,,,,,,seed_plan,/mnt/165d5ea0-c4bf-423a-a83b-e5fb727cf65f/lw/A/V14_cluster_all/V14_cluster_allcase_plans/case_061_1core.json,
case_061,2,ok,0.3207516670227051,77191,38819,1.9884850202220563,34560,,,,,,,,,,,,,2,1,,,,,,,seed_plan,/mnt/165d5ea0-c4bf-423a-a83b-e5fb727cf65f/lw/A/V14_cluster_all/V14_cluster_allcase_plans/case_061_2core.json,
case_061,3,ok,0.31420350074768066,77191,28409,2.7171318948220633,43008,,,,,,,,,,,,,3,1,,,,,,,seed_plan,/mnt/165d5ea0-c4bf-423a-a83b-e5fb727cf65f/lw/A/V14_cluster_all/V14_cluster_allcase_plans/case_061_3core.json,
case_061,4,ok,0.4190685749053955,77191,23025,3.352486427795874,238340,,,,,,,,,,,,,4,2,,,,,,,seed_plan,/mnt/165d5ea0-c4bf-423a-a83b-e5fb727cf65f/lw/A/V14_cluster_all/V14_cluster_allcase_plans/case_061_4core.json,
case_061,5,ok,0.45029282569885254,77191,19964,3.8665097174914846,248836,,,,,,,,,,,,,5,2,,,,,,,seed_plan,/mnt/165d5ea0-c4bf-423a-a83b-e5fb727cf65f/lw/A/V14_cluster_all/V14_cluster_allcase_plans/case_061_5core.json,
case_062,1,ok,558.905104637146,2854809,2854809,1.0,0,,,,,,,,,,,,,1,1,,,,,,,seed_plan,/mnt/165d5ea0-c4bf-423a-a83b-e5fb727cf65f/lw/A/V14_cluster_all/V14_cluster_allcase_plans/case_062_1core.json,
case_062,2,ok,6.921479225158691,2854809,1444896,1.975788568865856,6700032,,,,,,,,,,,,,2,1,,,,,,,seed_plan,/mnt/165d5ea0-c4bf-423a-a83b-e5fb727cf65f/lw/A/V14_cluster_all/V14_cluster_allcase_plans/case_062_2core.json,
case_062,3,ok,15.694667100906372,2854809,965606,2.956494677953534,6700032,,,,,,,,,,,,,3,1,,,,,,,seed_plan,/mnt/165d5ea0-c4bf-423a-a83b-e5fb727cf65f/lw/A/V14_cluster_all/V14_cluster_allcase_plans/case_062_3core.json,
case_062,4,ok,6.869792222976685,2854809,729629,3.91268576221614,6700032,,,,,,,,,,,,,4,1,,,,,,,seed_plan,/mnt/165d5ea0-c4bf-423a-a83b-e5fb727cf65f/lw/A/V14_cluster_all/V14_cluster_allcase_plans/case_062_4core.json,
case_062,5,ok,6.5441670417785645,2854809,589567,4.842213013957701,6700032,,,,,,,,,,,,,5,1,,,,,,,seed_plan,/mnt/165d5ea0-c4bf-423a-a83b-e5fb727cf65f/lw/A/V14_cluster_all/V14_cluster_allcase_plans/case_062_5core.json,
case_063,1,ok,85.35059952735901,1070397,1070397,1.0,0,,,,,,,,,,,,,1,1,,,,,,,seed_plan,/mnt/165d5ea0-c4bf-423a-a83b-e5fb727cf65f/lw/A/V14_cluster_all/V14_cluster_allcase_plans/case_063_1core.json,
case_063,2,ok,1.651643991470337,1070397,546562,1.9584182581299103,2509824,,,,,,,,,,,,,2,1,,,,,,,seed_plan,/mnt/165d5ea0-c4bf-423a-a83b-e5fb727cf65f/lw/A/V14_cluster_all/V14_cluster_allcase_plans/case_063_2core.json,
case_063,3,ok,2.532205581665039,1070397,366619,2.91964409918744,2509824,,,,,,,,,,,,,3,1,,,,,,,seed_plan,/mnt/165d5ea0-c4bf-423a-a83b-e5fb727cf65f/lw/A/V14_cluster_all/V14_cluster_allcase_plans/case_063_3core.json,
case_063,4,ok,1.6556975841522217,1070397,279285,3.8326333315430476,2509824,,,,,,,,,,,,,4,1,,,,,,,seed_plan,/mnt/165d5ea0-c4bf-423a-a83b-e5fb727cf65f/lw/A/V14_cluster_all/V14_cluster_allcase_plans/case_063_4core.json,
case_063,5,ok,1.6478345394134521,1070397,226593,4.723874965246058,2509824,,,,,,,,,,,,,5,1,,,,,,,seed_plan,/mnt/165d5ea0-c4bf-423a-a83b-e5fb727cf65f/lw/A/V14_cluster_all/V14_cluster_allcase_plans/case_063_5core.json,
case_064,1,ok,7.144988775253296,19116,19116,1.0,0,,,,,,,,,,,,,1,1,,,,,,,seed_plan,/mnt/165d5ea0-c4bf-423a-a83b-e5fb727cf65f/lw/A/V14_cluster_all/V14_cluster_allcase_plans/case_064_1core.json,
case_064,2,ok,0.376392126083374,19116,14678,1.3023572693827496,110722,,,,,,,,,,,,,2,2,,,,,,,seed_plan,/mnt/165d5ea0-c4bf-423a-a83b-e5fb727cf65f/lw/A/V14_cluster_all/V14_cluster_allcase_plans/case_064_2core.json,
case_064,3,ok,0.36820363998413086,19116,12131,1.5757975434836369,110722,,,,,,,,,,,,,3,2,,,,,,,seed_plan,/mnt/165d5ea0-c4bf-423a-a83b-e5fb727cf65f/lw/A/V14_cluster_all/V14_cluster_allcase_plans/case_064_3core.json,
case_064,4,ok,0.5040655136108398,19116,10244,1.866067942210074,115086,,,,,,,,,,,,,4,3,,,,,,,seed_plan,/mnt/165d5ea0-c4bf-423a-a83b-e5fb727cf65f/lw/A/V14_cluster_all/V14_cluster_allcase_plans/case_064_4core.json,
case_064,5,ok,0.5070095062255859,19116,10267,1.8618876010519139,115086,,,,,,,,,,,,,5,3,,,,,,,seed_plan,/mnt/165d5ea0-c4bf-423a-a83b-e5fb727cf65f/lw/A/V14_cluster_all/V14_cluster_allcase_plans/case_064_5core.json,
case_065,1,ok,4.5920164585113525,53068,53068,1.0,0,,,,,,,,,,,,,1,1,,,,,,,seed_plan,/mnt/165d5ea0-c4bf-423a-a83b-e5fb727cf65f/lw/A/V14_cluster_all/V14_cluster_allcase_plans/case_065_1core.json,
case_065,2,ok,0.22601747512817383,53068,26928,1.970736779560309,13968,,,,,,,,,,,,,2,1,,,,,,,seed_plan,/mnt/165d5ea0-c4bf-423a-a83b-e5fb727cf65f/lw/A/V14_cluster_all/V14_cluster_allcase_plans/case_065_2core.json,
case_065,3,ok,0.19838166236877441,53068,18165,2.921442334159097,27792,,,,,,,,,,,,,3,1,,,,,,,seed_plan,/mnt/165d5ea0-c4bf-423a-a83b-e5fb727cf65f/lw/A/V14_cluster_all/V14_cluster_allcase_plans/case_065_3core.json,
case_065,4,ok,0.29393696784973145,53068,14339,3.7009554362228885,111600,,,,,,,,,,,,,4,2,,,,,,,seed_plan,/mnt/165d5ea0-c4bf-423a-a83b-e5fb727cf65f/lw/A/V14_cluster_all/V14_cluster_allcase_plans/case_065_4core.json,
case_065,5,ok,0.20878243446350098,53068,12156,4.365580783152352,55584,,,,,,,,,,,,,5,1,,,,,,,seed_plan,/mnt/165d5ea0-c4bf-423a-a83b-e5fb727cf65f/lw/A/V14_cluster_all/V14_cluster_allcase_plans/case_065_5core.json,
case_066,1,ok,114.26745128631592,359070,359070,1.0,0,,,,,,,,,,,,,1,1,,,,,,,seed_plan,/mnt/165d5ea0-c4bf-423a-a83b-e5fb727cf65f/lw/A/V14_cluster_all/V14_cluster_allcase_plans/case_066_1core.json,
case_066,2,ok,3.6891160011291504,359070,200617,1.7898283794493985,2724996,,,,,,,,,,,,,2,3,,,,,,,seed_plan,/mnt/165d5ea0-c4bf-423a-a83b-e5fb727cf65f/lw/A/V14_cluster_all/V14_cluster_allcase_plans/case_066_2core.json,
case_066,3,ok,4.335400104522705,359070,141820,2.5318713862642785,2784052,,,,,,,,,,,,,3,3,,,,,,,seed_plan,/mnt/165d5ea0-c4bf-423a-a83b-e5fb727cf65f/lw/A/V14_cluster_all/V14_cluster_allcase_plans/case_066_3core.json,
case_066,4,ok,4.406241416931152,359070,106526,3.3707263954339783,2595968,,,,,,,,,,,,,4,3,,,,,,,v14_conservative,/mnt/165d5ea0-c4bf-423a-a83b-e5fb727cf65f/lw/A/V14_cluster_all/V14_cluster_allcase_plans/case_066_4core.json,
case_066,5,ok,4.864424467086792,359070,94365,3.805118423144174,2784052,,,,,,,,,,,,,5,3,,,,,,,seed_plan,/mnt/165d5ea0-c4bf-423a-a83b-e5fb727cf65f/lw/A/V14_cluster_all/V14_cluster_allcase_plans/case_066_5core.json,
case_067,1,ok,107.44136381149292,63834834,63744665,1.0014145340633605,201373440,,,,,,,,,,,,,1,1,,,,,,,seed_plan,/mnt/165d5ea0-c4bf-423a-a83b-e5fb727cf65f/lw/A/V14_cluster_all/V14_cluster_allcase_plans/case_067_1core.json,
case_067,2,ok,2.278566837310791,63834834,31958112,1.9974532287764684,201373440,,,,,,,,,,,,,2,1,,,,,,,seed_plan,/mnt/165d5ea0-c4bf-423a-a83b-e5fb727cf65f/lw/A/V14_cluster_all/V14_cluster_allcase_plans/case_067_2core.json,
case_067,3,ok,2.5566320419311523,63834834,21800896,2.928083047595842,207985280,,,,,,,,,,,,,3,1,,,,,,,seed_plan,/mnt/165d5ea0-c4bf-423a-a83b-e5fb727cf65f/lw/A/V14_cluster_all/V14_cluster_allcase_plans/case_067_3core.json,
case_067,4,ok,2.933509349822998,63834834,16508498,3.8667863060588554,213434496,,,,,,,,,,,,,4,1,,,,,,,seed_plan,/mnt/165d5ea0-c4bf-423a-a83b-e5fb727cf65f/lw/A/V14_cluster_all/V14_cluster_allcase_plans/case_067_4core.json,
case_067,5,ok,2.870739221572876,63834834,13456435,4.743814687916971,210709888,,,,,,,,,,,,,5,1,,,,,,,seed_plan,/mnt/165d5ea0-c4bf-423a-a83b-e5fb727cf65f/lw/A/V14_cluster_all/V14_cluster_allcase_plans/case_067_5core.json,
case_068,1,ok,103.97852110862732,362095,362095,1.0,0,,,,,,,,,,,,,1,1,,,,,,,seed_plan,/mnt/165d5ea0-c4bf-423a-a83b-e5fb727cf65f/lw/A/V14_cluster_all/V14_cluster_allcase_plans/case_068_1core.json,
case_068,2,ok,3.490206241607666,362095,207093,1.748465665184241,3114642,,,,,,,,,,,,,2,3,,,,,,,seed_plan,/mnt/165d5ea0-c4bf-423a-a83b-e5fb727cf65f/lw/A/V14_cluster_all/V14_cluster_allcase_plans/case_068_2core.json,
case_068,3,ok,2.612839460372925,362095,148169,2.4437972855320615,3108306,,,,,,,,,,,,,3,2,,,,,,,seed_plan,/mnt/165d5ea0-c4bf-423a-a83b-e5fb727cf65f/lw/A/V14_cluster_all/V14_cluster_allcase_plans/case_068_3core.json,
case_068,4,ok,3.9685451984405518,362095,126293,2.867102689776947,3121958,,,,,,,,,,,,,4,3,,,,,,,seed_plan,/mnt/165d5ea0-c4bf-423a-a83b-e5fb727cf65f/lw/A/V14_cluster_all/V14_cluster_allcase_plans/case_068_4core.json,
case_068,5,ok,2.9392898082733154,362095,117781,3.074307401023934,3121958,,,,,,,,,,,,,5,2,,,,,,,seed_plan,/mnt/165d5ea0-c4bf-423a-a83b-e5fb727cf65f/lw/A/V14_cluster_all/V14_cluster_allcase_plans/case_068_5core.json,
case_069,1,ok,9.502751588821411,25144,25144,1.0,0,,,,,,,,,,,,,1,1,,,,,,,seed_plan,/mnt/165d5ea0-c4bf-423a-a83b-e5fb727cf65f/lw/A/V14_cluster_all/V14_cluster_allcase_plans/case_069_1core.json,
case_069,2,ok,0.3999600410461426,25144,17303,1.4531584118360978,258614,,,,,,,,,,,,,2,2,,,,,,,v14_conservative,/mnt/165d5ea0-c4bf-423a-a83b-e5fb727cf65f/lw/A/V14_cluster_all/V14_cluster_allcase_plans/case_069_2core.json,
case_069,3,ok,0.4506676197052002,25144,12507,2.0103941792596145,314392,,,,,,,,,,,,,3,2,,,,,,,seed_plan,/mnt/165d5ea0-c4bf-423a-a83b-e5fb727cf65f/lw/A/V14_cluster_all/V14_cluster_allcase_plans/case_069_3core.json,
case_069,4,ok,0.67093825340271,25144,12167,2.0665735185337386,464224,,,,,,,,,,,,,4,3,,,,,,,seed_plan,/mnt/165d5ea0-c4bf-423a-a83b-e5fb727cf65f/lw/A/V14_cluster_all/V14_cluster_allcase_plans/case_069_4core.json,
case_069,5,ok,0.2633962631225586,25144,9788,2.5688598283612585,336608,,,,,,,,,,,,,5,1,,,,,,,seed_plan,/mnt/165d5ea0-c4bf-423a-a83b-e5fb727cf65f/lw/A/V14_cluster_all/V14_cluster_allcase_plans/case_069_5core.json,
case_070,1,ok,9.095881700515747,117300,117300,1.0,0,,,,,,,,,,,,,1,1,,,,,,,seed_plan,/mnt/165d5ea0-c4bf-423a-a83b-e5fb727cf65f/lw/A/V14_cluster_all/V14_cluster_allcase_plans/case_070_1core.json,
case_070,2,ok,0.3151977062225342,117300,58525,2.0042716787697565,129536,,,,,,,,,,,,,2,1,,,,,,,seed_plan,/mnt/165d5ea0-c4bf-423a-a83b-e5fb727cf65f/lw/A/V14_cluster_all/V14_cluster_allcase_plans/case_070_2core.json,
case_070,3,ok,0.5834484100341797,117300,41358,2.836210648483969,933404,,,,,,,,,,,,,3,3,,,,,,,seed_plan,/mnt/165d5ea0-c4bf-423a-a83b-e5fb727cf65f/lw/A/V14_cluster_all/V14_cluster_allcase_plans/case_070_3core.json,
case_070,4,ok,0.4261777400970459,117300,32737,3.5831016892201486,1007132,,,,,,,,,,,,,4,2,,,,,,,seed_plan,/mnt/165d5ea0-c4bf-423a-a83b-e5fb727cf65f/lw/A/V14_cluster_all/V14_cluster_allcase_plans/case_070_4core.json,
case_070,5,ok,0.34258246421813965,117300,27664,4.240167727009832,462848,,,,,,,,,,,,,5,1,,,,,,,seed_plan,/mnt/165d5ea0-c4bf-423a-a83b-e5fb727cf65f/lw/A/V14_cluster_all/V14_cluster_allcase_plans/case_070_5core.json,
case_071,1,ok,5.809097528457642,18919,18919,1.0,0,,,,,,,,,,,,,1,1,,,,,,,seed_plan,/mnt/165d5ea0-c4bf-423a-a83b-e5fb727cf65f/lw/A/V14_cluster_all/V14_cluster_allcase_plans/case_071_1core.json,
case_071,2,ok,0.40938282012939453,18919,12369,1.529549680653246,304428,,,,,,,,,,,,,2,3,,,,,,,seed_plan,/mnt/165d5ea0-c4bf-423a-a83b-e5fb727cf65f/lw/A/V14_cluster_all/V14_cluster_allcase_plans/case_071_2core.json,
case_071,3,ok,0.32801055908203125,18919,10215,1.8520802741067057,304428,,,,,,,,,,,,,3,2,,,,,,,seed_plan,/mnt/165d5ea0-c4bf-423a-a83b-e5fb727cf65f/lw/A/V14_cluster_all/V14_cluster_allcase_plans/case_071_3core.json,
case_071,4,ok,0.3306107521057129,18919,9293,2.0358334230065642,253502,,,,,,,,,,,,,4,2,,,,,,,seed_plan,/mnt/165d5ea0-c4bf-423a-a83b-e5fb727cf65f/lw/A/V14_cluster_all/V14_cluster_allcase_plans/case_071_4core.json,
case_071,5,ok,0.3482017517089844,18919,9705,1.94940752189593,309410,,,,,,,,,,,,,5,2,,,,,,,v14_conservative,/mnt/165d5ea0-c4bf-423a-a83b-e5fb727cf65f/lw/A/V14_cluster_all/V14_cluster_allcase_plans/case_071_5core.json,
case_072,1,ok,2010.9778203964233,23897828,23219182,1.0292278168972533,79801544,,,,,,,,,,,,,1,1,,,,,,,seed_plan,/mnt/165d5ea0-c4bf-423a-a83b-e5fb727cf65f/lw/A/V14_cluster_all/V14_cluster_allcase_plans/case_072_1core.json,
case_072,2,ok,20.12625765800476,23897828,11671302,2.0475717276444394,153623480,,,,,,,,,,,,,2,1,,,,,,,seed_plan,/mnt/165d5ea0-c4bf-423a-a83b-e5fb727cf65f/lw/A/V14_cluster_all/V14_cluster_allcase_plans/case_072_2core.json,
case_072,3,ok,22.371866703033447,23897828,7848392,3.044933025771394,149464592,,,,,,,,,,,,,3,1,,,,,,,seed_plan,/mnt/165d5ea0-c4bf-423a-a83b-e5fb727cf65f/lw/A/V14_cluster_all/V14_cluster_allcase_plans/case_072_3core.json,
case_072,4,ok,25.79977250099182,23897828,5888396,4.058461421412554,153623480,,,,,,,,,,,,,4,1,,,,,,,seed_plan,/mnt/165d5ea0-c4bf-423a-a83b-e5fb727cf65f/lw/A/V14_cluster_all/V14_cluster_allcase_plans/case_072_4core.json,
case_072,5,ok,29.589155197143555,23897828,4735152,5.046897755341328,153623480,,,,,,,,,,,,,5,1,,,,,,,seed_plan,/mnt/165d5ea0-c4bf-423a-a83b-e5fb727cf65f/lw/A/V14_cluster_all/V14_cluster_allcase_plans/case_072_5core.json,
case_073,1,ok,45.19133806228638,10081626,10081626,1.0,141570432,,,,,,,,,,,,,1,1,,,,,,,seed_plan,/mnt/165d5ea0-c4bf-423a-a83b-e5fb727cf65f/lw/A/V14_cluster_all/V14_cluster_allcase_plans/case_073_1core.json,
case_073,2,ok,2.8791887760162354,10081626,5273105,1.9118955529996084,138870656,,,,,,,,,,,,,2,3,,,,,,,seed_plan,/mnt/165d5ea0-c4bf-423a-a83b-e5fb727cf65f/lw/A/V14_cluster_all/V14_cluster_allcase_plans/case_073_2core.json,
case_073,3,ok,4.008033275604248,10081626,3936946,2.560773249112383,103762048,,,,,,,,,,,,,3,3,,,,,,,v14_conservative,/mnt/165d5ea0-c4bf-423a-a83b-e5fb727cf65f/lw/A/V14_cluster_all/V14_cluster_allcase_plans/case_073_3core.json,
case_073,4,ok,4.056088447570801,10081626,3251593,3.1005190378992697,103762048,,,,,,,,,,,,,4,3,,,,,,,v14_conservative_measured_reassign,/mnt/165d5ea0-c4bf-423a-a83b-e5fb727cf65f/lw/A/V14_cluster_all/V14_cluster_allcase_plans/case_073_4core.json,
case_073,5,ok,4.121908664703369,10081626,2961745,3.4039480103790165,103762048,,,,,,,,,,,,,5,3,,,,,,,seed_plan,/mnt/165d5ea0-c4bf-423a-a83b-e5fb727cf65f/lw/A/V14_cluster_all/V14_cluster_allcase_plans/case_073_5core.json,
case_074,1,ok,62.31266641616821,1682239,1613950,1.0423117196939187,11444236,,,,,,,,,,,,,1,2,,,,,,,seed_plan,/mnt/165d5ea0-c4bf-423a-a83b-e5fb727cf65f/lw/A/V14_cluster_all/V14_cluster_allcase_plans/case_074_1core.json,
case_074,2,ok,2.0389835834503174,1682239,809920,2.0770434116949823,11444236,,,,,,,,,,,,,2,2,,,,,,,seed_plan,/mnt/165d5ea0-c4bf-423a-a83b-e5fb727cf65f/lw/A/V14_cluster_all/V14_cluster_allcase_plans/case_074_2core.json,
case_074,3,ok,2.3941733837127686,1682239,544166,3.0914077689528563,11444236,,,,,,,,,,,,,3,2,,,,,,,seed_plan,/mnt/165d5ea0-c4bf-423a-a83b-e5fb727cf65f/lw/A/V14_cluster_all/V14_cluster_allcase_plans/case_074_3core.json,
case_074,4,ok,2.467942953109741,1682239,411112,4.091923855299773,11444236,,,,,,,,,,,,,4,2,,,,,,,seed_plan,/mnt/165d5ea0-c4bf-423a-a83b-e5fb727cf65f/lw/A/V14_cluster_all/V14_cluster_allcase_plans/case_074_4core.json,
case_074,5,ok,2.6658341884613037,1682239,334761,5.0251940936966975,13467660,,,,,,,,,,,,,5,2,,,,,,,seed_plan,/mnt/165d5ea0-c4bf-423a-a83b-e5fb727cf65f/lw/A/V14_cluster_all/V14_cluster_allcase_plans/case_074_5core.json,
case_075,1,ok,193.49927973747253,1441809,1441809,1.0,0,,,,,,,,,,,,,1,1,,,,,,,seed_plan,/mnt/165d5ea0-c4bf-423a-a83b-e5fb727cf65f/lw/A/V14_cluster_all/V14_cluster_allcase_plans/case_075_1core.json,
case_075,2,ok,2.183462619781494,1441809,818827,1.7608224936402928,5282344,,,,,,,,,,,,,2,1,,,,,,,seed_plan,/mnt/165d5ea0-c4bf-423a-a83b-e5fb727cf65f/lw/A/V14_cluster_all/V14_cluster_allcase_plans/case_075_2core.json,
case_075,3,ok,2.2444796562194824,1441809,607595,2.372977065314889,5282344,,,,,,,,,,,,,3,1,,,,,,,seed_plan,/mnt/165d5ea0-c4bf-423a-a83b-e5fb727cf65f/lw/A/V14_cluster_all/V14_cluster_allcase_plans/case_075_3core.json,
case_075,4,ok,1.980238676071167,1441809,461419,3.1247282838374666,5252706,,,,,,,,,,,,,4,1,,,,,,,seed_plan,/mnt/165d5ea0-c4bf-423a-a83b-e5fb727cf65f/lw/A/V14_cluster_all/V14_cluster_allcase_plans/case_075_4core.json,
case_075,5,ok,2.13448429107666,1441809,364432,3.9563183255037977,5282344,,,,,,,,,,,,,5,1,,,,,,,seed_plan,/mnt/165d5ea0-c4bf-423a-a83b-e5fb727cf65f/lw/A/V14_cluster_all/V14_cluster_allcase_plans/case_075_5core.json,
case_076,1,ok,2097.8329479694366,6185113,6075211,1.0180902358782271,61544448,,,,,,,,,,,,,1,1,,,,,,,seed_plan,/mnt/165d5ea0-c4bf-423a-a83b-e5fb727cf65f/lw/A/V14_cluster_all/V14_cluster_allcase_plans/case_076_1core.json,
case_076,2,ok,28.474018335342407,6185113,3038307,2.0357103479009857,61544448,,,,,,,,,,,,,2,1,,,,,,,seed_plan,/mnt/165d5ea0-c4bf-423a-a83b-e5fb727cf65f/lw/A/V14_cluster_all/V14_cluster_allcase_plans/case_076_2core.json,
case_076,3,ok,39.06828474998474,6185113,2027086,3.051233642775886,61544448,,,,,,,,,,,,,3,1,,,,,,,seed_plan,/mnt/165d5ea0-c4bf-423a-a83b-e5fb727cf65f/lw/A/V14_cluster_all/V14_cluster_allcase_plans/case_076_3core.json,
case_076,4,ok,34.336302280426025,6185113,1525277,4.055075242070784,63294480,,,,,,,,,,,,,4,1,,,,,,,seed_plan,/mnt/165d5ea0-c4bf-423a-a83b-e5fb727cf65f/lw/A/V14_cluster_all/V14_cluster_allcase_plans/case_076_4core.json,
case_076,5,ok,87.36725187301636,6185113,1236208,5.003294752986553,56089600,,,,,,,,,,,,,5,1,,,,,,,seed_plan,/mnt/165d5ea0-c4bf-423a-a83b-e5fb727cf65f/lw/A/V14_cluster_all/V14_cluster_allcase_plans/case_076_5core.json,
case_077,1,ok,69.94709134101868,495320,495320,1.0,0,,,,,,,,,,,,,1,1,,,,,,,seed_plan,/mnt/165d5ea0-c4bf-423a-a83b-e5fb727cf65f/lw/A/V14_cluster_all/V14_cluster_allcase_plans/case_077_1core.json,
case_077,2,ok,2.8376059532165527,495320,250735,1.9754721119907472,57344,,,,,,,,,,,,,2,1,,,,,,,seed_plan,/mnt/165d5ea0-c4bf-423a-a83b-e5fb727cf65f/lw/A/V14_cluster_all/V14_cluster_allcase_plans/case_077_2core.json,
case_077,3,ok,3.00222110748291,495320,173162,2.8604428223282246,1858542,,,,,,,,,,,,,3,3,,,,,,,seed_plan,/mnt/165d5ea0-c4bf-423a-a83b-e5fb727cf65f/lw/A/V14_cluster_all/V14_cluster_allcase_plans/case_077_3core.json,
case_077,4,ok,3.285245895385742,495320,133324,3.7151600612042843,1979378,,,,,,,,,,,,,4,3,,,,,,,seed_plan,/mnt/165d5ea0-c4bf-423a-a83b-e5fb727cf65f/lw/A/V14_cluster_all/V14_cluster_allcase_plans/case_077_4core.json,
case_077,5,ok,2.2542779445648193,495320,109162,4.537476411205365,1858542,,,,,,,,,,,,,5,2,,,,,,,seed_plan,/mnt/165d5ea0-c4bf-423a-a83b-e5fb727cf65f/lw/A/V14_cluster_all/V14_cluster_allcase_plans/case_077_5core.json,
case_078,1,ok,5.2186620235443115,2296143,2145252,1.070337191155165,15039360,,,,,,,,,,,,,1,2,,,,,,,seed_plan,/mnt/165d5ea0-c4bf-423a-a83b-e5fb727cf65f/lw/A/V14_cluster_all/V14_cluster_allcase_plans/case_078_1core.json,
case_078,2,ok,0.39447712898254395,2296143,1080972,2.1241466013920807,15039360,,,,,,,,,,,,,2,2,,,,,,,seed_plan,/mnt/165d5ea0-c4bf-423a-a83b-e5fb727cf65f/lw/A/V14_cluster_all/V14_cluster_allcase_plans/case_078_2core.json,
case_078,3,ok,0.628035306930542,2296143,768412,2.9881665044273125,16157568,,,,,,,,,,,,,3,3,,,,,,,seed_plan,/mnt/165d5ea0-c4bf-423a-a83b-e5fb727cf65f/lw/A/V14_cluster_all/V14_cluster_allcase_plans/case_078_3core.json,
case_078,4,ok,0.3881566524505615,2296143,619540,3.706206217516222,15039360,,,,,,,,,,,,,4,2,,,,,,,seed_plan,/mnt/165d5ea0-c4bf-423a-a83b-e5fb727cf65f/lw/A/V14_cluster_all/V14_cluster_allcase_plans/case_078_4core.json,
case_078,5,ok,0.5900821685791016,2296143,535191,4.290324388863041,14779776,,,,,,,,,,,,,5,3,,,,,,,v14_communication,/mnt/165d5ea0-c4bf-423a-a83b-e5fb727cf65f/lw/A/V14_cluster_all/V14_cluster_allcase_plans/case_078_5core.json,
case_079,1,ok,726.238810300827,31052251,29450834,1.0543759473840368,85020672,,,,,,,,,,,,,1,1,,,,,,,seed_plan,/mnt/165d5ea0-c4bf-423a-a83b-e5fb727cf65f/lw/A/V14_cluster_all/V14_cluster_allcase_plans/case_079_1core.json,
case_079,2,ok,8.245431423187256,31052251,14731022,2.1079495366988117,85020672,,,,,,,,,,,,,2,1,,,,,,,seed_plan,/mnt/165d5ea0-c4bf-423a-a83b-e5fb727cf65f/lw/A/V14_cluster_all/V14_cluster_allcase_plans/case_079_2core.json,
case_079,3,ok,7.929674863815308,31052251,9824418,3.1607216834625724,85020672,,,,,,,,,,,,,3,1,,,,,,,seed_plan,/mnt/165d5ea0-c4bf-423a-a83b-e5fb727cf65f/lw/A/V14_cluster_all/V14_cluster_allcase_plans/case_079_3core.json,
case_079,4,ok,12.880956411361694,31052251,7362600,4.217565941379404,55185408,,,,,,,,,,,,,4,1,,,,,,,seed_plan,/mnt/165d5ea0-c4bf-423a-a83b-e5fb727cf65f/lw/A/V14_cluster_all/V14_cluster_allcase_plans/case_079_4core.json,
case_079,5,ok,9.757118463516235,31052251,5908912,5.255155433013726,122007552,,,,,,,,,,,,,5,1,,,,,,,seed_plan,/mnt/165d5ea0-c4bf-423a-a83b-e5fb727cf65f/lw/A/V14_cluster_all/V14_cluster_allcase_plans/case_079_5core.json,
case_080,1,ok,6.8505473136901855,292138,292138,1.0,548864,,,,,,,,,,,,,1,1,,,,,,,seed_plan,/mnt/165d5ea0-c4bf-423a-a83b-e5fb727cf65f/lw/A/V14_cluster_all/V14_cluster_allcase_plans/case_080_1core.json,
case_080,2,ok,0.3881866931915283,292138,145926,2.0019598974822856,2191360,,,,,,,,,,,,,2,1,,,,,,,seed_plan,/mnt/165d5ea0-c4bf-423a-a83b-e5fb727cf65f/lw/A/V14_cluster_all/V14_cluster_allcase_plans/case_080_2core.json,
case_080,3,ok,0.2815878391265869,292138,100325,2.9119162721156244,3047424,,,,,,,,,,,,,3,1,,,,,,,seed_plan,/mnt/165d5ea0-c4bf-423a-a83b-e5fb727cf65f/lw/A/V14_cluster_all/V14_cluster_allcase_plans/case_080_3core.json,
case_080,4,ok,0.27979612350463867,292138,100325,2.9119162721156244,3047424,,,,,,,,,,,,,3,1,,,,,,,seed_plan,/mnt/165d5ea0-c4bf-423a-a83b-e5fb727cf65f/lw/A/V14_cluster_all/V14_cluster_allcase_plans/case_080_4core.json,
case_080,5,ok,0.27916383743286133,292138,100325,2.9119162721156244,3047424,,,,,,,,,,,,,3,1,,,,,,,seed_plan,/mnt/165d5ea0-c4bf-423a-a83b-e5fb727cf65f/lw/A/V14_cluster_all/V14_cluster_allcase_plans/case_080_5core.json,
case_081,1,ok,26.62947177886963,151795,151795,1.0,0,,,,,,,,,,,,,1,1,,,,,,,seed_plan,/mnt/165d5ea0-c4bf-423a-a83b-e5fb727cf65f/lw/A/V14_cluster_all/V14_cluster_allcase_plans/case_081_1core.json,
case_081,2,ok,1.537060022354126,151795,76860,1.9749544626593807,0,,,,,,,,,,,,,2,1,,,,,,,seed_plan,/mnt/165d5ea0-c4bf-423a-a83b-e5fb727cf65f/lw/A/V14_cluster_all/V14_cluster_allcase_plans/case_081_2core.json,
case_081,3,ok,1.0093588829040527,151795,51943,2.9223379473653814,0,,,,,,,,,,,,,3,1,,,,,,,seed_plan,/mnt/165d5ea0-c4bf-423a-a83b-e5fb727cf65f/lw/A/V14_cluster_all/V14_cluster_allcase_plans/case_081_3core.json,
case_081,4,ok,0.85317063331604,151795,39588,3.834369000707285,0,,,,,,,,,,,,,4,1,,,,,,,seed_plan,/mnt/165d5ea0-c4bf-423a-a83b-e5fb727cf65f/lw/A/V14_cluster_all/V14_cluster_allcase_plans/case_081_4core.json,
case_081,5,ok,0.7780330181121826,151795,30943,4.905632937982743,0,,,,,,,,,,,,,5,1,,,,,,,seed_plan,/mnt/165d5ea0-c4bf-423a-a83b-e5fb727cf65f/lw/A/V14_cluster_all/V14_cluster_allcase_plans/case_081_5core.json,
case_082,1,ok,60.20318913459778,721041,721041,1.0,0,,,,,,,,,,,,,1,1,,,,,,,seed_plan,/mnt/165d5ea0-c4bf-423a-a83b-e5fb727cf65f/lw/A/V14_cluster_all/V14_cluster_allcase_plans/case_082_1core.json,
case_082,2,ok,2.272810697555542,721041,410425,1.7568154961320583,3509538,,,,,,,,,,,,,2,2,,,,,,,seed_plan,/mnt/165d5ea0-c4bf-423a-a83b-e5fb727cf65f/lw/A/V14_cluster_all/V14_cluster_allcase_plans/case_082_2core.json,
case_082,3,ok,3.3116302490234375,721041,290196,2.4846689823429684,3283734,,,,,,,,,,,,,3,3,,,,,,,v14_conservative,/mnt/165d5ea0-c4bf-423a-a83b-e5fb727cf65f/lw/A/V14_cluster_all/V14_cluster_allcase_plans/case_082_3core.json,
case_082,4,ok,2.6725709438323975,721041,239569,3.009742495898885,3360370,,,,,,,,,,,,,4,2,,,,,,,v14_conservative,/mnt/165d5ea0-c4bf-423a-a83b-e5fb727cf65f/lw/A/V14_cluster_all/V14_cluster_allcase_plans/case_082_4core.json,
case_082,5,ok,4.837833642959595,721041,221733,3.2518434333184505,4284856,,,,,,,,,,,,,5,3,,,,,,,v14_conservative,/mnt/165d5ea0-c4bf-423a-a83b-e5fb727cf65f/lw/A/V14_cluster_all/V14_cluster_allcase_plans/case_082_5core.json,
case_083,1,ok,27.607046127319336,1057993,893785,1.1837220360601264,27912000,,,,,,,,,,,,,1,2,,,,,,,seed_plan,/mnt/165d5ea0-c4bf-423a-a83b-e5fb727cf65f/lw/A/V14_cluster_all/V14_cluster_allcase_plans/case_083_1core.json,
case_083,2,ok,2.0890917778015137,1057993,465319,2.2736939604873214,3876544,,,,,,,,,,,,,2,3,,,,,,,seed_plan,/mnt/165d5ea0-c4bf-423a-a83b-e5fb727cf65f/lw/A/V14_cluster_all/V14_cluster_allcase_plans/case_083_2core.json,
case_083,3,ok,1.4099674224853516,1057993,328942,3.216351210851761,3641024,,,,,,,,,,,,,3,2,,,,,,,v14_conservative,/mnt/165d5ea0-c4bf-423a-a83b-e5fb727cf65f/lw/A/V14_cluster_all/V14_cluster_allcase_plans/case_083_3core.json,
case_083,4,ok,2.327096462249756,1057993,281918,3.7528394781461274,7348896,,,,,,,,,,,,,4,3,,,,,,,v14_conservative_measured_reassign,/mnt/165d5ea0-c4bf-423a-a83b-e5fb727cf65f/lw/A/V14_cluster_all/V14_cluster_allcase_plans/case_083_4core.json,
case_083,5,ok,2.449861764907837,1057993,253624,4.171501908336751,7406240,,,,,,,,,,,,,5,3,,,,,,,v14_communication,/mnt/165d5ea0-c4bf-423a-a83b-e5fb727cf65f/lw/A/V14_cluster_all/V14_cluster_allcase_plans/case_083_5core.json,
case_084,1,ok,130.83644580841064,2507412,1895476,1.3228402786424096,30190464,,,,,,,,,,,,,1,1,,,,,,,seed_plan,/mnt/165d5ea0-c4bf-423a-a83b-e5fb727cf65f/lw/A/V14_cluster_all/V14_cluster_allcase_plans/case_084_1core.json,
case_084,2,ok,4.1696624755859375,2507412,1027610,2.4400424285477955,30190464,,,,,,,,,,,,,2,1,,,,,,,seed_plan,/mnt/165d5ea0-c4bf-423a-a83b-e5fb727cf65f/lw/A/V14_cluster_all/V14_cluster_allcase_plans/case_084_2core.json,
case_084,3,ok,4.455985069274902,2507412,789536,3.1758045231629715,30190464,,,,,,,,,,,,,3,1,,,,,,,seed_plan,/mnt/165d5ea0-c4bf-423a-a83b-e5fb727cf65f/lw/A/V14_cluster_all/V14_cluster_allcase_plans/case_084_3core.json,
case_084,4,ok,6.919442176818848,2507412,629028,3.986169137144928,0,,,,,,,,,,,,,4,1,,,,,,,seed_plan,/mnt/165d5ea0-c4bf-423a-a83b-e5fb727cf65f/lw/A/V14_cluster_all/V14_cluster_allcase_plans/case_084_4core.json,
case_084,5,ok,5.5498340129852295,2507412,503472,4.98024120507198,0,,,,,,,,,,,,,5,1,,,,,,,seed_plan,/mnt/165d5ea0-c4bf-423a-a83b-e5fb727cf65f/lw/A/V14_cluster_all/V14_cluster_allcase_plans/case_084_5core.json,
case_085,1,ok,921.2519094944,3187899,3187899,1.0,0,,,,,,,,,,,,,1,1,,,,,,,seed_plan,/mnt/165d5ea0-c4bf-423a-a83b-e5fb727cf65f/lw/A/V14_cluster_all/V14_cluster_allcase_plans/case_085_1core.json,
case_085,2,ok,12.799707651138306,3187899,1919341,1.6609341435419762,17998134,,,,,,,,,,,,,2,1,,,,,,,seed_plan,/mnt/165d5ea0-c4bf-423a-a83b-e5fb727cf65f/lw/A/V14_cluster_all/V14_cluster_allcase_plans/case_085_2core.json,
case_085,3,ok,14.905330896377563,3187899,1324620,2.4066517189835577,18237212,,,,,,,,,,,,,3,1,,,,,,,seed_plan,/mnt/165d5ea0-c4bf-423a-a83b-e5fb727cf65f/lw/A/V14_cluster_all/V14_cluster_allcase_plans/case_085_3core.json,
case_085,4,ok,17.415579557418823,3187899,1046072,3.0474948187122877,21513578,,,,,,,,,,,,,4,1,,,,,,,seed_plan,/mnt/165d5ea0-c4bf-423a-a83b-e5fb727cf65f/lw/A/V14_cluster_all/V14_cluster_allcase_plans/case_085_4core.json,
case_085,5,ok,15.434946298599243,3187899,862000,3.698258700696056,18237212,,,,,,,,,,,,,5,1,,,,,,,seed_plan,/mnt/165d5ea0-c4bf-423a-a83b-e5fb727cf65f/lw/A/V14_cluster_all/V14_cluster_allcase_plans/case_085_5core.json,
case_086,1,ok,85.8311619758606,118403,118403,1.0,0,,,,,,,,,,,,,1,1,,,,,,,seed_plan,/mnt/165d5ea0-c4bf-423a-a83b-e5fb727cf65f/lw/A/V14_cluster_all/V14_cluster_allcase_plans/case_086_1core.json,
case_086,2,ok,4.156297922134399,118403,89363,1.3249667088168482,2776392,,,,,,,,,,,,,2,3,,,,,,,seed_plan,/mnt/165d5ea0-c4bf-423a-a83b-e5fb727cf65f/lw/A/V14_cluster_all/V14_cluster_allcase_plans/case_086_2core.json,
case_086,3,ok,4.360092401504517,118403,71334,1.659839627667031,2776392,,,,,,,,,,,,,3,3,,,,,,,seed_plan,/mnt/165d5ea0-c4bf-423a-a83b-e5fb727cf65f/lw/A/V14_cluster_all/V14_cluster_allcase_plans/case_086_3core.json,
case_086,4,ok,4.777187347412109,118403,66466,1.7814070351758795,2809166,,,,,,,,,,,,,4,3,,,,,,,seed_plan,/mnt/165d5ea0-c4bf-423a-a83b-e5fb727cf65f/lw/A/V14_cluster_all/V14_cluster_allcase_plans/case_086_4core.json,
case_086,5,ok,4.873697519302368,118403,65839,1.7983717857197101,2758474,,,,,,,,,,,,,5,3,,,,,,,v14_conservative,/mnt/165d5ea0-c4bf-423a-a83b-e5fb727cf65f/lw/A/V14_cluster_all/V14_cluster_allcase_plans/case_086_5core.json,
case_087,1,ok,1551.150146484375,3974071,3974071,1.0,7902720,,,,,,,,,,,,,1,1,,,,,,,seed_plan,/mnt/165d5ea0-c4bf-423a-a83b-e5fb727cf65f/lw/A/V14_cluster_all/V14_cluster_allcase_plans/case_087_1core.json,
case_087,2,ok,146.64547562599182,3974071,1985234,2.0018148994022873,9999360,,,,,,,,,,,,,2,1,,,,,,,seed_plan,/mnt/165d5ea0-c4bf-423a-a83b-e5fb727cf65f/lw/A/V14_cluster_all/V14_cluster_allcase_plans/case_087_2core.json,
case_087,3,ok,139.72323942184448,3974071,1385253,2.8688412874760063,10722816,,,,,,,,,,,,,3,1,,,,,,,seed_plan,/mnt/165d5ea0-c4bf-423a-a83b-e5fb727cf65f/lw/A/V14_cluster_all/V14_cluster_allcase_plans/case_087_3core.json,
case_087,4,ok,121.69933342933655,3974071,1069661,3.715262125103187,11796480,,,,,,,,,,,,,4,1,,,,,,,seed_plan,/mnt/165d5ea0-c4bf-423a-a83b-e5fb727cf65f/lw/A/V14_cluster_all/V14_cluster_allcase_plans/case_087_4core.json,
case_087,5,ok,113.36865520477295,3974071,888504,4.472766582930409,11773440,,,,,,,,,,,,,5,1,,,,,,,seed_plan,/mnt/165d5ea0-c4bf-423a-a83b-e5fb727cf65f/lw/A/V14_cluster_all/V14_cluster_allcase_plans/case_087_5core.json,
case_088,1,ok,49.361491441726685,243623,243623,1.0,0,,,,,,,,,,,,,1,1,,,,,,,seed_plan,/mnt/165d5ea0-c4bf-423a-a83b-e5fb727cf65f/lw/A/V14_cluster_all/V14_cluster_allcase_plans/case_088_1core.json,
case_088,2,ok,2.1346912384033203,243623,142065,1.7148699538943442,2032510,,,,,,,,,,,,,2,3,,,,,,,v14_conservative,/mnt/165d5ea0-c4bf-423a-a83b-e5fb727cf65f/lw/A/V14_cluster_all/V14_cluster_allcase_plans/case_088_2core.json,
case_088,3,ok,2.341414451599121,243623,103130,2.3622903131969357,2139714,,,,,,,,,,,,,3,3,,,,,,,seed_plan,/mnt/165d5ea0-c4bf-423a-a83b-e5fb727cf65f/lw/A/V14_cluster_all/V14_cluster_allcase_plans/case_088_3core.json,
case_088,4,ok,2.423182249069214,243623,83846,2.905600744221549,2138946,,,,,,,,,,,,,4,3,,,,,,,seed_plan,/mnt/165d5ea0-c4bf-423a-a83b-e5fb727cf65f/lw/A/V14_cluster_all/V14_cluster_allcase_plans/case_088_4core.json,
case_088,5,ok,1.8211772441864014,243623,78534,3.1021341075203095,2124724,,,,,,,,,,,,,5,2,,,,,,,v14_conservative,/mnt/165d5ea0-c4bf-423a-a83b-e5fb727cf65f/lw/A/V14_cluster_all/V14_cluster_allcase_plans/case_088_5core.json,
case_089,1,ok,31.371387243270874,693092,693092,1.0,0,,,,,,,,,,,,,1,1,,,,,,,seed_plan,/mnt/165d5ea0-c4bf-423a-a83b-e5fb727cf65f/lw/A/V14_cluster_all/V14_cluster_allcase_plans/case_089_1core.json,
case_089,2,ok,2.1056649684906006,693092,346832,1.998350786547954,238720,,,,,,,,,,,,,2,1,,,,,,,seed_plan,/mnt/165d5ea0-c4bf-423a-a83b-e5fb727cf65f/lw/A/V14_cluster_all/V14_cluster_allcase_plans/case_089_2core.json,
case_089,3,ok,1.2963752746582031,693092,243614,2.8450417463692563,477440,,,,,,,,,,,,,3,1,,,,,,,seed_plan,/mnt/165d5ea0-c4bf-423a-a83b-e5fb727cf65f/lw/A/V14_cluster_all/V14_cluster_allcase_plans/case_089_3core.json,
case_089,4,ok,1.1161446571350098,693092,178160,3.8902784014369107,716160,,,,,,,,,,,,,4,1,,,,,,,seed_plan,/mnt/165d5ea0-c4bf-423a-a83b-e5fb727cf65f/lw/A/V14_cluster_all/V14_cluster_allcase_plans/case_089_4core.json,
case_089,5,ok,0.9869198799133301,693092,147432,4.701096098540344,954880,,,,,,,,,,,,,5,1,,,,,,,seed_plan,/mnt/165d5ea0-c4bf-423a-a83b-e5fb727cf65f/lw/A/V14_cluster_all/V14_cluster_allcase_plans/case_089_5core.json,
case_090,1,ok,10.482741832733154,1178363,963093,1.2235194316644395,3658944,,,,,,,,,,,,,1,3,,,,,,,v14_conservative,/mnt/165d5ea0-c4bf-423a-a83b-e5fb727cf65f/lw/A/V14_cluster_all/V14_cluster_allcase_plans/case_090_1core.json,
case_090,2,ok,1.0228440761566162,1178363,506285,2.3274697057981175,5437632,,,,,,,,,,,,,2,3,,,,,,,seed_plan,/mnt/165d5ea0-c4bf-423a-a83b-e5fb727cf65f/lw/A/V14_cluster_all/V14_cluster_allcase_plans/case_090_2core.json,
case_090,3,ok,0.757835865020752,1178363,395019,2.98305397968199,5182656,,,,,,,,,,,,,3,2,,,,,,,v14_conservative,/mnt/165d5ea0-c4bf-423a-a83b-e5fb727cf65f/lw/A/V14_cluster_all/V14_cluster_allcase_plans/case_090_3core.json,
case_090,4,ok,0.7559628486633301,1178363,395019,2.98305397968199,5182656,,,,,,,,,,,,,3,2,,,,,,,v14_conservative,/mnt/165d5ea0-c4bf-423a-a83b-e5fb727cf65f/lw/A/V14_cluster_all/V14_cluster_allcase_plans/case_090_4core.json,
case_090,5,ok,0.7377464771270752,1178363,395019,2.98305397968199,5182656,,,,,,,,,,,,,3,2,,,,,,,v14_conservative,/mnt/165d5ea0-c4bf-423a-a83b-e5fb727cf65f/lw/A/V14_cluster_all/V14_cluster_allcase_plans/case_090_5core.json,
case_091,1,ok,2177.3283908367157,9186769,9020367,1.018447364724739,97259008,,,,,,,,,,,,,1,1,,,,,,,seed_plan,/mnt/165d5ea0-c4bf-423a-a83b-e5fb727cf65f/lw/A/V14_cluster_all/V14_cluster_allcase_plans/case_091_1core.json,
case_091,2,ok,25.089386701583862,9186769,4512626,2.035792241590595,97259008,,,,,,,,,,,,,2,1,,,,,,,seed_plan,/mnt/165d5ea0-c4bf-423a-a83b-e5fb727cf65f/lw/A/V14_cluster_all/V14_cluster_allcase_plans/case_091_2core.json,
case_091,3,ok,31.624235153198242,9186769,3018910,3.0430748183947185,97259008,,,,,,,,,,,,,3,1,,,,,,,seed_plan,/mnt/165d5ea0-c4bf-423a-a83b-e5fb727cf65f/lw/A/V14_cluster_all/V14_cluster_allcase_plans/case_091_3core.json,
case_091,4,ok,125.49463987350464,9186769,2297253,3.9990236164671455,83760640,,,,,,,,,,,,,4,1,,,,,,,seed_plan,/mnt/165d5ea0-c4bf-423a-a83b-e5fb727cf65f/lw/A/V14_cluster_all/V14_cluster_allcase_plans/case_091_4core.json,
case_091,5,ok,44.89881229400635,9186769,1860485,4.9378355643824055,95863832,,,,,,,,,,,,,5,1,,,,,,,seed_plan,/mnt/165d5ea0-c4bf-423a-a83b-e5fb727cf65f/lw/A/V14_cluster_all/V14_cluster_allcase_plans/case_091_5core.json,
case_092,1,ok,390.700471162796,4815554,4115359,1.1701419001355653,11602112,,,,,,,,,,,,,1,1,,,,,,,seed_plan,/mnt/165d5ea0-c4bf-423a-a83b-e5fb727cf65f/lw/A/V14_cluster_all/V14_cluster_allcase_plans/case_092_1core.json,
case_092,2,ok,3.745654582977295,4815554,2165742,2.2235123112540642,15746208,,,,,,,,,,,,,2,1,,,,,,,seed_plan,/mnt/165d5ea0-c4bf-423a-a83b-e5fb727cf65f/lw/A/V14_cluster_all/V14_cluster_allcase_plans/case_092_2core.json,
case_092,3,ok,6.517900705337524,4815554,1416984,3.398453334688324,11602112,,,,,,,,,,,,,3,1,,,,,,,seed_plan,/mnt/165d5ea0-c4bf-423a-a83b-e5fb727cf65f/lw/A/V14_cluster_all/V14_cluster_allcase_plans/case_092_3core.json,
case_092,4,ok,4.104618310928345,4815554,1112442,4.328813547133244,15746208,,,,,,,,,,,,,4,1,,,,,,,seed_plan,/mnt/165d5ea0-c4bf-423a-a83b-e5fb727cf65f/lw/A/V14_cluster_all/V14_cluster_allcase_plans/case_092_4core.json,
case_092,5,ok,5.4460129737854,4815554,903465,5.330094690995224,17607008,,,,,,,,,,,,,5,1,,,,,,,seed_plan,/mnt/165d5ea0-c4bf-423a-a83b-e5fb727cf65f/lw/A/V14_cluster_all/V14_cluster_allcase_plans/case_092_5core.json,
case_093,1,ok,2.434938907623291,74205,74205,1.0,0,,,,,,,,,,,,,1,1,,,,,,,seed_plan,/mnt/165d5ea0-c4bf-423a-a83b-e5fb727cf65f/lw/A/V14_cluster_all/V14_cluster_allcase_plans/case_093_1core.json,
case_093,2,ok,0.19318413734436035,74205,37827,1.9616940280751844,8192,,,,,,,,,,,,,2,1,,,,,,,seed_plan,/mnt/165d5ea0-c4bf-423a-a83b-e5fb727cf65f/lw/A/V14_cluster_all/V14_cluster_allcase_plans/case_093_2core.json,
case_093,3,ok,0.1569669246673584,74205,25103,2.956021192686133,16384,,,,,,,,,,,,,3,1,,,,,,,seed_plan,/mnt/165d5ea0-c4bf-423a-a83b-e5fb727cf65f/lw/A/V14_cluster_all/V14_cluster_allcase_plans/case_093_3core.json,
case_093,4,ok,0.16090989112854004,74205,19779,3.751706355225239,24576,,,,,,,,,,,,,4,1,,,,,,,seed_plan,/mnt/165d5ea0-c4bf-423a-a83b-e5fb727cf65f/lw/A/V14_cluster_all/V14_cluster_allcase_plans/case_093_4core.json,
case_093,5,ok,0.16543102264404297,74205,15876,4.674036281179139,32768,,,,,,,,,,,,,5,1,,,,,,,seed_plan,/mnt/165d5ea0-c4bf-423a-a83b-e5fb727cf65f/lw/A/V14_cluster_all/V14_cluster_allcase_plans/case_093_5core.json,
case_094,1,ok,4.576518535614014,94892,94124,1.0081594492371766,373552,,,,,,,,,,,,,1,2,,,,,,,v14_conservative,/mnt/165d5ea0-c4bf-423a-a83b-e5fb727cf65f/lw/A/V14_cluster_all/V14_cluster_allcase_plans/case_094_1core.json,
case_094,2,ok,0.25598883628845215,94892,47889,1.9814988828332185,447568,,,,,,,,,,,,,2,2,,,,,,,seed_plan,/mnt/165d5ea0-c4bf-423a-a83b-e5fb727cf65f/lw/A/V14_cluster_all/V14_cluster_allcase_plans/case_094_2core.json,
case_094,3,ok,0.2662932872772217,94892,32871,2.8867999148185333,447568,,,,,,,,,,,,,3,2,,,,,,,seed_plan,/mnt/165d5ea0-c4bf-423a-a83b-e5fb727cf65f/lw/A/V14_cluster_all/V14_cluster_allcase_plans/case_094_3core.json,
case_094,4,ok,0.2751436233520508,94892,25745,3.6858419110506895,415312,,,,,,,,,,,,,4,2,,,,,,,v14_conservative,/mnt/165d5ea0-c4bf-423a-a83b-e5fb727cf65f/lw/A/V14_cluster_all/V14_cluster_allcase_plans/case_094_4core.json,
case_094,5,ok,0.17405080795288086,94892,22187,4.276918916482625,295200,,,,,,,,,,,,,5,1,,,,,,,seed_plan,/mnt/165d5ea0-c4bf-423a-a83b-e5fb727cf65f/lw/A/V14_cluster_all/V14_cluster_allcase_plans/case_094_5core.json,
case_095,1,ok,31.829253435134888,2084853,1727236,1.207045823500668,47910912,,,,,,,,,,,,,1,3,,,,,,,v14_conservative,/mnt/165d5ea0-c4bf-423a-a83b-e5fb727cf65f/lw/A/V14_cluster_all/V14_cluster_allcase_plans/case_095_1core.json,
case_095,2,ok,2.8366451263427734,2084853,1042890,1.9991111238960964,0,,,,,,,,,,,,,2,1,,,,,,,seed_plan,/mnt/165d5ea0-c4bf-423a-a83b-e5fb727cf65f/lw/A/V14_cluster_all/V14_cluster_allcase_plans/case_095_2core.json,
case_095,3,ok,1.8301405906677246,2084853,695775,2.9964471273040854,0,,,,,,,,,,,,,3,1,,,,,,,seed_plan,/mnt/165d5ea0-c4bf-423a-a83b-e5fb727cf65f/lw/A/V14_cluster_all/V14_cluster_allcase_plans/case_095_3core.json,
case_095,4,ok,1.3779499530792236,2084853,524422,3.9755254356224565,0,,,,,,,,,,,,,4,1,,,,,,,seed_plan,/mnt/165d5ea0-c4bf-423a-a83b-e5fb727cf65f/lw/A/V14_cluster_all/V14_cluster_allcase_plans/case_095_4core.json,
case_095,5,ok,1.1705834865570068,2084853,420852,4.953886401870491,0,,,,,,,,,,,,,5,1,,,,,,,seed_plan,/mnt/165d5ea0-c4bf-423a-a83b-e5fb727cf65f/lw/A/V14_cluster_all/V14_cluster_allcase_plans/case_095_5core.json,
case_096,1,ok,8.27768850326538,84194,84194,1.0,0,,,,,,,,,,,,,1,1,,,,,,,seed_plan,/mnt/165d5ea0-c4bf-423a-a83b-e5fb727cf65f/lw/A/V14_cluster_all/V14_cluster_allcase_plans/case_096_1core.json,
case_096,2,ok,0.3587605953216553,84194,44939,1.8735174347448764,791244,,,,,,,,,,,,,2,2,,,,,,,seed_plan,/mnt/165d5ea0-c4bf-423a-a83b-e5fb727cf65f/lw/A/V14_cluster_all/V14_cluster_allcase_plans/case_096_2core.json,
case_096,3,ok,0.40038585662841797,84194,30996,2.7162859723835333,766716,,,,,,,,,,,,,3,2,,,,,,,seed_plan,/mnt/165d5ea0-c4bf-423a-a83b-e5fb727cf65f/lw/A/V14_cluster_all/V14_cluster_allcase_plans/case_096_3core.json,
case_096,4,ok,0.2977333068847656,84194,26984,3.120145271271865,78336,,,,,,,,,,,,,4,1,,,,,,,seed_plan,/mnt/165d5ea0-c4bf-423a-a83b-e5fb727cf65f/lw/A/V14_cluster_all/V14_cluster_allcase_plans/case_096_4core.json,
case_096,5,ok,0.2927725315093994,84194,26984,3.120145271271865,78336,,,,,,,,,,,,,4,1,,,,,,,seed_plan,/mnt/165d5ea0-c4bf-423a-a83b-e5fb727cf65f/lw/A/V14_cluster_all/V14_cluster_allcase_plans/case_096_5core.json,
case_097,1,ok,120.38611054420471,11491509,10314008,1.1141652207366912,21299200,,,,,,,,,,,,,1,1,,,,,,,seed_plan,/mnt/165d5ea0-c4bf-423a-a83b-e5fb727cf65f/lw/A/V14_cluster_all/V14_cluster_allcase_plans/case_097_1core.json,
case_097,2,ok,1.998654842376709,11491509,5159216,2.2273750507829098,21299200,,,,,,,,,,,,,2,1,,,,,,,seed_plan,/mnt/165d5ea0-c4bf-423a-a83b-e5fb727cf65f/lw/A/V14_cluster_all/V14_cluster_allcase_plans/case_097_2core.json,
case_097,3,ok,4.704468250274658,11491509,3502708,3.2807499226312897,31391744,,,,,,,,,,,,,3,2,,,,,,,seed_plan,/mnt/165d5ea0-c4bf-423a-a83b-e5fb727cf65f/lw/A/V14_cluster_all/V14_cluster_allcase_plans/case_097_3core.json,
case_097,4,ok,1.8827521800994873,11491509,2581820,4.4509334500468665,21299200,,,,,,,,,,,,,4,1,,,,,,,seed_plan,/mnt/165d5ea0-c4bf-423a-a83b-e5fb727cf65f/lw/A/V14_cluster_all/V14_cluster_allcase_plans/case_097_4core.json,
case_097,5,ok,2.1707286834716797,11491509,2101032,5.469459294289663,24707072,,,,,,,,,,,,,5,1,,,,,,,seed_plan,/mnt/165d5ea0-c4bf-423a-a83b-e5fb727cf65f/lw/A/V14_cluster_all/V14_cluster_allcase_plans/case_097_5core.json,
case_098,1,ok,10.041777610778809,177430,177430,1.0,0,,,,,,,,,,,,,1,1,,,,,,,seed_plan,/mnt/165d5ea0-c4bf-423a-a83b-e5fb727cf65f/lw/A/V14_cluster_all/V14_cluster_allcase_plans/case_098_1core.json,
case_098,2,ok,0.34005022048950195,177430,89756,1.9768037791345425,0,,,,,,,,,,,,,2,1,,,,,,,seed_plan,/mnt/165d5ea0-c4bf-423a-a83b-e5fb727cf65f/lw/A/V14_cluster_all/V14_cluster_allcase_plans/case_098_2core.json,
case_098,3,ok,1.1317460536956787,177430,81596,2.1744938477376343,1123828,,,,,,,,,,,,,3,3,,,,,,,seed_plan,/mnt/165d5ea0-c4bf-423a-a83b-e5fb727cf65f/lw/A/V14_cluster_all/V14_cluster_allcase_plans/case_098_3core.json,
case_098,4,ok,0.787165641784668,177430,68196,2.6017654994427826,1099190,,,,,,,,,,,,,4,2,,,,,,,seed_plan,/mnt/165d5ea0-c4bf-423a-a83b-e5fb727cf65f/lw/A/V14_cluster_all/V14_cluster_allcase_plans/case_098_4core.json,
case_098,5,ok,0.800215482711792,177430,59377,2.9881940818835577,1066460,,,,,,,,,,,,,5,2,,,,,,,seed_plan,/mnt/165d5ea0-c4bf-423a-a83b-e5fb727cf65f/lw/A/V14_cluster_all/V14_cluster_allcase_plans/case_098_5core.json,
case_099,1,ok,154.77402305603027,1622999,1603849,1.011940026773094,16035840,,,,,,,,,,,,,1,1,,,,,,,seed_plan,/mnt/165d5ea0-c4bf-423a-a83b-e5fb727cf65f/lw/A/V14_cluster_all/V14_cluster_allcase_plans/case_099_1core.json,
case_099,2,ok,2.410632610321045,1622999,802359,2.0227840654868956,16035840,,,,,,,,,,,,,2,1,,,,,,,seed_plan,/mnt/165d5ea0-c4bf-423a-a83b-e5fb727cf65f/lw/A/V14_cluster_all/V14_cluster_allcase_plans/case_099_2core.json,
case_099,3,ok,2.9807984828948975,1622999,536004,3.027960612234237,16035840,,,,,,,,,,,,,3,1,,,,,,,seed_plan,/mnt/165d5ea0-c4bf-423a-a83b-e5fb727cf65f/lw/A/V14_cluster_all/V14_cluster_allcase_plans/case_099_3core.json,
case_099,4,ok,3.68249773979187,1622999,404906,4.008335267938731,16035840,,,,,,,,,,,,,4,1,,,,,,,seed_plan,/mnt/165d5ea0-c4bf-423a-a83b-e5fb727cf65f/lw/A/V14_cluster_all/V14_cluster_allcase_plans/case_099_4core.json,
case_099,5,ok,7.299997091293335,1622999,338055,4.800990963008978,10616832,,,,,,,,,,,,,5,1,,,,,,,seed_plan,/mnt/165d5ea0-c4bf-423a-a83b-e5fb727cf65f/lw/A/V14_cluster_all/V14_cluster_allcase_plans/case_099_5core.json,
case_100,1,ok,10.81965947151184,151223,149755,1.0098026777069213,947248,,,,,,,,,,,,,1,2,,,,,,,seed_plan,/mnt/165d5ea0-c4bf-423a-a83b-e5fb727cf65f/lw/A/V14_cluster_all/V14_cluster_allcase_plans/case_100_1core.json,
case_100,2,ok,0.4608426094055176,151223,77100,1.9613878080415046,993328,,,,,,,,,,,,,2,2,,,,,,,seed_plan,/mnt/165d5ea0-c4bf-423a-a83b-e5fb727cf65f/lw/A/V14_cluster_all/V14_cluster_allcase_plans/case_100_2core.json,
case_100,3,ok,0.3737359046936035,151223,57811,2.6158170590372074,72192,,,,,,,,,,,,,3,1,,,,,,,seed_plan,/mnt/165d5ea0-c4bf-423a-a83b-e5fb727cf65f/lw/A/V14_cluster_all/V14_cluster_allcase_plans/case_100_3core.json,
case_100,4,ok,0.7416267395019531,151223,54746,2.762265736309502,827532,,,,,,,,,,,,,4,3,,,,,,,v14_conservative,/mnt/165d5ea0-c4bf-423a-a83b-e5fb727cf65f/lw/A/V14_cluster_all/V14_cluster_allcase_plans/case_100_4core.json,
case_100,5,ok,0.6935691833496094,151223,53927,2.804216811615703,925712,,,,,,,,,,,,,5,3,,,,,,,seed_plan,/mnt/165d5ea0-c4bf-423a-a83b-e5fb727cf65f/lw/A/V14_cluster_all/V14_cluster_allcase_plans/case_100_5core.json,
